{"type": "FeatureCollection", "properties": {"system": "chiGRID", "origin": "State & Madison", "aligned": "mile_roads", "edges": "straight_fit", "count": 288}, "features": [{"type": "Feature", "geometry": {"type": "Polygon", "coordinates": [[[-87.82027721481698, 42.01155325490872], [-87.82023852328587, 42.011596322434045], [-87.82020416270451, 42.01164291853652], [-87.82017445299344, 42.01169260937457], [-87.82014967077039, 42.01174493229248], [-87.8201300467748, 42.01179940012808], [-87.82011576371953, 42.01185550574857], [-87.82010695458958, 42.011912726772216], [-87.82010370140397, 42.011970530432144], [-87.82007993334548, 42.01495792950738], [-87.8200824670528, 42.01501799062406], [-87.82009099806461, 42.01507749675187], [-87.8201054407448, 42.01513585055551], [-87.82012565011462, 42.01519246626694], [-87.82015142330809, 42.01524677556548], [-87.82018250160834, 42.01529823328272], [-87.82021857304473, 42.01534632287502], [-87.82025927552438, 42.01539056160871], [-87.82030420046709, 42.015430505405874], [-87.82035289690661, 42.015465753302095], [-87.82040487601762, 42.0154959514714], [-87.8204596160226, 42.01552079677807], [-87.82051656742964, 42.01554003981959], [-87.82057515854824, 42.015553487430154], [-87.82063480122818, 42.01556100461976], [-87.8206948967634, 42.015562515929254], [-87.82122098074237, 42.01554937515803], [-87.82123527939994, 42.01554973407351], [-87.82123590310461, 42.01556402362979], [-87.82121609327578, 42.01863553759095], [-87.82121533779724, 42.01864934798724], [-87.82120154077612, 42.01865031752507], [-87.81299072190211, 42.01883062739873], [-87.8081227591039, 42.01893752803441], [-87.80656804070422, 42.0189716697056], [-87.80655372626133, 42.01897126620696], [-87.80655317510556, 42.01895695668873], [-87.80655432045334, 42.01885855991515], [-87.80663847408071, 42.01162892577683], [-87.8079266558005, 42.01162052143375], [-87.8202918282304, 42.011539848691875], [-87.82027721481698, 42.01155325490872]]]}, "properties": {"chi_id": "10N10W", "chi_ordinate": "\u03c7:10N10W", "name": "Oriole\u2013Howard chi", "label": "OriHow", "name_canon": "Oriole\u2013Howard chi", "label_canon": "OriHow", "center": [-87.813382, 42.015273], "area_sqmi": 0.359, "edge": true, "flag": false}}, {"type": "Feature", "geometry": {"type": "Polygon", "coordinates": [[[-87.69031214098311, 42.0193630245004], [-87.69031691570886, 42.01953227307557], [-87.69000144529767, 42.01953890652794], [-87.68999255388464, 42.01953896168578], [-87.68465901537068, 42.01949300013246], [-87.67655323285996, 42.01942273502812], [-87.67483389048344, 42.01940783088145], [-87.6747747547493, 42.019410237394034], [-87.67471614380489, 42.01941845831567], [-87.67466474000638, 42.019430930657016], [-87.67465862793901, 42.01943241365618], [-87.67460276678526, 42.0194519676291], [-87.67454910387671, 42.019476929972825], [-87.67449816135745, 42.019507057801924], [-87.67445043490187, 42.01954205797042], [-87.67440638889191, 42.01958158992411], [-87.67436645189845, 42.019625269014185], [-87.67433101251136, 42.019672670239906], [-87.67430041555849, 42.01972333238387], [-87.67427495875043, 42.01977676249972], [-87.67425488978377, 42.019832440708505], [-87.67424040393104, 42.01988982525718], [-87.67423164214063, 42.019948357789886], [-87.67422868966541, 42.0200074687808], [-87.67423157523318, 42.02006658307564], [-87.67424027076717, 42.020125125488], [-87.67425469165917, 42.02018252639592], [-87.67427469759288, 42.020238227284366], [-87.67430009390905, 42.020291686179604], [-87.67433063349972, 42.020342382922685], [-87.6743660192124, 42.02038982423057], [-87.67440590674153, 42.02043354849588], [-87.67444990797853, 42.02047313027829], [-87.67623714028569, 42.02192797399056], [-87.67624662555957, 42.02193638772096], [-87.67625452425106, 42.021946247752965], [-87.6770534647562, 42.02303437531211], [-87.67706074359961, 42.02304535844976], [-87.6770475786877, 42.02304590248208], [-87.67081259863164, 42.02300374111357], [-87.67070355609194, 42.02300300376034], [-87.66514675541293, 42.022955127130615], [-87.66513284331896, 42.02295432221762], [-87.66513340554972, 42.02295081619749], [-87.66514334320091, 42.022904198960255], [-87.66514987887219, 42.02284780186163], [-87.66515105472853, 42.02279103950531], [-87.6651468602416, 42.02273442012689], [-87.66513733296776, 42.022678450681774], [-87.66512255821179, 42.02262363230603], [-87.66510266826307, 42.022570455829346], [-87.66507784121109, 42.02251939738026], [-87.66504829935091, 42.02247091412304], [-87.66501430719278, 42.022425440164355], [-87.66497616909378, 42.02238338266636], [-87.66493422653265, 42.02234511820113], [-87.66480959882448, 42.02224178763296], [-87.66479954946278, 42.02223264610022], [-87.66479577869194, 42.022219614159084], [-87.66470004624503, 42.021821807031706], [-87.66468389758948, 42.02176651893925], [-87.66466252196895, 42.021713034033986], [-87.66463611636884, 42.02166184520195], [-87.6646049241279, 42.02161342416985], [-87.66456923269583, 42.021568217158], [-87.66452937098427, 42.02152664076812], [-87.66448570633575, 42.02148907814423], [-87.66445199790091, 42.02146278703383], [-87.66440044583788, 42.02142675910992], [-87.66434540563529, 42.02139632553303], [-87.6642874820667, 42.02137182070278], [-87.66422731158767, 42.02135351387461], [-87.66416555534249, 42.02134160620122], [-87.6641028918996, 42.02133622852236], [-87.66404000979561, 42.02133743992716], [-87.66401552937921, 42.021339198133354], [-87.66401079596989, 42.02132547290659], [-87.66373807267271, 42.02038307318579], [-87.66373479400399, 42.02036924928363], [-87.66374670261743, 42.020358602760446], [-87.66378800524109, 42.0203179205497], [-87.66382518882475, 42.02027344212684], [-87.66385790622357, 42.02022558274107], [-87.66388585198895, 42.020174789206145], [-87.66390876522007, 42.02012153572896], [-87.6639264319997, 42.020066319482346], [-87.66393868739134, 42.0200096559635], [-87.663945416979, 42.01995207418129], [-87.66394655793547, 42.01989411171748], [-87.66394209960883, 42.019836309707856], [-87.66393208362187, 42.01977920779022], [-87.66391660348353, 42.019723339066324], [-87.66389580371592, 42.019669225124865], [-87.66386987850503, 42.019617371171954], [-87.66383906988783, 42.0195682613145], [-87.66380366549264, 42.01952235404063], [-87.6637639958538, 42.019480077939264], [-87.66376190991448, 42.01947824645654], [-87.66372043132586, 42.01944182769878], [-87.66365552003427, 42.019390168193354], [-87.66364487881057, 42.0193808111657], [-87.6636526601929, 42.01936367324688], [-87.66366114818746, 42.01934721202797], [-87.66368259960413, 42.01929343304667], [-87.6636987675675, 42.01923783683215], [-87.66370950152046, 42.01918094109978], [-87.66371470150781, 42.019123275666125], [-87.66371431910694, 42.019065377515226], [-87.66370835787879, 42.01900778579823], [-87.66369687333467, 42.018951036812744], [-87.66367997241937, 42.01889565900879], [-87.66365781251527, 42.018842168067906], [-87.66363059997673, 42.018791062100995], [-87.66359858820857, 42.018742817009965], [-87.66356207530639, 42.018697882056074], [-87.66352140128053, 42.01865667567637], [-87.66329866109795, 42.018451805766325], [-87.66328881864537, 42.01844183438626], [-87.6632951251381, 42.018426030058556], [-87.66331358610111, 42.01837257485299], [-87.66332693221861, 42.01831761898611], [-87.66333504492273, 42.01826165068983], [-87.66333785213962, 42.01820516719055], [-87.66333532892975, 42.018148670291794], [-87.66332749770952, 42.018092661916114], [-87.66331442805203, 42.01803763964598], [-87.66329623606909, 42.01798409230325], [-87.66327308337958, 42.0179324956064], [-87.6632451756737, 42.01788330794424], [-87.66315635947682, 42.01774265478484], [-87.6631496336963, 42.01773083377946], [-87.66315010026678, 42.017717260083266], [-87.66315965390717, 42.0175979560862], [-87.66316140888786, 42.01753622574608], [-87.66315680936755, 42.017474641987974], [-87.66314590407195, 42.01741385720882], [-87.66312880852799, 42.01735451534144], [-87.66310570383989, 42.01729724503293], [-87.66307683477069, 42.01724265298503], [-87.6630425071493, 42.01719131752694], [-87.66300788691724, 42.01714957300855], [-87.66300578644201, 42.0171467669627], [-87.66300627686891, 42.01713939442992], [-87.66300732729378, 42.01708148252032], [-87.66300278877213, 42.017023739170156], [-87.6629927035991, 42.01696670249817], [-87.6629771657599, 42.016910904037445], [-87.66295632005392, 42.016856863782], [-87.66293036074534, 42.01680508534089], [-87.66289952975276, 42.01675605124497], [-87.66286411439471, 42.01671021845016], [-87.66282444471209, 42.016668014078974], [-87.66281160972974, 42.016655616623595], [-87.66280711329541, 42.01664204215795], [-87.66248819227887, 42.015496740507395], [-87.6624678277664, 42.01543625965298], [-87.66244115467394, 42.01537828385409], [-87.66158502574622, 42.013751351278074], [-87.66157876982146, 42.013737857744864], [-87.66157979034062, 42.013723019598935], [-87.661601783735, 42.01353899323789], [-87.66160588208314, 42.01348081054318], [-87.66160431172862, 42.01342250482812], [-87.66159708751141, 42.01336462708536], [-87.6615842777008, 42.01330772426317], [-87.66156600335029, 42.013252334096755], [-87.66154243715364, 42.01319898002665], [-87.66151380181287, 42.01314816625214], [-87.66115496021142, 42.01257808795215], [-87.67052712559253, 42.01251694215876], [-87.69011539862242, 42.01238914453177], [-87.69031214098311, 42.0193630245004]]]}, "properties": {"chi_id": "10N3W", "chi_ordinate": "\u03c7:10N3W", "name": "Damen\u2013Howard chi", "label": "DamHow", "name_canon": "Damen\u2013Howard chi", "label_canon": "DamHow", "center": [-87.676708, 42.017724], "area_sqmi": 0.825, "edge": true, "flag": false}}, {"type": "Feature", "geometry": {"type": "Polygon", "coordinates": [[[-87.69011539862242, 42.01238914453177], [-87.70923688982752, 42.01226439227837], [-87.70902047885767, 42.01912382197785], [-87.70901928842532, 42.0191382809036], [-87.7090048177818, 42.0191393192392], [-87.70046045166353, 42.01931898314328], [-87.69031691570886, 42.01953227307557], [-87.69031214098311, 42.0193630245004], [-87.69011539862242, 42.01238914453177]]]}, "properties": {"chi_id": "10N4W", "chi_ordinate": "\u03c7:10N4W", "name": "California\u2013Howard chi", "label": "CalHow", "name_canon": "California\u2013Howard chi", "label_canon": "CalHow", "center": [-87.699669, 42.015756], "area_sqmi": 0.47, "edge": true, "flag": false}}, {"type": "Feature", "geometry": {"type": "Polygon", "coordinates": [[[-87.7881504281601, 42.011749545312455], [-87.78815789165314, 42.012004698049935], [-87.77984479020616, 42.012000302839276], [-87.77978771010918, 42.0120029938099], [-87.77973114487962, 42.01201110266931], [-87.77967560759224, 42.012024555866134], [-87.77962160199779, 42.012043231373184], [-87.77956961795385, 42.012066959794346], [-87.77952012698152, 42.012095525901046], [-87.7794735779885, 42.01212867058452], [-87.77943039319725, 42.01216609320601], [-87.77939096431528, 42.01220745432377], [-87.77935564898216, 42.01225237877192], [-87.77932476752548, 42.0123004590634], [-87.7792986000554, 42.012351259086074], [-87.77927738392385, 42.01240431805852], [-87.7792613115717, 42.012459154709504], [-87.77925052878317, 42.012515271643366], [-87.77924513336349, 42.01257215985164], [-87.77911068198472, 42.01543547625133], [-87.77910935857554, 42.01544930950464], [-87.779095465442, 42.01544961141191], [-87.7769926964266, 42.015393392915726], [-87.77697870340664, 42.01539233126591], [-87.776978349838, 42.01537830248477], [-87.77704447309505, 42.012600309352365], [-87.77704293557628, 42.01254079934361], [-87.77703550852328, 42.01248173459956], [-87.77702226504725, 42.01242369654783], [-87.7770033355157, 42.01236725650937], [-87.77697890626908, 42.01231297007446], [-87.77694921778652, 42.01226137163349], [-87.77691456231861, 42.012212969116526], [-87.77687528101036, 42.01216823899324], [-87.7768317605432, 42.01212762158264], [-87.77678442932839, 42.01209151671857], [-87.77673375328979, 42.01206027981382], [-87.77668023127744, 42.01203421836145], [-87.77662439015683, 42.01201358890787], [-87.77656677962254, 42.01199859452742], [-87.7765079667871, 42.01198938282333], [-87.77644853059833, 42.01198604447472], [-87.77336980895451, 42.01196609595435], [-87.77335543318367, 42.011965292468375], [-87.77334818077756, 42.01195285418123], [-87.7732929995223, 42.011846478008884], [-87.7881504281601, 42.011749545312455]]]}, "properties": {"chi_id": "10N8W", "chi_ordinate": "\u03c7:10N8W", "name": "Meade\u2013Howard chi", "label": "MeaHow", "name_canon": "Austin\u2013Howard chi", "label_canon": "AusHow", "center": [-87.778095, 42.013989], "area_sqmi": 0.037, "edge": true, "flag": false}}, {"type": "Feature", "geometry": {"type": "Polygon", "coordinates": [[[-87.6241395465883, 41.73627006429808], [-87.62451320409961, 41.7508765894158], [-87.60520954313164, 41.751179297705], [-87.6048642680013, 41.73654378156749], [-87.6241395465883, 41.73627006429808]]]}, "properties": {"chi_id": "10S1E", "chi_ordinate": "\u03c7:10S1E", "name": "Vernon\u201383rd chi", "label": "Ver83", "name_canon": "Martin Luther King\u201383rd chi", "label_canon": "Mar83", "center": [-87.614682, 41.74371], "area_sqmi": 1.0, "edge": false, "flag": false}}, {"type": "Feature", "geometry": {"type": "Polygon", "coordinates": [[[-87.62451320409961, 41.7508765894158], [-87.6241395465883, 41.73627006429808], [-87.64345018186965, 41.73599584494837], [-87.64384899201434, 41.750573377331335], [-87.62451320409961, 41.7508765894158]]]}, "properties": {"chi_id": "10S1W", "chi_ordinate": "\u03c7:10S1W", "name": "Eggleston\u201383rd chi", "label": "Egg83", "name_canon": "River\u201383rd chi", "label_canon": "Riv83", "center": [-87.633988, 41.743422], "area_sqmi": 1.0, "edge": false, "flag": false}}, {"type": "Feature", "geometry": {"type": "Polygon", "coordinates": [[[-87.6048642680013, 41.73654378156749], [-87.60520954313164, 41.751179297705], [-87.58567353084122, 41.75148564958655], [-87.58521644988788, 41.73682278905885], [-87.6048642680013, 41.73654378156749]]]}, "properties": {"chi_id": "10S2E", "chi_ordinate": "\u03c7:10S2E", "name": "Woodlawn\u201383rd chi", "label": "Woo83", "name_canon": "Woodlawn\u201383rd chi", "label_canon": "Woo83", "center": [-87.59524, 41.744001], "area_sqmi": 1.018, "edge": false, "flag": false}}, {"type": "Feature", "geometry": {"type": "Polygon", "coordinates": [[[-87.64384899201434, 41.750573377331335], [-87.64345018186965, 41.73599584494837], [-87.66299207718876, 41.73571834160638], [-87.6633881220689, 41.750266976558905], [-87.64384899201434, 41.750573377331335]]]}, "properties": {"chi_id": "10S2W", "chi_ordinate": "\u03c7:10S2W", "name": "Racine\u201383rd chi", "label": "Rac83", "name_canon": "Racine\u201383rd chi", "label_canon": "Rac83", "center": [-87.65342, 41.743131], "area_sqmi": 1.009, "edge": false, "flag": false}}, {"type": "Feature", "geometry": {"type": "Polygon", "coordinates": [[[-87.58521644988788, 41.73682278905885], [-87.58567353084122, 41.75148564958655], [-87.5662556761277, 41.75179014859272], [-87.56571288778795, 41.73709974805259], [-87.58521644988788, 41.73682278905885]]]}, "properties": {"chi_id": "10S3E", "chi_ordinate": "\u03c7:10S3E", "name": "Jeffery\u201383rd chi", "label": "Jef83", "name_canon": "Jeffery\u201383rd chi", "label_canon": "Jef83", "center": [-87.575714, 41.744293], "area_sqmi": 1.013, "edge": false, "flag": false}}, {"type": "Feature", "geometry": {"type": "Polygon", "coordinates": [[[-87.6633881220689, 41.750266976558905], [-87.66299207718876, 41.73571834160638], [-87.68230241404616, 41.735444126494414], [-87.68271203745444, 41.74996395065223], [-87.6633881220689, 41.750266976558905]]]}, "properties": {"chi_id": "10S3W", "chi_ordinate": "\u03c7:10S3W", "name": "Damen\u201383rd chi", "label": "Dam83", "name_canon": "Damen\u201383rd chi", "label_canon": "Dam83", "center": [-87.672849, 41.742841], "area_sqmi": 0.996, "edge": false, "flag": false}}, {"type": "Feature", "geometry": {"type": "Polygon", "coordinates": [[[-87.56571288778795, 41.73709974805259], [-87.5662556761277, 41.75179014859272], [-87.54574802171233, 41.75211173717604], [-87.54555867341472, 41.73738594658925], [-87.56571288778795, 41.73709974805259]]]}, "properties": {"chi_id": "10S4E", "chi_ordinate": "\u03c7:10S4E", "name": "Burnham\u201383rd chi", "label": "Bur83", "name_canon": "Burnham\u201383rd chi", "label_canon": "Bur83", "center": [-87.55582, 41.744588], "area_sqmi": 1.06, "edge": false, "flag": false}}, {"type": "Feature", "geometry": {"type": "Polygon", "coordinates": [[[-87.68271203745444, 41.74996395065223], [-87.68230241404616, 41.735444126494414], [-87.68285156315355, 41.735436328340235], [-87.68288205219966, 41.735449988855535], [-87.68293736640656, 41.73546856168319], [-87.68299422309481, 41.73548167383085], [-87.68305208455622, 41.735489201293596], [-87.6831104035803, 41.73549107288232], [-87.70205390497742, 41.73517729911939], [-87.7024471656207, 41.74965447635643], [-87.68271203745444, 41.74996395065223]]]}, "properties": {"chi_id": "10S4W", "chi_ordinate": "\u03c7:10S4W", "name": "California\u201383rd chi", "label": "Cal83", "name_canon": "California\u201383rd chi", "label_canon": "Cal83", "center": [-87.692379, 41.742573], "area_sqmi": 1.013, "edge": true, "flag": false}}, {"type": "Feature", "geometry": {"type": "Polygon", "coordinates": [[[-87.54555867341472, 41.73738594658925], [-87.54574802171233, 41.75211173717604], [-87.54333930830764, 41.752149509156965], [-87.54331722161535, 41.7521288021136], [-87.54327252685836, 41.75209419156106], [-87.54322477326122, 41.752063940848494], [-87.543174384705, 41.752038318493966], [-87.54312180845973, 41.752017551932276], [-87.54306751121432, 41.752001825496194], [-87.543011974934, 41.75199127878018], [-87.54295569258218, 41.75198600540133], [-87.54051179433267, 41.751872778091766], [-87.54049520154565, 41.75187107430081], [-87.54047940233309, 41.751865725621464], [-87.53096828799958, 41.74803974754663], [-87.53095468898238, 41.748033448412535], [-87.53095151822696, 41.74801880059113], [-87.52996701226647, 41.741989277182995], [-87.52995432446802, 41.741930356882335], [-87.52993578951956, 41.74187300674942], [-87.52991159444808, 41.7418178054761], [-87.5298819833941, 41.741765310071145], [-87.52984725514813, 41.74171605023973], [-87.52980776013572, 41.741670523038465], [-87.52976389688155, 41.74162918785984], [-87.52971610798801, 41.74159246179671], [-87.5296648756692, 41.74156071543362], [-87.52961071688513, 41.74153426910744], [-87.52955417812534, 41.741513389674964], [-87.52949582989449, 41.74149828782023], [-87.52943626095575, 41.74148911592859], [-87.52937607238982, 41.741485966549064], [-87.52534792508573, 41.74147778681483], [-87.52534819851098, 41.741453443290375], [-87.52929347209641, 41.74135233838101], [-87.5293508915455, 41.74134810355576], [-87.5294076407301, 41.74133838466049], [-87.52946319709635, 41.741323271188065], [-87.52951704907396, 41.74130290230531], [-87.52956870078694, 41.741277465571535], [-87.52961767661958, 41.74124719521151], [-87.52966352559604, 41.741212369958646], [-87.52970582553296, 41.74117331048841], [-87.52974418692702, 41.74113037646549], [-87.5297782565415, 41.74108396323196], [-87.52980772065898, 41.74103449816691], [-87.52983230797001, 41.74098243675112], [-87.52985179207143, 41.74092825837286], [-87.5298659935511, 41.74087246191371], [-87.52987478163993, 41.740815561154726], [-87.52987807541608, 41.7407580800455], [-87.52987584455, 41.740700547879584], [-87.52986810958384, 41.740643494420645], [-87.52985995185902, 41.740599353845134], [-87.52946921321129, 41.737614423863555], [-87.54555867341472, 41.73738594658925]]]}, "properties": {"chi_id": "10S5E", "chi_ordinate": "\u03c7:10S5E", "name": "Green Bay\u201383rd chi", "label": "Gre83", "name_canon": "Avenue L\u201383rd chi", "label_canon": "L83", "center": [-87.538058, 41.745004], "area_sqmi": 0.719, "edge": true, "flag": false}}, {"type": "Feature", "geometry": {"type": "Polygon", "coordinates": [[[-87.7024471656207, 41.74965447635643], [-87.70205390497742, 41.73517729911939], [-87.70783087479494, 41.7350816113413], [-87.72157458353746, 41.73488644474946], [-87.72197548951993, 41.74934824503958], [-87.7024471656207, 41.74965447635643]]]}, "properties": {"chi_id": "10S5W", "chi_ordinate": "\u03c7:10S5W", "name": "Central Park\u201383rd chi", "label": "Cen83", "name_canon": "Central Park\u201383rd chi", "label_canon": "Cen83", "center": [-87.712013, 41.742263], "area_sqmi": 1.002, "edge": true, "flag": false}}, {"type": "Feature", "geometry": {"type": "Polygon", "coordinates": [[[-87.52534819851098, 41.741453443290375], [-87.52534792508573, 41.74147778681483], [-87.52448259944754, 41.741476029646286], [-87.52447937100686, 41.741475865869376], [-87.52448259468602, 41.741475625984265], [-87.52534819851098, 41.741453443290375]]]}, "properties": {"chi_id": "10S6E", "chi_ordinate": "\u03c7:10S6E", "name": "\u03c7:10S6E chi", "label": "\u03c7:10S6E", "name_canon": "\u03c7:10S6E chi", "label_canon": "\u03c7:10S6E", "center": [-87.525132, 41.741465], "area_sqmi": 0.0, "edge": true, "flag": false}}, {"type": "Feature", "geometry": {"type": "Polygon", "coordinates": [[[-87.72157458353746, 41.73488644474946], [-87.74091205593156, 41.73461184430118], [-87.74096462973473, 41.73641102341672], [-87.740939586679, 41.73684547405763], [-87.74093894446126, 41.73690055545407], [-87.74121014906659, 41.744813178628156], [-87.74135517198498, 41.74904434462742], [-87.74133379773953, 41.74904467980536], [-87.72197548951993, 41.74934824503958], [-87.72157458353746, 41.73488644474946]]]}, "properties": {"chi_id": "10S6W", "chi_ordinate": "\u03c7:10S6W", "name": "Kostner\u201383rd chi", "label": "Kos83", "name_canon": "Kostner\u201383rd chi", "label_canon": "Kos83", "center": [-87.731407, 41.740857], "area_sqmi": 0.991, "edge": true, "flag": false}}, {"type": "Feature", "geometry": {"type": "Polygon", "coordinates": [[[-87.62376624509122, 41.72167745601809], [-87.6241395465883, 41.73627006429808], [-87.6048642680013, 41.73654378156749], [-87.60452009017627, 41.72195477798893], [-87.62376624509122, 41.72167745601809]]]}, "properties": {"chi_id": "11S1E", "chi_ordinate": "\u03c7:11S1E", "name": "Vernon\u201391st chi", "label": "Ver91", "name_canon": "Martin Luther King\u201391st chi", "label_canon": "Mar91", "center": [-87.614323, 41.729112], "area_sqmi": 0.997, "edge": false, "flag": false}}, {"type": "Feature", "geometry": {"type": "Polygon", "coordinates": [[[-87.6241395465883, 41.73627006429808], [-87.62376624509122, 41.72167745601809], [-87.64305085923871, 41.721399579879936], [-87.64345018186965, 41.73599584494837], [-87.6241395465883, 41.73627006429808]]]}, "properties": {"chi_id": "11S1W", "chi_ordinate": "\u03c7:11S1W", "name": "Eggleston\u201391st chi", "label": "Egg91", "name_canon": "River\u201391st chi", "label_canon": "Riv91", "center": [-87.633602, 41.728837], "area_sqmi": 0.999, "edge": false, "flag": false}}, {"type": "Feature", "geometry": {"type": "Polygon", "coordinates": [[[-87.60452009017627, 41.72195477798893], [-87.6048642680013, 41.73654378156749], [-87.58521644988788, 41.73682278905885], [-87.58476184872886, 41.72223947872435], [-87.60452009017627, 41.72195477798893]]]}, "properties": {"chi_id": "11S2E", "chi_ordinate": "\u03c7:11S2E", "name": "Woodlawn\u201391st chi", "label": "Woo91", "name_canon": "Woodlawn\u201391st chi", "label_canon": "Woo91", "center": [-87.59484, 41.729392], "area_sqmi": 1.019, "edge": false, "flag": false}}, {"type": "Feature", "geometry": {"type": "Polygon", "coordinates": [[[-87.64345018186965, 41.73599584494837], [-87.64305085923871, 41.721399579879936], [-87.66259462391528, 41.721117969586274], [-87.66299207718876, 41.73571834160638], [-87.64345018186965, 41.73599584494837]]]}, "properties": {"chi_id": "11S2W", "chi_ordinate": "\u03c7:11S2W", "name": "Racine\u201391st chi", "label": "Rac91", "name_canon": "Racine\u201391st chi", "label_canon": "Rac91", "center": [-87.653022, 41.728559], "area_sqmi": 1.012, "edge": false, "flag": false}}, {"type": "Feature", "geometry": {"type": "Polygon", "coordinates": [[[-87.58476184872886, 41.72223947872435], [-87.58521644988788, 41.73682278905885], [-87.56571288778795, 41.73709974805259], [-87.56517425146623, 41.72252172061114], [-87.58476184872886, 41.72223947872435]]]}, "properties": {"chi_id": "11S3E", "chi_ordinate": "\u03c7:11S3E", "name": "Jeffery\u201391st chi", "label": "Jef91", "name_canon": "Jeffery\u201391st chi", "label_canon": "Jef91", "center": [-87.575216, 41.729672], "area_sqmi": 1.011, "edge": false, "flag": false}}, {"type": "Feature", "geometry": {"type": "Polygon", "coordinates": [[[-87.6820676103896, 41.72083737915089], [-87.6825007507626, 41.73490961430091], [-87.68250537959341, 41.73496777945662], [-87.68251563631453, 41.73502521995701], [-87.68253142392555, 41.73508139257269], [-87.68255259311901, 41.73513576606496], [-87.68257894369248, 41.735187826209895], [-87.6826102264419, 41.7352370806615], [-87.68264614551835, 41.7352830636079], [-87.682686361226, 41.735325340176715], [-87.68273049323473, 41.735363510547685], [-87.68277812417688, 41.73539721373392], [-87.68282880359456, 41.73542613099583], [-87.68285156315355, 41.735436328340235], [-87.68230241404616, 41.735444126494414], [-87.66299207718876, 41.73571834160638], [-87.66259462391528, 41.721117969586274], [-87.68189041045235, 41.720839932462766], [-87.6820676103896, 41.72083737915089]]]}, "properties": {"chi_id": "11S3W", "chi_ordinate": "\u03c7:11S3W", "name": "Damen\u201391st chi", "label": "Dam91", "name_canon": "Damen\u201391st chi", "label_canon": "Dam91", "center": [-87.672535, 41.728014], "area_sqmi": 1.01, "edge": true, "flag": false}}, {"type": "Feature", "geometry": {"type": "Polygon", "coordinates": [[[-87.56517425146623, 41.72252172061114], [-87.56571288778795, 41.73709974805259], [-87.54555867341472, 41.73738594658925], [-87.54537121413713, 41.72280706682002], [-87.56517425146623, 41.72252172061114]]]}, "properties": {"chi_id": "11S4E", "chi_ordinate": "\u03c7:11S4E", "name": "Muskegon\u201391st chi", "label": "Mus91", "name_canon": "Burnham\u201391st chi", "label_canon": "Bur91", "center": [-87.555456, 41.729953], "area_sqmi": 1.033, "edge": false, "flag": false}}, {"type": "Feature", "geometry": {"type": "Polygon", "coordinates": [[[-87.54537121413713, 41.72280706682002], [-87.54555867341472, 41.73738594658925], [-87.52946921321129, 41.737614423863555], [-87.5289659861802, 41.73377017282425], [-87.52896479034217, 41.73375509916517], [-87.52896967310457, 41.733740788195384], [-87.52925477402381, 41.733026576336265], [-87.52925911393666, 41.733015380234264], [-87.52931859232717, 41.73285726072696], [-87.52933677293333, 41.73280052833515], [-87.52934923787899, 41.7327422726586], [-87.52935586427712, 41.73268306801715], [-87.52935658680067, 41.73262349808614], [-87.52935139832658, 41.73256415014214], [-87.52934035000598, 41.73250560927323], [-87.5293235507599, 41.73244845261087], [-87.52930116620553, 41.73239324364016], [-87.5292734170234, 41.732340526644684], [-87.52924057678183, 41.732290821340605], [-87.52920296923985, 41.732244617753004], [-87.52916096515546, 41.73220237138493], [-87.52911497863045, 41.732164498726746], [-87.5290654630279, 41.73213137315012], [-87.52901290650276, 41.73210332122711], [-87.52895782718913, 41.73208061951062], [-87.52890076809237, 41.73206349180797], [-87.52884229173573, 41.73205210697445], [-87.52545925020371, 41.73156631898586], [-87.52555442647223, 41.72309261116044], [-87.54537121413713, 41.72280706682002]]]}, "properties": {"chi_id": "11S5E", "chi_ordinate": "\u03c7:11S5E", "name": "Ewing\u201393rd chi", "label": "Ewi93", "name_canon": "Avenue L\u201391st chi", "label_canon": "L91", "center": [-87.535468, 41.727329], "area_sqmi": 0.955, "edge": true, "flag": false}}, {"type": "Feature", "geometry": {"type": "Polygon", "coordinates": [[[-87.7215736835614, 41.73485398009566], [-87.72157458353746, 41.73488644474946], [-87.70783087479494, 41.7350816113413], [-87.7215736835614, 41.73485398009566]]]}, "properties": {"chi_id": "11S5W", "chi_ordinate": "\u03c7:11S5W", "name": "Central Park\u201383rd chi", "label": "Cen83", "name_canon": "Central Park\u201391st chi", "label_canon": "Cen91", "center": [-87.714213, 41.734984], "area_sqmi": 0.001, "edge": true, "flag": false}}, {"type": "Feature", "geometry": {"type": "Polygon", "coordinates": [[[-87.52555442647223, 41.72309261116044], [-87.52545925020371, 41.73156631898586], [-87.5252840989665, 41.731541168136715], [-87.52526930584963, 41.731538270086205], [-87.52525686564381, 41.731529756786074], [-87.52470587767725, 41.731110047691544], [-87.52469471758705, 41.73110063369953], [-87.52469363961339, 41.73108607317651], [-87.52450101548415, 41.72310778998512], [-87.52555442647223, 41.72309261116044]]]}, "properties": {"chi_id": "11S6E", "chi_ordinate": "\u03c7:11S6E", "name": "Ewing\u201398th chi", "label": "Ewi98", "name_canon": "\u03c7:11S6E chi", "label_canon": "\u03c7:11S6E", "center": [-87.525053, 41.727097], "area_sqmi": 0.027, "edge": true, "flag": false}}, {"type": "Feature", "geometry": {"type": "Polygon", "coordinates": [[[-87.7410584850022, 41.73453124042152], [-87.74107229165053, 41.734531679874955], [-87.74107216458341, 41.73454549293062], [-87.74106846792067, 41.73460962318347], [-87.74096462973473, 41.73641102341672], [-87.74091205593156, 41.73461184430118], [-87.72157458353746, 41.73488644474946], [-87.7215736835614, 41.73485398009566], [-87.74090977258383, 41.73453370364382], [-87.7410584850022, 41.73453124042152]]]}, "properties": {"chi_id": "11S6W", "chi_ordinate": "\u03c7:11S6W", "name": "Kostner\u201383rd chi", "label": "Kos83", "name_canon": "Kostner\u201391st chi", "label_canon": "Kos91", "center": [-87.740975, 41.735649], "area_sqmi": 0.004, "edge": true, "flag": false}}, {"type": "Feature", "geometry": {"type": "Polygon", "coordinates": [[[-87.62339313101003, 41.707092173951814], [-87.62376624509122, 41.72167745601809], [-87.60452009017627, 41.72195477798893], [-87.60417536073419, 41.70734239247638], [-87.62339313101003, 41.707092173951814]]]}, "properties": {"chi_id": "12S1E", "chi_ordinate": "\u03c7:12S1E", "name": "Vernon\u201399th chi", "label": "Ver99", "name_canon": "Martin Luther King\u201399th chi", "label_canon": "Mar99", "center": [-87.613964, 41.71451], "area_sqmi": 0.996, "edge": false, "flag": false}}, {"type": "Feature", "geometry": {"type": "Polygon", "coordinates": [[[-87.62376624509122, 41.72167745601809], [-87.62339313101003, 41.707092173951814], [-87.64265257888674, 41.70684141277804], [-87.64305085923871, 41.721399579879936], [-87.62376624509122, 41.72167745601809]]]}, "properties": {"chi_id": "12S1W", "chi_ordinate": "\u03c7:12S1W", "name": "Eggleston\u201399th chi", "label": "Egg99", "name_canon": "River\u201399th chi", "label_canon": "Riv99", "center": [-87.633216, 41.714246], "area_sqmi": 0.996, "edge": false, "flag": false}}, {"type": "Feature", "geometry": {"type": "Polygon", "coordinates": [[[-87.60417536073419, 41.70734239247638], [-87.60452009017627, 41.72195477798893], [-87.58476184872886, 41.72223947872435], [-87.5843055309682, 41.707601100922574], [-87.60417536073419, 41.70734239247638]]]}, "properties": {"chi_id": "12S2E", "chi_ordinate": "\u03c7:12S2E", "name": "Woodlawn\u201399th chi", "label": "Woo99", "name_canon": "Woodlawn\u201399th chi", "label_canon": "Woo99", "center": [-87.59444, 41.714778], "area_sqmi": 1.028, "edge": false, "flag": false}}, {"type": "Feature", "geometry": {"type": "Polygon", "coordinates": [[[-87.64305085923871, 41.721399579879936], [-87.64265257888674, 41.70684141277804], [-87.66219905759432, 41.706586914415716], [-87.66259462391528, 41.721117969586274], [-87.64305085923871, 41.721399579879936]]]}, "properties": {"chi_id": "12S2W", "chi_ordinate": "\u03c7:12S2W", "name": "Racine\u201399th chi", "label": "Rac99", "name_canon": "Racine\u201399th chi", "label_canon": "Rac99", "center": [-87.652624, 41.71398], "area_sqmi": 1.008, "edge": false, "flag": false}}, {"type": "Feature", "geometry": {"type": "Polygon", "coordinates": [[[-87.5843055309682, 41.707601100922574], [-87.58476184872886, 41.72223947872435], [-87.56517425146623, 41.72252172061114], [-87.56463242112629, 41.707857248043055], [-87.5843055309682, 41.707601100922574]]]}, "properties": {"chi_id": "12S3E", "chi_ordinate": "\u03c7:12S3E", "name": "Jeffery\u201399th chi", "label": "Jef99", "name_canon": "Jeffery\u201399th chi", "label_canon": "Jef99", "center": [-87.574718, 41.715048], "area_sqmi": 1.02, "edge": false, "flag": false}}, {"type": "Feature", "geometry": {"type": "Polygon", "coordinates": [[[-87.66259462391528, 41.721117969586274], [-87.66219905759432, 41.706586914415716], [-87.68148123134536, 41.70633585734733], [-87.68189041045235, 41.720839932462766], [-87.66259462391528, 41.721117969586274]]]}, "properties": {"chi_id": "12S3W", "chi_ordinate": "\u03c7:12S3W", "name": "Damen\u201399th chi", "label": "Dam99", "name_canon": "Damen\u201399th chi", "label_canon": "Dam99", "center": [-87.672041, 41.713713], "area_sqmi": 0.993, "edge": false, "flag": false}}, {"type": "Feature", "geometry": {"type": "Polygon", "coordinates": [[[-87.56463242112629, 41.707857248043055], [-87.56517425146623, 41.72252172061114], [-87.54537121413713, 41.72280706682002], [-87.54518224151136, 41.70811049257538], [-87.56463242112629, 41.707857248043055]]]}, "properties": {"chi_id": "12S4E", "chi_ordinate": "\u03c7:12S4E", "name": "Muskegon\u201399th chi", "label": "Mus99", "name_canon": "Burnham\u201399th chi", "label_canon": "Bur99", "center": [-87.555091, 41.715316], "area_sqmi": 1.022, "edge": false, "flag": false}}, {"type": "Feature", "geometry": {"type": "Polygon", "coordinates": [[[-87.68189041045235, 41.720839932462766], [-87.68148123134536, 41.70633585734733], [-87.70126345425405, 41.7060782895568], [-87.7012901677859, 41.70706169977536], [-87.69646715227121, 41.70715295927543], [-87.69213784363106, 41.70720380466992], [-87.69207827942081, 41.70720747221245], [-87.69201937416247, 41.70721703864072], [-87.69196171058383, 41.70723240931761], [-87.69190585912919, 41.70725343218675], [-87.69185237231625, 41.7072798992767], [-87.6918017792701, 41.7073115487584], [-87.69175458048893, 41.70734806753531], [-87.69171124289272, 41.70738909434075], [-87.69167219520418, 41.707434223311814], [-87.69163782370755, 41.707483008004395], [-87.69160846842725, 41.70753496580967], [-87.69158441976417, 41.707589582728424], [-87.69156591562275, 41.7076463184558], [-87.69155313905759, 41.70770461172636], [-87.69154621646248, 41.707763885866484], [-87.69154521632011, 41.707823554499164], [-87.69173450694883, 41.71355906055004], [-87.69173426739981, 41.71357329803234], [-87.6917200531205, 41.71357414511534], [-87.68245974307601, 41.713664051038094], [-87.6824001784487, 41.713667596571646], [-87.6823412605455, 41.713677040951794], [-87.68228357208339, 41.71369229077059], [-87.6822276836198, 41.71371319520243], [-87.68217414790956, 41.71373954749576], [-87.68212349443807, 41.713771087017946], [-87.68207622418441, 41.71380750183297], [-87.68203280466659, 41.71384843178662], [-87.68199366531758, 41.71389347206852], [-87.68195919323811, 41.71394217721579], [-87.68192972936812, 41.713994065518904], [-87.68190556511476, 41.71404862378586], [-87.68188693947025, 41.71410531241788], [-87.6818740366482, 41.71416357074619], [-87.68186698426165, 41.71422282257719], [-87.68186585206097, 41.71428248189127], [-87.6820676103896, 41.72083737915089], [-87.68189041045235, 41.720839932462766]]]}, "properties": {"chi_id": "12S4W", "chi_ordinate": "\u03c7:12S4W", "name": "California\u201399th chi", "label": "Cal99", "name_canon": "California\u201399th chi", "label_canon": "Cal99", "center": [-87.686622, 41.710691], "area_sqmi": 0.301, "edge": true, "flag": false}}, {"type": "Feature", "geometry": {"type": "Polygon", "coordinates": [[[-87.54518224151136, 41.70811049257538], [-87.54537121413713, 41.72280706682002], [-87.52555442647223, 41.72309261116044], [-87.52559294414478, 41.719663316143624], [-87.52560197845017, 41.7195687864604], [-87.52560467828926, 41.71950660313661], [-87.52560092160351, 41.71944447470349], [-87.52559575261004, 41.719413273623125], [-87.52561893096696, 41.71734966441249], [-87.52573088521753, 41.71734366686335], [-87.52578831998194, 41.717337808457266], [-87.52584492581481, 41.71732645712384], [-87.52590017862896, 41.7173097179598], [-87.5264124307463, 41.71712719134327], [-87.52642055347242, 41.717124760764555], [-87.5264698526777, 41.71710763982246], [-87.52651747764206, 41.717086299694316], [-87.52656306806435, 41.7170609018264], [-87.52660627903552, 41.71703163836333], [-87.52678429293768, 41.71689943686246], [-87.52679731261816, 41.71689079410496], [-87.52681273000424, 41.7168882419407], [-87.5271607371758, 41.71684934702153], [-87.52721771284872, 41.716840186758766], [-87.5272735449935, 41.71682559534592], [-87.52732771714143, 41.716805707759136], [-87.52737972817943, 41.71678070796621], [-87.52742909698547, 41.716750827224786], [-87.52809612932629, 41.71630190624289], [-87.52814546904149, 41.71626487739619], [-87.52819074588072, 41.7162229781025], [-87.52823148122468, 41.716176651277266], [-87.52826724446196, 41.71612638663917], [-87.52852813326518, 41.71571663775411], [-87.52855851978902, 41.71566301969076], [-87.52858324582742, 41.71560656740494], [-87.52860205050435, 41.715547876505525], [-87.52861473541806, 41.715487566220226], [-87.52862116673435, 41.71542627286235], [-87.52862127659859, 41.71536464311727], [-87.52861506385163, 41.715303327219466], [-87.52860259404206, 41.715242972092106], [-87.52858399873459, 41.71518421452163], [-87.52855947412199, 41.71512767443916], [-87.52777017513507, 41.71353715351993], [-87.5277413743645, 41.713485645525395], [-87.52770765294365, 41.713437215951146], [-87.52766933708584, 41.71339233329383], [-87.52762679744995, 41.71335143173805], [-87.52685475481981, 41.712678966851215], [-87.52680930621932, 41.71264308571423], [-87.52676061045581, 41.712611752761994], [-87.52670912108047, 41.71258525982886], [-87.5266553176641, 41.71256385366938], [-87.52659970133038, 41.712547733659996], [-87.52654279008853, 41.712537049942085], [-87.52648511400844, 41.71253190202354], [-87.52642721028376, 41.71253233785195], [-87.52636961822836, 41.71253835336801], [-87.52631287425326, 41.71254989254336], [-87.52625750687046, 41.712566847902394], [-87.52620403177042, 41.71258906152332], [-87.52615294701893, 41.71261632650899], [-87.52610472841813, 41.712648388914005], [-87.52566812163643, 41.71297013401774], [-87.52566835642602, 41.71294923029334], [-87.52769018347132, 41.711374688034056], [-87.52773523661216, 41.711335866112876], [-87.52777622512936, 41.711292774715574], [-87.52781274631903, 41.711245837206384], [-87.52784444136788, 41.711195514736836], [-87.52787099887848, 41.71114230171499], [-87.52789215792869, 41.71108672094801], [-87.52790771063509, 41.71102931850567], [-87.52791750419553, 41.710970658355336], [-87.52792144239022, 41.7109113168211], [-87.52791948652724, 41.7108518769215], [-87.52791165582252, 41.71079292264153], [-87.52789802721115, 41.710735033195036], [-87.52787873459148, 41.710678777334095], [-87.52785396750959, 41.710624707761156], [-87.52782396929705, 41.71057335569881], [-87.5277890346802, 41.710525225670665], [-87.52774950688458, 41.7104807905445], [-87.52770577426278, 41.71044048688643], [-87.52765826647895, 41.71040471067172], [-87.52760745028743, 41.71037381339444], [-87.52687119050988, 41.70997472712865], [-87.52681785870783, 41.70994913570076], [-87.52676226610464, 41.709928920242255], [-87.52670495306079, 41.70991427724752], [-87.5266464766594, 41.709905349046544], [-87.52658740529148, 41.70990222242151], [-87.52652831313111, 41.70990492776323], [-87.52646977455444, 41.70991343877577], [-87.52641235855684, 41.70992767273203], [-87.52635662322216, 41.70994749127786], [-87.52630311029819, 41.70997270177688], [-87.52625233993092, 41.71000305918286], [-87.52620480560861, 41.710038268421634], [-87.52616096936521, 41.71007798725918], [-87.52612125728926, 41.710121829628136], [-87.52608605538241, 41.7101693693804], [-87.52605570580741, 41.71022014442928], [-87.52603050356231, 41.710273661240976], [-87.52601069361312, 41.71032939963173], [-87.52600225106407, 41.71035746863744], [-87.52598868742815, 41.710361534683734], [-87.525770932949, 41.71041531210571], [-87.52575614072049, 41.71041817010867], [-87.52574311748404, 41.710410595577734], [-87.5256972066626, 41.7103806438252], [-87.52571985867479, 41.70836389599565], [-87.54518224151136, 41.70811049257538]]]}, "properties": {"chi_id": "12S5E", "chi_ordinate": "\u03c7:12S5E", "name": "Avenue L\u201399th chi", "label": "L99", "name_canon": "Avenue L\u201399th chi", "label_canon": "L99", "center": [-87.536935, 41.715577], "area_sqmi": 0.973, "edge": true, "flag": false}}, {"type": "Feature", "geometry": {"type": "Polygon", "coordinates": [[[-87.72085945685535, 41.70582314638525], [-87.72113044893463, 41.713163074176094], [-87.72113026576123, 41.71317730281453], [-87.72111606565498, 41.713178221883695], [-87.72097285324007, 41.71318034963015], [-87.71259759427757, 41.71330478316878], [-87.71258365830063, 41.71330431213212], [-87.71258257583358, 41.713290410276166], [-87.71254717337712, 41.712072699367454], [-87.71254264842636, 41.71201456328792], [-87.71253250147674, 41.71195714100709], [-87.71251682836842, 41.71190097489099], [-87.71249577713733, 41.7118465954409], [-87.71246954661697, 41.711794516282644], [-87.71243838456037, 41.7117452293153], [-87.71240258529996, 41.71169920006507], [-87.71236248696762, 41.71165686328831], [-87.7123184683009, 41.71161861886517], [-87.71227094506571, 41.7115848280226], [-87.71222036612949, 41.71155580992252], [-87.71216720922133, 41.711531838647254], [-87.7121119764199, 41.71151314061074], [-87.71205518941113, 41.71149989242004], [-87.71199738456075, 41.71149221920722], [-87.71193910784825, 41.71149019344745], [-87.71131855489801, 41.71149879817842], [-87.71130465281635, 41.71149831633225], [-87.71130352999376, 41.71148445129257], [-87.71114795778145, 41.70666882458337], [-87.71114327643382, 41.70661094443071], [-87.71113302182042, 41.706553787891345], [-87.71111728999358, 41.70649789033583], [-87.71109622830924, 41.706443775342144], [-87.7110700340468, 41.706391949791474], [-87.71103895256114, 41.70634289912036], [-87.71100327498449, 41.70629708277379], [-87.71096333549954, 41.706254929901654], [-87.7109195082091, 41.70621683533903], [-87.71087220363212, 41.70618315590785], [-87.71082186485836, 41.70615420707466], [-87.7107689633981, 41.706130259995696], [-87.71071399476568, 41.70611153897708], [-87.7106574738381, 41.70609821937376], [-87.71059993003229, 41.70609042594701], [-87.71054190234622, 41.70608823169586], [-87.70195883685788, 41.70617933588149], [-87.70189836869986, 41.706183036297], [-87.7018385819192, 41.70619281546203], [-87.70178008602409, 41.70620857368094], [-87.70172347736246, 41.70623015030346], [-87.70166933304255, 41.70625732536244], [-87.70161820504931, 41.70628982181635], [-87.7015706146172, 41.70632730837369], [-87.70152704691628, 41.70636940287031], [-87.7014879461061, 41.706415676165555], [-87.70145371080761, 41.70646565651716], [-87.70142469003933, 41.70651883439054], [-87.7014011796592, 41.706574667653356], [-87.70138341934847, 41.706632587102355], [-87.70137159016814, 41.706692002266266], [-87.7013658127131, 41.70675230742544], [-87.7013661458828, 41.706812887787], [-87.70137915604339, 41.70704494656984], [-87.70137923867102, 41.70705929367851], [-87.70136492562894, 41.707060285232245], [-87.7012901677859, 41.70706169977536], [-87.70126345425405, 41.7060782895568], [-87.72076893158393, 41.70582432503915], [-87.72085945685535, 41.70582314638525]]]}, "properties": {"chi_id": "12S5W", "chi_ordinate": "\u03c7:12S5W", "name": "Central Park\u201399th chi", "label": "Cen99", "name_canon": "Central Park\u201399th chi", "label_canon": "Cen99", "center": [-87.716109, 41.709273], "area_sqmi": 0.252, "edge": true, "flag": false}}, {"type": "Feature", "geometry": {"type": "MultiPolygon", "coordinates": [[[[-87.52415717917721, 41.70937594557122], [-87.52414657613463, 41.709368271162404], [-87.52416049401063, 41.70936418196912], [-87.5241884263103, 41.70935738555249], [-87.52424481856222, 41.70933754171879], [-87.52429895618809, 41.70931218464329], [-87.52435030174206, 41.709281566055814], [-87.52439834549632, 41.70924598991931], [-87.52444261050132, 41.70920580941229], [-87.52448265732069, 41.70916142342271], [-87.52451808839362, 41.709113272588006], [-87.52454855198174, 41.70906183492076], [-87.5245737456608, 41.70900762106324], [-87.52459341932311, 41.708951169218075], [-87.52460737766036, 41.70889303980527], [-87.52461548210256, 41.70883380989873], [-87.52461765219367, 41.708774067497394], [-87.52461386639033, 41.70871440568796], [-87.52460416227571, 41.70865541675703], [-87.52458863618646, 41.7085976863113], [-87.52456744225626, 41.70854178746396], [-87.5245423427886, 41.70849139115464], [-87.52454165675138, 41.70848984628775], [-87.52454107186247, 41.7084758971999], [-87.52454156440295, 41.708379237580544], [-87.52571985867479, 41.70836389599565], [-87.5256972066626, 41.7103806438252], [-87.52415717917721, 41.70937594557122]]], [[[-87.52518475697924, 41.713326336024394], [-87.52518214595051, 41.71332807069672], [-87.52518452253022, 41.713326026576276], [-87.52566835642602, 41.71294923029334], [-87.52566812163643, 41.71297013401774], [-87.52518475697924, 41.713326336024394]]], [[[-87.52559074881962, 41.7193830697415], [-87.52557426940962, 41.719323049045606], [-87.5253389794644, 41.7186126832237], [-87.52531684030222, 41.71855573658847], [-87.5252890244983, 41.7185013367464], [-87.52525582049182, 41.71845004780297], [-87.5252175725956, 41.718402401604806], [-87.52505437705173, 41.71821906882161], [-87.52501293861428, 41.71817689818922], [-87.52496755099133, 41.71813901059207], [-87.5249186548849, 41.718105773908874], [-87.52486672506345, 41.71807751085918], [-87.52481226575202, 41.71805449586985], [-87.52475580573638, 41.718036952410436], [-87.52469789322858, 41.71802505082337], [-87.52452436010371, 41.71799822026541], [-87.52451064296328, 41.71799541358956], [-87.52450910748951, 41.71798149670434], [-87.52447490927453, 41.71742577571109], [-87.5244747380798, 41.717411657744485], [-87.52448878246547, 41.71741020808221], [-87.52561893096696, 41.71734966441249], [-87.52559575261004, 41.719413273623125], [-87.52559074881962, 41.7193830697415]]], [[[-87.52450101548415, 41.72310778998512], [-87.52447235649349, 41.721920765574964], [-87.5244727178472, 41.72190636291959], [-87.5244930707905, 41.72189057673127], [-87.52453964367311, 41.72185046987385], [-87.52458186917471, 41.721805808924216], [-87.5246193042098, 41.721757062523785], [-87.52465155596077, 41.72170474218389], [-87.52467828599983, 41.72164939691833], [-87.52469921384025, 41.721591607482424], [-87.52471411987962, 41.72153198027892], [-87.52472284770417, 41.72147114099485], [-87.5247253057301, 41.721409728035994], [-87.52472146816454, 41.721348385827866], [-87.52471137527631, 41.721287758053585], [-87.52470581823813, 41.72126245668942], [-87.52470752921569, 41.7212618582666], [-87.52476230563977, 41.721239614215264], [-87.52481462700662, 41.721212087337044], [-87.52486398532601, 41.721179544891505], [-87.524909901376, 41.72114230283456], [-87.52495192935588, 41.72110072275083], [-87.52498966121425, 41.721055208343024], [-87.525022730611, 41.72100620151235], [-87.52505081647402, 41.720954178068105], [-87.52507364611657, 41.72089964310798], [-87.52508296580942, 41.72086928764104], [-87.52508755357341, 41.720856550724776], [-87.52510091167132, 41.72085166121142], [-87.52511030281043, 41.72084873229179], [-87.5251653599215, 41.720828559717944], [-87.5252181850639, 41.72080310932411], [-87.52526827372549, 41.720772624176966], [-87.52531514752918, 41.72073739542816], [-87.52535835880175, 41.720697759533586], [-87.52539749484934, 41.72065409504007], [-87.52543218189899, 41.72060681896998], [-87.52546208866833, 41.72055638283846], [-87.5254869295296, 41.720503268341126], [-87.5255064672375, 41.720447982753626], [-87.52552051519511, 41.72039105408684], [-87.52552893923588, 41.720333026044024], [-87.52559294414478, 41.719663316143624], [-87.52555442647223, 41.72309261116044], [-87.52450101548415, 41.72310778998512]]]]}, "properties": {"chi_id": "12S6E", "chi_ordinate": "\u03c7:12S6E", "name": "Indianapolis\u2013102nd chi", "label": "Ind102", "name_canon": "\u03c7:12S6E chi", "label_canon": "\u03c7:12S6E", "center": [-87.52493, 41.709372], "area_sqmi": 0.019, "edge": true, "flag": false}}, {"type": "Feature", "geometry": {"type": "Polygon", "coordinates": [[[-87.6230179418292, 41.69242577483573], [-87.62339313101003, 41.707092173951814], [-87.60417536073419, 41.70734239247638], [-87.60382905263228, 41.69266309075883], [-87.6230179418292, 41.69242577483573]]]}, "properties": {"chi_id": "13S1E", "chi_ordinate": "\u03c7:13S1E", "name": "Vernon\u2013107th chi", "label": "Ver107", "name_canon": "Martin Luther King\u2013107th chi", "label_canon": "Mar107", "center": [-87.613604, 41.699878], "area_sqmi": 0.999, "edge": false, "flag": false}}, {"type": "Feature", "geometry": {"type": "Polygon", "coordinates": [[[-87.62339313101003, 41.707092173951814], [-87.6230179418292, 41.69242577483573], [-87.64225169019356, 41.69218790412312], [-87.64265257888674, 41.70684141277804], [-87.62339313101003, 41.707092173951814]]]}, "properties": {"chi_id": "13S1W", "chi_ordinate": "\u03c7:13S1W", "name": "Princeton\u2013107th chi", "label": "Pri107", "name_canon": "River\u2013107th chi", "label_canon": "Riv107", "center": [-87.632829, 41.699634], "area_sqmi": 1.0, "edge": false, "flag": false}}, {"type": "Feature", "geometry": {"type": "Polygon", "coordinates": [[[-87.60382905263228, 41.69266309075883], [-87.60417536073419, 41.70734239247638], [-87.5843055309682, 41.707601100922574], [-87.58384757619731, 41.692910208894546], [-87.60382905263228, 41.69266309075883]]]}, "properties": {"chi_id": "13S2E", "chi_ordinate": "\u03c7:13S2E", "name": "Woodlawn\u2013107th chi", "label": "Woo107", "name_canon": "Woodlawn\u2013107th chi", "label_canon": "Woo107", "center": [-87.594039, 41.700126], "area_sqmi": 1.038, "edge": false, "flag": false}}, {"type": "Feature", "geometry": {"type": "Polygon", "coordinates": [[[-87.64265257888674, 41.70684141277804], [-87.64225169019356, 41.69218790412312], [-87.66180050439644, 41.69194613687748], [-87.66219905759432, 41.706586914415716], [-87.64265257888674, 41.70684141277804]]]}, "properties": {"chi_id": "13S2W", "chi_ordinate": "\u03c7:13S2W", "name": "Racine\u2013107th chi", "label": "Rac107", "name_canon": "Racine\u2013107th chi", "label_canon": "Rac107", "center": [-87.652226, 41.699387], "area_sqmi": 1.015, "edge": false, "flag": false}}, {"type": "Feature", "geometry": {"type": "Polygon", "coordinates": [[[-87.58384757619731, 41.692910208894546], [-87.5843055309682, 41.707601100922574], [-87.56463242112629, 41.707857248043055], [-87.564089179082, 41.69315456812775], [-87.58384757619731, 41.692910208894546]]]}, "properties": {"chi_id": "13S3E", "chi_ordinate": "\u03c7:13S3E", "name": "Jeffery\u2013107th chi", "label": "Jef107", "name_canon": "Jeffery\u2013107th chi", "label_canon": "Jef107", "center": [-87.574218, 41.700378], "area_sqmi": 1.028, "edge": false, "flag": false}}, {"type": "Feature", "geometry": {"type": "Polygon", "coordinates": [[[-87.66219905759432, 41.706586914415716], [-87.66180050439644, 41.69194613687748], [-87.68106855571875, 41.6917078419278], [-87.68148123134536, 41.70633585734733], [-87.66219905759432, 41.706586914415716]]]}, "properties": {"chi_id": "13S3W", "chi_ordinate": "\u03c7:13S3W", "name": "Longwood\u2013107th chi", "label": "Lon107", "name_canon": "Damen\u2013107th chi", "label_canon": "Dam107", "center": [-87.671637, 41.699141], "area_sqmi": 1.0, "edge": false, "flag": false}}, {"type": "Feature", "geometry": {"type": "Polygon", "coordinates": [[[-87.564089179082, 41.69315456812775], [-87.56463242112629, 41.707857248043055], [-87.54518224151136, 41.70811049257538], [-87.5449929708243, 41.69339073783219], [-87.564089179082, 41.69315456812775]]]}, "properties": {"chi_id": "13S4E", "chi_ordinate": "\u03c7:13S4E", "name": "Muskegon\u2013107th chi", "label": "Mus107", "name_canon": "Burnham\u2013107th chi", "label_canon": "Bur107", "center": [-87.554726, 41.700624], "area_sqmi": 1.005, "edge": false, "flag": false}}, {"type": "Feature", "geometry": {"type": "Polygon", "coordinates": [[[-87.68148123134536, 41.70633585734733], [-87.68106855571875, 41.6917078419278], [-87.70086644174864, 41.69146299432093], [-87.70126345425405, 41.7060782895568], [-87.68148123134536, 41.70633585734733]]]}, "properties": {"chi_id": "13S4W", "chi_ordinate": "\u03c7:13S4W", "name": "California\u2013107th chi", "label": "Cal107", "name_canon": "California\u2013107th chi", "label_canon": "Cal107", "center": [-87.69117, 41.698893], "area_sqmi": 1.026, "edge": false, "flag": false}}, {"type": "Feature", "geometry": {"type": "Polygon", "coordinates": [[[-87.5449929708243, 41.69339073783219], [-87.54518224151136, 41.70811049257538], [-87.52571985867479, 41.70836389599565], [-87.52588538222174, 41.69362704828147], [-87.5449929708243, 41.69339073783219]]]}, "properties": {"chi_id": "13S5E", "chi_ordinate": "\u03c7:13S5E", "name": "Avenue L\u2013107th chi", "label": "L107", "name_canon": "Avenue L\u2013107th chi", "label_canon": "L107", "center": [-87.535447, 41.700869], "area_sqmi": 1.007, "edge": false, "flag": false}}, {"type": "Feature", "geometry": {"type": "Polygon", "coordinates": [[[-87.70086644174864, 41.69146299432093], [-87.72036412611646, 41.69122185941643], [-87.72037705711378, 41.69168831666307], [-87.72036529730381, 41.69172502915056], [-87.72035285440904, 41.691783156227885], [-87.72034622434897, 41.69184222927633], [-87.72034547220099, 41.69190166846393], [-87.7204959837787, 41.6959783341549], [-87.72085945685535, 41.70582314638525], [-87.72076893158393, 41.70582432503915], [-87.70126345425405, 41.7060782895568], [-87.70086644174864, 41.69146299432093]]]}, "properties": {"chi_id": "13S5W", "chi_ordinate": "\u03c7:13S5W", "name": "Central Park\u2013107th chi", "label": "Cen107", "name_canon": "Central Park\u2013107th chi", "label_canon": "Cen107", "center": [-87.7109, 41.700901], "area_sqmi": 1.012, "edge": true, "flag": false}}, {"type": "Feature", "geometry": {"type": "Polygon", "coordinates": [[[-87.52588538222174, 41.69362704828147], [-87.52571985867479, 41.70836389599565], [-87.52454156440295, 41.708379237580544], [-87.52461665596658, 41.69364273907729], [-87.52588538222174, 41.69362704828147]]]}, "properties": {"chi_id": "13S6E", "chi_ordinate": "\u03c7:13S6E", "name": "Indianapolis\u2013107th chi", "label": "Ind107", "name_canon": "\u03c7:13S6E chi", "label_canon": "\u03c7:13S6E", "center": [-87.525191, 41.701003], "area_sqmi": 0.064, "edge": true, "flag": false}}, {"type": "Feature", "geometry": {"type": "Polygon", "coordinates": [[[-87.62264668467866, 41.677913081445645], [-87.6230179418292, 41.69242577483573], [-87.60382905263228, 41.69266309075883], [-87.60348569055516, 41.67810866508811], [-87.62264668467866, 41.677913081445645]]]}, "properties": {"chi_id": "14S1E", "chi_ordinate": "\u03c7:14S1E", "name": "Front\u2013115th chi", "label": "Fro115", "name_canon": "Martin Luther King\u2013115th chi", "label_canon": "Mar115", "center": [-87.613245, 41.685267], "area_sqmi": 0.988, "edge": false, "flag": false}}, {"type": "Feature", "geometry": {"type": "Polygon", "coordinates": [[[-87.6230179418292, 41.69242577483573], [-87.62264668467866, 41.677913081445645], [-87.6418557973519, 41.67771700663862], [-87.64225169019356, 41.69218790412312], [-87.6230179418292, 41.69242577483573]]]}, "properties": {"chi_id": "14S1W", "chi_ordinate": "\u03c7:14S1W", "name": "Princeton\u2013115th chi", "label": "Pri115", "name_canon": "River\u2013115th chi", "label_canon": "Riv115", "center": [-87.632443, 41.68505], "area_sqmi": 0.988, "edge": false, "flag": false}}, {"type": "Feature", "geometry": {"type": "Polygon", "coordinates": [[[-87.60348569055516, 41.67810866508811], [-87.60382905263228, 41.69266309075883], [-87.58384757619731, 41.692910208894546], [-87.58339256557831, 41.67831376334898], [-87.60348569055516, 41.67810866508811]]]}, "properties": {"chi_id": "14S2E", "chi_ordinate": "\u03c7:14S2E", "name": "Doty\u2013115th chi", "label": "Dot115", "name_canon": "Woodlawn\u2013115th chi", "label_canon": "Woo115", "center": [-87.593638, 41.685488], "area_sqmi": 1.036, "edge": false, "flag": false}}, {"type": "Feature", "geometry": {"type": "Polygon", "coordinates": [[[-87.64225169019356, 41.69218790412312], [-87.6418557973519, 41.67771700663862], [-87.66140772428498, 41.6775174325945], [-87.66180050439644, 41.69194613687748], [-87.64225169019356, 41.69218790412312]]]}, "properties": {"chi_id": "14S2W", "chi_ordinate": "\u03c7:14S2W", "name": "Racine\u2013115th chi", "label": "Rac115", "name_canon": "Racine\u2013115th chi", "label_canon": "Rac115", "center": [-87.651829, 41.684832], "area_sqmi": 1.002, "edge": false, "flag": false}}, {"type": "Feature", "geometry": {"type": "Polygon", "coordinates": [[[-87.58339256557831, 41.67831376334898], [-87.58384757619731, 41.692910208894546], [-87.564089179082, 41.69315456812775], [-87.56354831774121, 41.678516321225096], [-87.58339256557831, 41.67831376334898]]]}, "properties": {"chi_id": "14S3E", "chi_ordinate": "\u03c7:14S3E", "name": "Jeffery\u2013115th chi", "label": "Jef115", "name_canon": "Jeffery\u2013115th chi", "label_canon": "Jef115", "center": [-87.573719, 41.685713], "area_sqmi": 1.026, "edge": false, "flag": false}}, {"type": "Feature", "geometry": {"type": "Polygon", "coordinates": [[[-87.66180050439644, 41.69194613687748], [-87.66140772428498, 41.6775174325945], [-87.66178578418993, 41.677513573591526], [-87.66179922395308, 41.67751804786063], [-87.66185622652986, 41.677531028201145], [-87.66191422177506, 41.677538399397335], [-87.661972659091, 41.67754009146823], [-87.66493813454856, 41.67748139633801], [-87.68066268080702, 41.67732088984167], [-87.68106855571875, 41.6917078419278], [-87.66180050439644, 41.69194613687748]]]}, "properties": {"chi_id": "14S3W", "chi_ordinate": "\u03c7:14S3W", "name": "Longwood\u2013115th chi", "label": "Lon115", "name_canon": "Damen\u2013115th chi", "label_canon": "Dam115", "center": [-87.671235, 41.684624], "area_sqmi": 0.984, "edge": true, "flag": false}}, {"type": "Feature", "geometry": {"type": "Polygon", "coordinates": [[[-87.56354831774121, 41.678516321225096], [-87.564089179082, 41.69315456812775], [-87.5449929708243, 41.69339073783219], [-87.54480417160977, 41.67870764993965], [-87.56354831774121, 41.678516321225096]]]}, "properties": {"chi_id": "14S4E", "chi_ordinate": "\u03c7:14S4E", "name": "Escanaba\u2013115th chi", "label": "Esc115", "name_canon": "Burnham\u2013115th chi", "label_canon": "Bur115", "center": [-87.55436, 41.685931], "area_sqmi": 0.984, "edge": false, "flag": false}}, {"type": "Feature", "geometry": {"type": "Polygon", "coordinates": [[[-87.68106855571875, 41.6917078419278], [-87.68066268080702, 41.67732088984167], [-87.68619538616214, 41.67726441538846], [-87.68561748006162, 41.67905638662493], [-87.68560037185463, 41.67912187427916], [-87.68559074835022, 41.67918887212812], [-87.68558873201616, 41.67925652756397], [-87.68571221310154, 41.683890546606534], [-87.6857166105253, 41.6839488012965], [-87.68572665248507, 41.684006352189485], [-87.68574224377896, 41.684062653679646], [-87.68576323659519, 41.684117172005976], [-87.68578943191334, 41.6841693903126], [-87.68582058139111, 41.68421881354876], [-87.68585638971885, 41.6842649731621], [-87.68589651741905, 41.68430743154074], [-87.6859405840648, 41.68434578616199], [-87.68598817188641, 41.68437967340847], [-87.68603882973198, 41.68440877201532], [-87.68609207734458, 41.684432806115915], [-87.68614740991521, 41.68445154785723], [-87.6862043028686, 41.684464819559935], [-87.68626221683647, 41.68447249540291], [-87.68632060277086, 41.68447450261603], [-87.69561651324992, 41.6843412077268], [-87.69563035799405, 41.68434167788998], [-87.69563157970077, 41.6843554766371], [-87.69575686520092, 41.68748418166133], [-87.69576209619663, 41.687542764795666], [-87.69577303788735, 41.68760055429599], [-87.69578958513112, 41.687656994845845], [-87.69581157892057, 41.68771154409121], [-87.69583880791083, 41.68776367785218], [-87.69587101045046, 41.68781289515997], [-87.69590787709568, 41.68785872307084], [-87.69594905358394, 41.68790072121078], [-87.69599414423814, 41.687938486007184], [-87.6960427157688, 41.687971654566915], [-87.69609430143763, 41.68799990816342], [-87.69614840554262, 41.6880229752995], [-87.69620450818135, 41.6880406343162], [-87.69626207024692, 41.68805271552277], [-87.69632053860832, 41.68805910282731], [-87.6963793514257, 41.68805973485232], [-87.69887722840396, 41.68796405140724], [-87.69893602176545, 41.68795889443387], [-87.69899402404072, 41.68794798618955], [-87.69905067401686, 41.687931432219244], [-87.69910542356543, 41.68790939269428], [-87.69915774294597, 41.68788208086259], [-87.69920712593158, 41.68784976098541], [-87.69925309470709, 41.68781274578031], [-87.69929520449219, 41.68777139339551], [-87.69933304784502, 41.687726103944456], [-87.69936625860447, 41.687677315634524], [-87.69939451543306, 41.687625500527], [-87.69941754492602, 41.68757115996955], [-87.69943512425681, 41.68751481974539], [-87.69944708333298, 41.687457024985875], [-87.69945330644208, 41.68739833489606], [-87.6994537333711, 41.68733931734391], [-87.69940463096854, 41.68617002546434], [-87.69940474763682, 41.686155710489835], [-87.69941903810147, 41.68615486507413], [-87.70001208943953, 41.686149544058864], [-87.70007196936999, 41.68614600825611], [-87.70013119701271, 41.68613651118755], [-87.70018918040253, 41.68612114777394], [-87.7002453400103, 41.68610007156868], [-87.7002991145351, 41.686073493223056], [-87.70034996651428, 41.68604167838083], [-87.70039738769535, 41.686004945023235], [-87.70044090411568, 41.685963660290774], [-87.7004800808398, 41.6859182368138], [-87.70051452630635, 41.68586912858835], [-87.70054389624171, 41.68581682643859], [-87.7005678971009, 41.685761853111124], [-87.70058628900144, 41.68570475805033], [-87.70059888812098, 41.68564611190672], [-87.70060556853457, 41.68558650083353], [-87.70060626347316, 41.68552652062818], [-87.70055857400261, 41.68428593204015], [-87.70055873597107, 41.68427169723455], [-87.70057294124561, 41.68427076659103], [-87.7006710291586, 41.68426923428242], [-87.70086644174864, 41.69146299432093], [-87.68106855571875, 41.6917078419278]]]}, "properties": {"chi_id": "14S4W", "chi_ordinate": "\u03c7:14S4W", "name": "Maplewood\u2013115th chi", "label": "Map115", "name_canon": "California\u2013115th chi", "label_canon": "Cal115", "center": [-87.688268, 41.685001], "area_sqmi": 0.575, "edge": true, "flag": false}}, {"type": "Feature", "geometry": {"type": "Polygon", "coordinates": [[[-87.54480417160977, 41.67870764993965], [-87.5449929708243, 41.69339073783219], [-87.52588538222174, 41.69362704828147], [-87.52605080611667, 41.67889907275978], [-87.54480417160977, 41.67870764993965]]]}, "properties": {"chi_id": "14S5E", "chi_ordinate": "\u03c7:14S5E", "name": "Avenue L\u2013115th chi", "label": "L115", "name_canon": "Avenue L\u2013115th chi", "label_canon": "L115", "center": [-87.535435, 41.686145], "area_sqmi": 0.987, "edge": false, "flag": false}}, {"type": "Feature", "geometry": {"type": "MultiPolygon", "coordinates": [[[[-87.7006710291586, 41.68426923428242], [-87.70481037211005, 41.6842045703432], [-87.70486991052185, 41.68420067320965], [-87.704928767485, 41.68419088198818], [-87.7049863609679, 41.68417529350335], [-87.70504212143332, 41.6841540619084], [-87.70509549747071, 41.684127397160815], [-87.7051459612488, 41.68409556294606], [-87.70519301373554, 41.684058874070054], [-87.70523618963274, 41.684017693346036], [-87.70527506197757, 41.68397242800678], [-87.70530924636462, 41.68392352567747], [-87.70533840474732, 41.68387146994918], [-87.70536224878086, 41.68381677559669], [-87.70538054267355, 41.6837599834879], [-87.70539310551861, 41.68370165523528], [-87.70539981308312, 41.68364236764208], [-87.70540059903652, 41.68358270699837], [-87.70529154325925, 41.68060184908606], [-87.705291726709, 41.68058768484684], [-87.70530585518327, 41.68058666232659], [-87.71134745719866, 41.68044933057266], [-87.71136135476948, 41.680449688541024], [-87.71136261360238, 41.68046353361066], [-87.71137881380102, 41.680847246886984], [-87.71138449390007, 41.68090806751256], [-87.71139632860947, 41.680967995399854], [-87.71141419526207, 41.68102640939429], [-87.7114379086694, 41.68108270403288], [-87.7114672230412, 41.68113629581981], [-87.71150183453305, 41.68118662927443], [-87.71154138439567, 41.68123318268878], [-87.71158531419721, 41.68127533106076], [-87.7115864389699, 41.68128958929381], [-87.71160255316025, 41.681825149149724], [-87.71160226992701, 41.68183972015126], [-87.71158344829216, 41.6818615008622], [-87.71154855150003, 41.68190595475956], [-87.71151799204466, 41.68195349479299], [-87.71149204105083, 41.68200369918533], [-87.71147092875682, 41.6820561225211], [-87.7114548424718, 41.68211029969826], [-87.71144392491397, 41.68216575005464], [-87.71143827294435, 41.68222198163234], [-87.71143793670747, 41.68227849554245], [-87.7114889104586, 41.68351611629594], [-87.71149408957092, 41.68357384173347], [-87.71150481403167, 41.68363079816668], [-87.71152098377421, 41.6836864541526], [-87.71154244792363, 41.68374029038233], [-87.71156900620457, 41.683791804526564], [-87.71160041080987, 41.68384051592265], [-87.71163636871279, 41.68388597005953], [-87.71167654440121, 41.68392774281862], [-87.71172056300814, 41.683965444431145], [-87.71176801380946, 41.683998723114954], [-87.71181845405634, 41.68402726835688], [-87.71187141310637, 41.684050813810025], [-87.71192639681489, 41.68406913977903], [-87.71198289214583, 41.684082075269885], [-87.71204037195862, 41.68408949958552], [-87.71209829992682, 41.684091343451925], [-87.72016276753634, 41.68395829214679], [-87.72036412611646, 41.69122185941643], [-87.70086644174864, 41.69146299432093], [-87.7006710291586, 41.68426923428242]]], [[[-87.72036412611646, 41.69122185941643], [-87.72774619110595, 41.69113056275255], [-87.72093193738826, 41.69127967498764], [-87.72087264505096, 41.69128391780358], [-87.72081406353934, 41.6912940068692], [-87.72075676786066, 41.6913098431552], [-87.72070132040112, 41.69133127122039], [-87.72064826540564, 41.69135808073744], [-87.72059812363597, 41.69139000855732], [-87.72055138725901, 41.691426741292275], [-87.72050851501602, 41.69146791839187], [-87.72046992771986, 41.691513135681966], [-87.72043600412441, 41.691561949331906], [-87.72040707720697, 41.69161388021094], [-87.72038343089994, 41.691668418591114], [-87.72037705711378, 41.69168831666307], [-87.72036412611646, 41.69122185941643]]]]}, "properties": {"chi_id": "14S5W", "chi_ordinate": "\u03c7:14S5W", "name": "Central Park\u2013115th chi", "label": "Cen115", "name_canon": "Central Park\u2013115th chi", "label_canon": "Cen115", "center": [-87.710517, 41.687746], "area_sqmi": 0.58, "edge": true, "flag": false}}, {"type": "Feature", "geometry": {"type": "Polygon", "coordinates": [[[-87.52605080611667, 41.67889907275978], [-87.52588538222174, 41.69362704828147], [-87.52461665596658, 41.69364273907729], [-87.52462599474181, 41.6918100319046], [-87.52465399170238, 41.6885299721298], [-87.52476727536646, 41.678912174252204], [-87.52605080611667, 41.67889907275978]]]}, "properties": {"chi_id": "14S6E", "chi_ordinate": "\u03c7:14S6E", "name": "Avenue L\u2013112th chi", "label": "L112", "name_canon": "\u03c7:14S6E chi", "label_canon": "\u03c7:14S6E", "center": [-87.525354, 41.683721], "area_sqmi": 0.067, "edge": true, "flag": false}}, {"type": "Feature", "geometry": {"type": "Polygon", "coordinates": [[[-87.73944049421291, 41.68364023932316], [-87.73945435646861, 41.68364068102447], [-87.73945558160882, 41.683654496098406], [-87.73974440266242, 41.69085311187589], [-87.73974426696307, 41.690867311044144], [-87.73973010346371, 41.69086832597199], [-87.7396338883422, 41.690870431389904], [-87.72774619110595, 41.69113056275255], [-87.72036412611646, 41.69122185941643], [-87.72016276753634, 41.68395829214679], [-87.7394226235545, 41.683640534161526], [-87.73944049421291, 41.68364023932316]]]}, "properties": {"chi_id": "14S6W", "chi_ordinate": "\u03c7:14S6W", "name": "Hamlin\u2013115th chi", "label": "Ham115", "name_canon": "Kostner\u2013115th chi", "label_canon": "Kos115", "center": [-87.729932, 41.687406], "area_sqmi": 0.498, "edge": true, "flag": false}}, {"type": "Feature", "geometry": {"type": "Polygon", "coordinates": [[[-87.62227756521442, 41.663483951660815], [-87.62264668467866, 41.677913081445645], [-87.60348569055516, 41.67810866508811], [-87.60314838701028, 41.663811048375265], [-87.62227756521442, 41.663483951660815]]]}, "properties": {"chi_id": "15S1E", "chi_ordinate": "\u03c7:15S1E", "name": "Front\u2013122nd chi", "label": "Fro122", "name_canon": "Martin Luther King\u2013123rd chi", "label_canon": "Mar123", "center": [-87.612891, 41.670862], "area_sqmi": 0.975, "edge": false, "flag": false}}, {"type": "Feature", "geometry": {"type": "Polygon", "coordinates": [[[-87.62264668467866, 41.677913081445645], [-87.62227756521442, 41.663483951660815], [-87.64145743899029, 41.663155988084505], [-87.64147165591092, 41.66367565295214], [-87.64146797873049, 41.66368696698742], [-87.6414552735144, 41.66374517447789], [-87.6414484036128, 41.66380435503986], [-87.64144743676171, 41.66386392516376], [-87.64160865090398, 41.66868317087562], [-87.6418557973519, 41.67771700663862], [-87.62264668467866, 41.677913081445645]]]}, "properties": {"chi_id": "15S1W", "chi_ordinate": "\u03c7:15S1W", "name": "Harvard\u2013123rd chi", "label": "Har123", "name_canon": "River\u2013123rd chi", "label_canon": "Riv123", "center": [-87.632129, 41.6732], "area_sqmi": 0.986, "edge": true, "flag": false}}, {"type": "Feature", "geometry": {"type": "Polygon", "coordinates": [[[-87.60314838701028, 41.663811048375265], [-87.60348569055516, 41.67810866508811], [-87.58339256557831, 41.67831376334898], [-87.58295124254357, 41.664156406629864], [-87.60314838701028, 41.663811048375265]]]}, "properties": {"chi_id": "15S2E", "chi_ordinate": "\u03c7:15S2E", "name": "Doty\u2013122nd chi", "label": "Dot122", "name_canon": "Woodlawn\u2013123rd chi", "label_canon": "Woo123", "center": [-87.593245, 41.671133], "area_sqmi": 1.016, "edge": false, "flag": false}}, {"type": "Feature", "geometry": {"type": "Polygon", "coordinates": [[[-87.64160865090398, 41.66868317087562], [-87.6416513955064, 41.669960954195425], [-87.64165613685427, 41.67001878098309], [-87.64166644142459, 41.67007587943825], [-87.64168221285769, 41.67013171562409], [-87.64170330367236, 41.670185767407474], [-87.64172951664501, 41.67023752934152], [-87.64176060665395, 41.67028651739206], [-87.64179628297148, 41.67033227346399], [-87.64183621198265, 41.67037436968493], [-87.64188002030488, 41.67041241240637], [-87.64192729827951, 41.670446045884724], [-87.64197760380262, 41.670474955607936], [-87.64203046645919, 41.670498871236546], [-87.64208539192204, 41.67051756913167], [-87.64214186657435, 41.6705308744463], [-87.6421993623126, 41.67053866276029], [-87.64225734148489, 41.670540861243886], [-87.66114146409825, 41.67034315218496], [-87.66115534790642, 41.67034367970361], [-87.6611564503862, 41.67035752971965], [-87.66136107377034, 41.67695879858191], [-87.66136572970949, 41.67701707469391], [-87.66137603501622, 41.6770746210548], [-87.66139189185357, 41.67713089132856], [-87.661397599884, 41.67714551460873], [-87.66141314967923, 41.6771853512941], [-87.66143960667479, 41.677237483917146], [-87.6614710116617, 41.67728679425882], [-87.66150706648601, 41.67733281417454], [-87.6615474288489, 41.67737510675853], [-87.66159171555651, 41.677413270491684], [-87.66163950615784, 41.67744694305357], [-87.6616903469365, 41.677475804762196], [-87.66174375521817, 41.67749958160909], [-87.66178578418993, 41.677513573591526], [-87.66140772428498, 41.6775174325945], [-87.6418557973519, 41.67771700663862], [-87.64160865090398, 41.66868317087562]]]}, "properties": {"chi_id": "15S2W", "chi_ordinate": "\u03c7:15S2W", "name": "Racine\u2013123rd chi", "label": "Rac123", "name_canon": "Racine\u2013123rd chi", "label_canon": "Rac123", "center": [-87.651504, 41.67375], "area_sqmi": 0.497, "edge": true, "flag": false}}, {"type": "Feature", "geometry": {"type": "Polygon", "coordinates": [[[-87.58295124254357, 41.664156406629864], [-87.58339256557831, 41.67831376334898], [-87.56354831774121, 41.678516321225096], [-87.56303032631449, 41.664497041558235], [-87.58295124254357, 41.664156406629864]]]}, "properties": {"chi_id": "15S3E", "chi_ordinate": "\u03c7:15S3E", "name": "Jeffery\u2013122nd chi", "label": "Jef122", "name_canon": "Jeffery\u2013123rd chi", "label_canon": "Jef123", "center": [-87.573231, 41.671405], "area_sqmi": 0.993, "edge": false, "flag": false}}, {"type": "Feature", "geometry": {"type": "Polygon", "coordinates": [[[-87.66493813454856, 41.67748139633801], [-87.66636798253842, 41.67745309561013], [-87.66642765531387, 41.67744893212114], [-87.66648661696541, 41.6774388475578], [-87.66654428145112, 41.67742294215438], [-87.6666000756221, 41.67740137400062], [-87.66665344491916, 41.67737435747048], [-87.66670385888492, 41.67734216109137], [-87.66675081643606, 41.677305104875146], [-87.66679385084394, 41.67726355713743], [-87.66683253437344, 41.677217930836726], [-87.6668664825345, 41.67716867946993], [-87.66689535790363, 41.677116292564804], [-87.66691887347771, 41.677061290814414], [-87.66731672049337, 41.6759852788858], [-87.66732247380631, 41.675971854340574], [-87.6673369082072, 41.67597408303917], [-87.66839595506322, 41.67619309548642], [-87.66840912857505, 41.67619648344961], [-87.6684050301861, 41.67620945352705], [-87.66825811992038, 41.676607146735336], [-87.66824065959668, 41.67666251952249], [-87.66822863302166, 41.676719320666436], [-87.66822215281111, 41.67677701828625], [-87.66822127964518, 41.67683507210647], [-87.66822602170008, 41.67689293851621], [-87.66823633457166, 41.67695007565948], [-87.66825212169107, 41.67700594850907], [-87.66827323522912, 41.677060033876515], [-87.66829947748049, 41.67711182531117], [-87.66833060271502, 41.67716083784259], [-87.66836631947876, 41.677206612521715], [-87.66840629332306, 41.67724872071846], [-87.66845014993633, 41.67728676813536], [-87.6684974786491, 41.67732039849974], [-87.66854783627944, 41.677349296899806], [-87.66860075128294, 41.677373192733484], [-87.6686557281681, 41.67739186224227], [-87.6687122521362, 41.67740513060652], [-87.66876979390177, 41.67741287358245], [-87.66882781464875, 41.677415018665485], [-87.68066151414952, 41.677279535609024], [-87.68619604358165, 41.67721617123481], [-87.68621003817343, 41.677216708880955], [-87.68620640911024, 41.677230235430976], [-87.68619538616214, 41.67726441538846], [-87.68066268080702, 41.67732088984167], [-87.66493813454856, 41.67748139633801]]]}, "properties": {"chi_id": "15S3W", "chi_ordinate": "\u03c7:15S3W", "name": "Marshfield\u2013115th chi", "label": "Mar115", "name_canon": "Damen\u2013123rd chi", "label_canon": "Dam123", "center": [-87.66763, 41.676748], "area_sqmi": 0.009, "edge": true, "flag": false}}, {"type": "Feature", "geometry": {"type": "Polygon", "coordinates": [[[-87.56303032631449, 41.664497041558235], [-87.56354831774121, 41.678516321225096], [-87.54480417160977, 41.67870764993965], [-87.54462549430723, 41.66481175241593], [-87.56303032631449, 41.664497041558235]]]}, "properties": {"chi_id": "15S4E", "chi_ordinate": "\u03c7:15S4E", "name": "Escanaba\u2013122nd chi", "label": "Esc122", "name_canon": "Burnham\u2013123rd chi", "label_canon": "Bur123", "center": [-87.554004, 41.671664], "area_sqmi": 0.919, "edge": false, "flag": false}}, {"type": "Feature", "geometry": {"type": "Polygon", "coordinates": [[[-87.54462549430723, 41.66481175241593], [-87.54480417160977, 41.67870764993965], [-87.52605080611667, 41.67889907275978], [-87.52620549647465, 41.66512672259954], [-87.54462549430723, 41.66481175241593]]]}, "properties": {"chi_id": "15S5E", "chi_ordinate": "\u03c7:15S5E", "name": "Avenue L\u2013126th chi", "label": "L126", "name_canon": "Avenue L\u2013123rd chi", "label_canon": "L123", "center": [-87.535423, 41.671917], "area_sqmi": 0.911, "edge": false, "flag": false}}, {"type": "Feature", "geometry": {"type": "Polygon", "coordinates": [[[-87.52620549647465, 41.66512672259954], [-87.52605080611667, 41.67889907275978], [-87.52476727536646, 41.678912174252204], [-87.52492939091285, 41.66514854318859], [-87.52620549647465, 41.66512672259954]]]}, "properties": {"chi_id": "15S6E", "chi_ordinate": "\u03c7:15S6E", "name": "Avenue L\u2013133rd chi", "label": "L133", "name_canon": "\u03c7:15S6E chi", "label_canon": "\u03c7:15S6E", "center": [-87.525488, 41.672024], "area_sqmi": 0.062, "edge": true, "flag": false}}, {"type": "Feature", "geometry": {"type": "Polygon", "coordinates": [[[-87.62224834858426, 41.662341853806], [-87.62227756521442, 41.663483951660815], [-87.60314838701028, 41.663811048375265], [-87.60280272076827, 41.64915895380356], [-87.61723249880247, 41.64895464565317], [-87.61723470445968, 41.649791472000295], [-87.61723774108184, 41.649850199879225], [-87.61724651215538, 41.64990834842269], [-87.61726093342476, 41.64996535905177], [-87.61728086635827, 41.650020684118424], [-87.61730611947877, 41.65007379216624], [-87.61733645020304, 41.65012417303566], [-87.61737156717206, 41.65017134276456], [-87.6174111330498, 41.65021484823728], [-87.61745476776372, 41.65025427153725], [-87.61750205215571, 41.65028923396152], [-87.61755253200867, 41.65031939965864], [-87.61760572240966, 41.65034447885484], [-87.61766111240799, 41.65036423063763], [-87.61771816992352, 41.650378465270016], [-87.62030791284495, 41.650891210871116], [-87.62032105764797, 41.65089447395203], [-87.62031584001258, 41.65090697234464], [-87.61927258037824, 41.653103977404], [-87.61924261728966, 41.653180069307695], [-87.61849640317432, 41.655534486725074], [-87.61848208564338, 41.65558817696597], [-87.61787418318629, 41.658381539873645], [-87.61786467863227, 41.658438108533346], [-87.61786061944318, 41.65849532629974], [-87.61786204271942, 41.65855267021042], [-87.61786893545244, 41.65860961615004], [-87.61788123464362, 41.658665643640646], [-87.61789882788008, 41.65872024059878], [-87.61792155436208, 41.65877290801588], [-87.61794920637276, 41.65882316451907], [-87.61798153117658, 41.65887055077093], [-87.61801823332934, 41.65891463366773], [-87.6180589773785, 41.65895501029792], [-87.6181033909291, 41.65899131162475], [-87.61815106804751, 41.65902320585915], [-87.61820157297149, 41.659050401492266], [-87.6182544440931, 41.65907264995979], [-87.61830919817764, 41.65908974791384], [-87.61836533478044, 41.6591015390815], [-87.61842234082074, 41.65910791569314], [-87.6184796952713, 41.65910881946742], [-87.6196750523656, 41.65907047943232], [-87.61968905349653, 41.659070728365265], [-87.61968570788827, 41.65908432617903], [-87.6194316854462, 41.65993220041703], [-87.61941820073393, 41.659986206525396], [-87.61940977899923, 41.660041229898525], [-87.6194064927274, 41.660096796953724], [-87.6194083702032, 41.66015242942887], [-87.61941539526731, 41.66020764849876], [-87.619486084684, 41.66061230366357], [-87.61949933396453, 41.66067075367264], [-87.61951834832033, 41.66072759029172], [-87.61954293803316, 41.66078224642603], [-87.61957285775597, 41.66083417673685], [-87.61960780896082, 41.66088286308272], [-87.6196474429175, 41.66092781968928], [-87.6197846067558, 41.66106856171466], [-87.61982513775546, 41.661106472584514], [-87.61986899823145, 41.661140476328875], [-87.61991581293356, 41.6611702820272], [-87.61996518133651, 41.66119563467551], [-87.62201630241657, 41.66213174854177], [-87.62202948054755, 41.662138581350696], [-87.62203672449509, 41.66214938457055], [-87.62207233342323, 41.662197174950855], [-87.62211250784155, 41.66224119690363], [-87.6221568513718, 41.66228101608918], [-87.62220492650147, 41.662316239634144], [-87.62224834858426, 41.662341853806]]]}, "properties": {"chi_id": "16S1E", "chi_ordinate": "\u03c7:16S1E", "name": "St Lawrence\u2013130th chi", "label": "St130", "name_canon": "Martin Luther King\u2013130th chi", "label_canon": "Mar130", "center": [-87.610583, 41.656985], "area_sqmi": 0.843, "edge": true, "flag": false}}, {"type": "Feature", "geometry": {"type": "Polygon", "coordinates": [[[-87.64131766788577, 41.65780366819613], [-87.64137912258931, 41.65779162350511], [-87.64140146308513, 41.657784762675696], [-87.64142111321928, 41.657779754594124], [-87.64143609627759, 41.65777903022614], [-87.64587385265233, 41.657787915611536], [-87.64595774523879, 41.6577821912933], [-87.64697942283833, 41.65764002836201], [-87.64699334645094, 41.65763878293132], [-87.64699460905128, 41.65765270499784], [-87.64721846383031, 41.663057478243836], [-87.64722238016039, 41.6631520345275], [-87.64722225858027, 41.66316629914137], [-87.64720802334529, 41.6631672222209], [-87.64203819961759, 41.66324393113059], [-87.6419787455556, 41.66324777157019], [-87.6419199654691, 41.66325748938341], [-87.64186243891903, 41.66327298875438], [-87.64180673310672, 41.663294116862126], [-87.64175339728132, 41.66332066538735], [-87.64170295732437, 41.66335237256643], [-87.64165591056465, 41.663388925772345], [-87.64161272087465, 41.66342996459714], [-87.64157381409686, 41.66347508440548], [-87.64153957384502, 41.66352384032427], [-87.64151033772178, 41.66357575162902], [-87.64148639399, 41.66363030648371], [-87.64147165591092, 41.66367565295214], [-87.64145743899029, 41.663155988084505], [-87.62227756521442, 41.663483951660815], [-87.62224834858426, 41.662341853806], [-87.62225625890048, 41.66234652000775], [-87.62231034210109, 41.66237155845069], [-87.62236664249498, 41.662391107922815], [-87.62242460459804, 41.662404975540554], [-87.62248365653102, 41.66241302447997], [-87.62254321566189, 41.662415175326736], [-87.62325981425371, 41.66240543737625], [-87.62332395421697, 41.66240112165177], [-87.62437187971145, 41.66227393280547], [-87.62442840899094, 41.66226431151606], [-87.62448376165042, 41.66224933781453], [-87.6261723301396, 41.66170472658383], [-87.62622466438239, 41.6616851122722], [-87.62627494652038, 41.66166071348557], [-87.62632274027303, 41.66163174192368], [-87.62636763095064, 41.66159844896266], [-87.62913909853636, 41.65933553409898], [-87.62916598904177, 41.65931595999346], [-87.63054830343981, 41.65842267999522], [-87.63059789728996, 41.65838692246531], [-87.63064359467018, 41.65834630349979], [-87.63068492107017, 41.65830124487596], [-87.63072144736682, 41.658252214471396], [-87.63075279428011, 41.65819972140571], [-87.63077863631145, 41.65814431075389], [-87.63079870512357, 41.65808655788644], [-87.6308127923269, 41.65802706249485], [-87.63082146334665, 41.657979820387254], [-87.6308245739339, 41.657966436138096], [-87.63083663590261, 41.65795985413297], [-87.63106703552302, 41.657847792060785], [-87.63108098854009, 41.65784187730646], [-87.63109478229876, 41.65784815450541], [-87.63122850197709, 41.65791756949767], [-87.63128360967491, 41.657942730566354], [-87.6313409736717, 41.65796220643879], [-87.63140000918332, 41.65797579857263], [-87.63146011438576, 41.65798336840598], [-87.63152067655022, 41.6579848387699], [-87.6315810782896, 41.657980194675105], [-87.63222815981338, 41.65789741239062], [-87.63227969266345, 41.657888522237606], [-87.63233025568289, 41.65787517868036], [-87.63237946477966, 41.657857483080605], [-87.6324269461465, 41.657835569859486], [-87.63299650134792, 41.657541958684746], [-87.63301020995831, 41.65753574834394], [-87.63302514838071, 41.65753392135944], [-87.63555157571892, 41.65735402708105], [-87.6355659823551, 41.657353697231166], [-87.63558035386544, 41.65735475537108], [-87.63853816001567, 41.65771647308422], [-87.63859604582464, 41.65772072381074], [-87.64103991518272, 41.65778162409217], [-87.64105486668501, 41.65778275060233], [-87.64106944287334, 41.65778688455544], [-87.64113050025408, 41.657800804017626], [-87.64119267590155, 41.657808283591905], [-87.64125529248889, 41.657809241797565], [-87.6413110271858, 41.65780426158097], [-87.64131766788577, 41.65780366819613]]]}, "properties": {"chi_id": "16S1W", "chi_ordinate": "\u03c7:16S1W", "name": "Parnell\u2013128th chi", "label": "Par128", "name_canon": "River\u2013130th chi", "label_canon": "Riv130", "center": [-87.637432, 41.660467], "area_sqmi": 0.395, "edge": true, "flag": false}}, {"type": "Feature", "geometry": {"type": "Polygon", "coordinates": [[[-87.60280272076827, 41.64915895380356], [-87.60314838701028, 41.663811048375265], [-87.58295124254357, 41.664156406629864], [-87.5824926956322, 41.64944651911885], [-87.60280272076827, 41.64915895380356]]]}, "properties": {"chi_id": "16S2E", "chi_ordinate": "\u03c7:16S2E", "name": "Doty\u2013130th chi", "label": "Dot130", "name_canon": "Woodlawn\u2013130th chi", "label_canon": "Woo130", "center": [-87.592848, 41.656629], "area_sqmi": 1.054, "edge": false, "flag": false}}, {"type": "Feature", "geometry": {"type": "Polygon", "coordinates": [[[-87.5824926956322, 41.64944651911885], [-87.58295124254357, 41.664156406629864], [-87.56303032631449, 41.664497041558235], [-87.56248469911237, 41.64972980807536], [-87.5824926956322, 41.64944651911885]]]}, "properties": {"chi_id": "16S3E", "chi_ordinate": "\u03c7:16S3E", "name": "Jeffery\u2013130th chi", "label": "Jef130", "name_canon": "Jeffery\u2013130th chi", "label_canon": "Jef130", "center": [-87.572739, 41.656943], "area_sqmi": 1.044, "edge": false, "flag": false}}, {"type": "Feature", "geometry": {"type": "Polygon", "coordinates": [[[-87.56248469911237, 41.64972980807536], [-87.56303032631449, 41.664497041558235], [-87.54462549430723, 41.66481175241593], [-87.54443485259776, 41.64998537200347], [-87.56248469911237, 41.64972980807536]]]}, "properties": {"chi_id": "16S4E", "chi_ordinate": "\u03c7:16S4E", "name": "Brainard\u2013130th chi", "label": "Bra130", "name_canon": "Burnham\u2013130th chi", "label_canon": "Bur130", "center": [-87.553645, 41.657241], "area_sqmi": 0.956, "edge": false, "flag": false}}, {"type": "Feature", "geometry": {"type": "Polygon", "coordinates": [[[-87.54443485259776, 41.64998537200347], [-87.54462549430723, 41.66481175241593], [-87.52620549647465, 41.66512672259954], [-87.5263726909381, 41.65024111029909], [-87.54443485259776, 41.64998537200347]]]}, "properties": {"chi_id": "16S5E", "chi_ordinate": "\u03c7:16S5E", "name": "Avenue L\u2013130th chi", "label": "L130", "name_canon": "Avenue L\u2013130th chi", "label_canon": "L130", "center": [-87.535411, 41.657526], "area_sqmi": 0.961, "edge": false, "flag": false}}, {"type": "Feature", "geometry": {"type": "Polygon", "coordinates": [[[-87.5263726909381, 41.65024111029909], [-87.52620549647465, 41.66512672259954], [-87.52492939091285, 41.66514854318859], [-87.5251047673289, 41.65025906255912], [-87.5263726909381, 41.65024111029909]]]}, "properties": {"chi_id": "16S6E", "chi_ordinate": "\u03c7:16S6E", "name": "Avenue L\u2013133rd chi", "label": "L133", "name_canon": "\u03c7:16S6E chi", "label_canon": "\u03c7:16S6E", "center": [-87.525653, 41.657693], "area_sqmi": 0.067, "edge": true, "flag": false}}, {"type": "Feature", "geometry": {"type": "Polygon", "coordinates": [[[-87.60280272076827, 41.64915895380356], [-87.60269594958986, 41.64463313897588], [-87.61720626904217, 41.64459204172216], [-87.61722031194432, 41.6445926918283], [-87.61722103882701, 41.64460673096566], [-87.61723249880247, 41.64895464565317], [-87.60280272076827, 41.64915895380356]]]}, "properties": {"chi_id": "17S1E", "chi_ordinate": "\u03c7:17S1E", "name": "Forest\u2013137th chi", "label": "For137", "name_canon": "\u03c7:17S1E chi", "label_canon": "\u03c7:17S1E", "center": [-87.609987, 41.646794], "area_sqmi": 0.228, "edge": true, "flag": false}}, {"type": "Feature", "geometry": {"type": "Polygon", "coordinates": [[[-87.60269594958986, 41.64463313897588], [-87.60280272076827, 41.64915895380356], [-87.5824926956322, 41.64944651911885], [-87.58234444640567, 41.64469078008382], [-87.60269594958986, 41.64463313897588]]]}, "properties": {"chi_id": "17S2E", "chi_ordinate": "\u03c7:17S2E", "name": "Doty\u2013137th chi", "label": "Dot137", "name_canon": "\u03c7:17S2E chi", "label_canon": "\u03c7:17S2E", "center": [-87.592582, 41.646925], "area_sqmi": 0.335, "edge": true, "flag": false}}, {"type": "Feature", "geometry": {"type": "Polygon", "coordinates": [[[-87.58234444640567, 41.64469078008382], [-87.5824926956322, 41.64944651911885], [-87.56248469911237, 41.64972980807536], [-87.56229724251284, 41.644656352495154], [-87.57838129899609, 41.644701995172966], [-87.57838470100448, 41.64470199518229], [-87.58234444640567, 41.64469078008382]]]}, "properties": {"chi_id": "17S3E", "chi_ordinate": "\u03c7:17S3E", "name": "Jeffery\u2013136th chi", "label": "Jef136", "name_canon": "\u03c7:17S3E chi", "label_canon": "\u03c7:17S3E", "center": [-87.572403, 41.647074], "area_sqmi": 0.348, "edge": true, "flag": false}}, {"type": "Feature", "geometry": {"type": "Polygon", "coordinates": [[[-87.56229724251284, 41.644656352495154], [-87.56248469911237, 41.64972980807536], [-87.54443485259776, 41.64998537200347], [-87.54436567628821, 41.64460546702974], [-87.56229724251284, 41.644656352495154]]]}, "properties": {"chi_id": "17S4E", "chi_ordinate": "\u03c7:17S4E", "name": "Brainard\u2013136th chi", "label": "Bra136", "name_canon": "\u03c7:17S4E chi", "label_canon": "\u03c7:17S4E", "center": [-87.553395, 41.647193], "area_sqmi": 0.333, "edge": true, "flag": false}}, {"type": "Feature", "geometry": {"type": "Polygon", "coordinates": [[[-87.54436567628821, 41.64460546702974], [-87.54443485259776, 41.64998537200347], [-87.5263726909381, 41.65024111029909], [-87.52643656167035, 41.6445545885214], [-87.54436567628821, 41.64460546702974]]]}, "properties": {"chi_id": "17S5E", "chi_ordinate": "\u03c7:17S5E", "name": "Avenue L\u2013136th chi", "label": "L136", "name_canon": "\u03c7:17S5E chi", "label_canon": "\u03c7:17S5E", "center": [-87.535403, 41.647295], "area_sqmi": 0.353, "edge": true, "flag": false}}, {"type": "Feature", "geometry": {"type": "Polygon", "coordinates": [[[-87.52643656167035, 41.6445545885214], [-87.5263726909381, 41.65024111029909], [-87.5251047673289, 41.65025906255912], [-87.52517182751181, 41.644565644270024], [-87.52517267433043, 41.64455168425906], [-87.5251866452485, 41.64455104155969], [-87.52643656167035, 41.6445545885214]]]}, "properties": {"chi_id": "17S6E", "chi_ordinate": "\u03c7:17S6E", "name": "Avenue L\u2013134th chi", "label": "L134", "name_canon": "\u03c7:17S6E chi", "label_canon": "\u03c7:17S6E", "center": [-87.525771, 41.647403], "area_sqmi": 0.026, "edge": true, "flag": false}}, {"type": "Feature", "geometry": {"type": "Polygon", "coordinates": [[[-87.62786939558106, 41.88207238687456], [-87.62824197536796, 41.89663678301557], [-87.61633770713433, 41.89679598901812], [-87.6149248510206, 41.89469808208834], [-87.61489772551933, 41.89466095799246], [-87.61393564395617, 41.893444949983945], [-87.6138975503137, 41.89340130900876], [-87.61385542572893, 41.893361544958786], [-87.61380966285688, 41.89332602848581], [-87.613760688266, 41.89329509064878], [-87.61370895846213, 41.893269019827876], [-87.61365495563315, 41.8932480590365], [-87.6135991831545, 41.89323240365603], [-87.61354216089701, 41.89322219961462], [-87.613484420381, 41.89321754202699], [-87.61342649982191, 41.89321847430781], [-87.61336893911344, 41.89322498776703], [-87.61331227479496, 41.89323702169089], [-87.61264332551463, 41.89341322658128], [-87.61262895562183, 41.893416262156], [-87.61261432548332, 41.89341497080882], [-87.61241451712006, 41.89338734132183], [-87.61235805984384, 41.89338223778645], [-87.6123013729058, 41.89338248510824], [-87.61224496231091, 41.89338808107955], [-87.61218933159738, 41.893398975749015], [-87.61213497734195, 41.89341507186749], [-87.61208238472737, 41.89343622575609], [-87.6120320232114, 41.89346224858874], [-87.6119843423363, 41.893492908077675], [-87.61193976771618, 41.893527930546924], [-87.6118986972377, 41.89356700337521], [-87.61186149750856, 41.893609777786516], [-87.61182850058488, 41.89365587196336], [-87.61016796986631, 41.89622367559585], [-87.61015961440302, 41.89623530679777], [-87.6101453256696, 41.89623627153588], [-87.60863232861084, 41.89626426824646], [-87.60850880281758, 41.89102825909997], [-87.60894941282794, 41.8910251604361], [-87.60900767566008, 41.89102191303677], [-87.60906534749562, 41.891013021321676], [-87.60912188283856, 41.89099856939417], [-87.60917674694261, 41.89097869394955], [-87.60922942086903, 41.890953582982085], [-87.60927940639516, 41.890923474006875], [-87.60932623072692, 41.890888651813285], [-87.60936945097075, 41.89084944577121], [-87.60940865832275, 41.890806226715696], [-87.60944348193551, 41.89075940343938], [-87.60947359242572, 41.89070941882583], [-87.60949870498965, 41.89065674566052], [-87.60951858209714, 41.890601882158904], [-87.60953303573815, 41.890545347254005], [-87.60954192920121, 41.89048767568799], [-87.60954517836642, 41.890429412954305], [-87.60954823944552, 41.889996015171626], [-87.60954578096447, 41.889937353070565], [-87.6095376006916, 41.889879212126594], [-87.6095237769595, 41.88982214908549], [-87.60950444214143, 41.88976671037122], [-87.6094797813836, 41.88971342685357], [-87.6094500308324, 41.88966280876458], [-87.60941547537301, 41.88961534081269], [-87.60937644590143, 41.88957147754129], [-87.60933331615588, 41.88953163897608], [-87.60928649913797, 41.889496206602985], [-87.60923644315784, 41.889465519715166], [-87.60918362754134, 41.889439872163955], [-87.60912855803997, 41.889419509545064], [-87.60907176198799, 41.88940462684674], [-87.60901378325275, 41.88939536658267], [-87.60895517702676, 41.88939181742723], [-87.60847006449994, 41.889386219975], [-87.60843839085341, 41.888043638004234], [-87.60930008960473, 41.88800362681272], [-87.60935932798277, 41.88799792157575], [-87.60941770977104, 41.887986375928946], [-87.60947466060055, 41.88796910346013], [-87.60952962018033, 41.8879462740985], [-87.6095820478096, 41.88791811244283], [-87.60963142769732, 41.887884895551785], [-87.60967727403659, 41.88784695021824], [-87.60971913578408, 41.8878046497542], [-87.60975660109752, 41.887758410318106], [-87.60978930138741, 41.887708686820616], [-87.60981691494328, 41.887655968449124], [-87.60983917009877, 41.887600773855034], [-87.60985584790421, 41.887543646051235], [-87.60986678428081, 41.88748514706981], [-87.60987187163482, 41.88742585243269], [-87.60999148508027, 41.88410230741241], [-87.60999263081698, 41.88408864871518], [-87.61000631621714, 41.88408788547026], [-87.61225955673552, 41.884069859546116], [-87.61231749060283, 41.88406659013369], [-87.6123748377318, 41.88405773977573], [-87.61243106176401, 41.88404339124819], [-87.6124856368451, 41.884023678750545], [-87.61253805254313, 41.88399878665062], [-87.61258781862252, 41.88396894776021], [-87.61263446962913, 41.88393444115765], [-87.61267756924363, 41.88389558957765], [-87.61271671436225, 41.88385275639277], [-87.612751538867, 41.883806342214896], [-87.6127817170499, 41.883756781148364], [-87.61280696665925, 41.883704536729844], [-87.61282705153954, 41.883650097592984], [-87.6128417838401, 41.88359397289825], [-87.61288006837948, 41.88341286802041], [-87.61288359832092, 41.883399357841725], [-87.61289383106073, 41.88338985644952], [-87.61350168263533, 41.882876709889736], [-87.61351230516627, 41.88286853160705], [-87.6135247242528, 41.88286348296682], [-87.61433110036803, 41.882577224297755], [-87.61434313512652, 41.882573514265545], [-87.61435557764946, 41.8825718825642], [-87.61542251304071, 41.88247709284969], [-87.61548032133317, 41.88246910784506], [-87.61553708047751, 41.882455544714574], [-87.61559225353871, 41.88243653176391], [-87.61564531858589, 41.88241224885339], [-87.61569577362975, 41.88238292569661], [-87.61574314137133, 41.88234883968727], [-87.61578697371719, 41.88231031327514], [-87.61582685601834, 41.8822677109157], [-87.61585181744134, 41.88223522327677], [-87.62786939558106, 41.88207238687456]]]}, "properties": {"chi_id": "1N1E", "chi_ordinate": "\u03c7:1N1E", "name": "River\u2013Illinois chi", "label": "RivIll", "name_canon": "Martin Luther King\u2013Kinzie chi", "label_canon": "MarKin", "center": [-87.618607, 41.88943], "area_sqmi": 0.896, "edge": true, "flag": false}}, {"type": "Feature", "geometry": {"type": "Polygon", "coordinates": [[[-87.62824197536796, 41.89663678301557], [-87.62786939558106, 41.88207238687456], [-87.6474392695458, 41.881807217983535], [-87.64783780503915, 41.896374711156355], [-87.62824197536796, 41.89663678301557]]]}, "properties": {"chi_id": "1N1W", "chi_ordinate": "\u03c7:1N1W", "name": "Clark\u2013Kinzie chi", "label": "ClaKin", "name_canon": "River\u2013Kinzie chi", "label_canon": "RivKin", "center": [-87.637847, 41.889224], "area_sqmi": 1.011, "edge": false, "flag": false}}, {"type": "Feature", "geometry": {"type": "MultiPolygon", "coordinates": [[[[-87.60847006449994, 41.889386219975], [-87.60768545802834, 41.88937716682341], [-87.60767165479918, 41.88937634144032], [-87.60767075038557, 41.889362543163976], [-87.6076688514508, 41.88925256319217], [-87.60766488191828, 41.889193248815], [-87.60765506230969, 41.88913461838079], [-87.60763948901958, 41.88907724743725], [-87.60761831492366, 41.88902169916824], [-87.6075917478782, 41.88896851886527], [-87.60756004867952, 41.88891822857464], [-87.60752352850392, 41.88887132197274], [-87.60748254585296, 41.88882825951986], [-87.60743750303425, 41.888789463940064], [-87.60738884221222, 41.88875531607151], [-87.6073370410675, 41.88872615112795], [-87.60728260810782, 41.88870225540805], [-87.60722607767624, 41.88868386348498], [-87.60716800470571, 41.8886711559037], [-87.60710895927157, 41.88866425740862], [-87.60704952099536, 41.88866323571906], [-87.60521885554982, 41.888722518926485], [-87.60520404910874, 41.88872226479014], [-87.60518934040378, 41.888720547443974], [-87.60469244938318, 41.8886374173873], [-87.6046784399066, 41.888634364089356], [-87.60466677496743, 41.88861636460972], [-87.6046323179335, 41.88856852246105], [-87.60459333173068, 41.88852429312275], [-87.60455019280957, 41.888484103673115], [-87.60450331771939, 41.88844834218129], [-87.60445315908582, 41.88841735396007], [-87.60440020124038, 41.888391438231594], [-87.6043449555438, 41.88837084523801], [-87.60428795544826, 41.88835577382516], [-87.60422975134642, 41.88834636952256], [-87.60417090525686, 41.8883427231381], [-87.60247991699109, 41.88832118995419], [-87.60247435951807, 41.888320842435405], [-87.60247990214448, 41.88832030804988], [-87.60843839085341, 41.888043638004234], [-87.60847006449994, 41.889386219975]]], [[[-87.60863232861084, 41.89626426824646], [-87.6024466768434, 41.89637872841762], [-87.6024326689061, 41.896378302173126], [-87.60243165047815, 41.896364324805944], [-87.60235835249878, 41.893286800185514], [-87.60235872615743, 41.89327216457793], [-87.60236007655885, 41.89326914251046], [-87.60238101332195, 41.893215519144704], [-87.60239671486593, 41.893160136160674], [-87.60240703665748, 41.893103503360784], [-87.60241188368414, 41.89304614205208], [-87.60241121132884, 41.89298858024753], [-87.60240502578064, 41.89293134780571], [-87.60239338397774, 41.892874971553354], [-87.60237639308336, 41.89281997043598], [-87.60235420949934, 41.89276685074091], [-87.60232703742638, 41.89271610143693], [-87.60229512698442, 41.89266818967326], [-87.60225877191027, 41.89262355647948], [-87.60221830685374, 41.89258261270578], [-87.60217410429719, 41.89254573524114], [-87.60212657112679, 41.89251326354399], [-87.60207614488715, 41.892485496517516], [-87.60202328975367, 41.89246268975822], [-87.60196849225984, 41.892445053203176], [-87.60191225681862, 41.89243274919753], [-87.60185510107934, 41.89242589100011], [-87.60179755116272, 41.89242454174089], [-87.60073528065642, 41.8924506247978], [-87.60072031035193, 41.892450229628864], [-87.60071792793042, 41.892448056235516], [-87.60068314761172, 41.89241268981339], [-87.60063934874707, 41.89237591792924], [-87.60059224794098, 41.89234348297777], [-87.6005422730928, 41.8923156796226], [-87.60048987821179, 41.89229276045041], [-87.60043553929263, 41.89227493367627], [-87.60037974999116, 41.89226236125208], [-87.6003230171395, 41.892255157395226], [-87.60026585614177, 41.892253387551], [-87.59856959948047, 41.892281755837516], [-87.59855565789542, 41.89228131039682], [-87.59855455719642, 41.89226740519388], [-87.59853045042996, 41.891472846171695], [-87.59853072185943, 41.891458688387644], [-87.59854485082406, 41.891457745580595], [-87.60005105918947, 41.891431941717265], [-87.60010746122964, 41.89142831310141], [-87.60016327160807, 41.89141939353583], [-87.6002179951073, 41.89140526216572], [-87.60027114615403, 41.89138604438176], [-87.60032225312766, 41.89136191070747], [-87.60037086254509, 41.89133307528608], [-87.60041654308455, 41.89129979398046], [-87.60045888941286, 41.89126236210276], [-87.60049752578198, 41.89122111179402], [-87.60053210936313, 41.89117640907706], [-87.60056233328883, 41.89112865060866], [-87.60056747564269, 41.891119608753606], [-87.60058127811942, 41.8911157467576], [-87.60070912844701, 41.89108661630322], [-87.60072510189175, 41.891083878037875], [-87.60074127792178, 41.891082885522785], [-87.60850880281758, 41.89102825909997], [-87.60863232861084, 41.89626426824646]]]]}, "properties": {"chi_id": "1N2E", "chi_ordinate": "\u03c7:1N2E", "name": "Woodlawn\u2013Kinzie chi", "label": "WooKin", "name_canon": "Woodlawn\u2013Kinzie chi", "label_canon": "WooKin", "center": [-87.605496, 41.894776], "area_sqmi": 0.141, "edge": true, "flag": false}}, {"type": "Feature", "geometry": {"type": "Polygon", "coordinates": [[[-87.64783780503915, 41.896374711156355], [-87.6474392695458, 41.881807217983535], [-87.66696172708328, 41.88154269157807], [-87.66735837954015, 41.89611364574915], [-87.64783780503915, 41.896374711156355]]]}, "properties": {"chi_id": "1N2W", "chi_ordinate": "\u03c7:1N2W", "name": "Racine\u2013Kinzie chi", "label": "RacKin", "name_canon": "Racine\u2013Kinzie chi", "label_canon": "RacKin", "center": [-87.657399, 41.88896], "area_sqmi": 1.009, "edge": false, "flag": false}}, {"type": "Feature", "geometry": {"type": "Polygon", "coordinates": [[[-87.66735837954015, 41.89611364574915], [-87.66696172708328, 41.88154269157807], [-87.6864166106353, 41.88127908079009], [-87.68682776760967, 41.895853264902065], [-87.66735837954015, 41.89611364574915]]]}, "properties": {"chi_id": "1N3W", "chi_ordinate": "\u03c7:1N3W", "name": "Damen\u2013Kinzie chi", "label": "DamKin", "name_canon": "Damen\u2013Kinzie chi", "label_canon": "DamKin", "center": [-87.676891, 41.888698], "area_sqmi": 1.006, "edge": false, "flag": false}}, {"type": "Feature", "geometry": {"type": "Polygon", "coordinates": [[[-87.68682776760967, 41.895853264902065], [-87.6864166106353, 41.88127908079009], [-87.70601542627381, 41.88101351974367], [-87.70641142123361, 41.89559135588358], [-87.68682776760967, 41.895853264902065]]]}, "properties": {"chi_id": "1N4W", "chi_ordinate": "\u03c7:1N4W", "name": "California\u2013Kinzie chi", "label": "CalKin", "name_canon": "California\u2013Kinzie chi", "label_canon": "CalKin", "center": [-87.696418, 41.888435], "area_sqmi": 1.013, "edge": false, "flag": false}}, {"type": "Feature", "geometry": {"type": "Polygon", "coordinates": [[[-87.70641142123361, 41.89559135588358], [-87.70601542627381, 41.88101351974367], [-87.72561811417306, 41.8807479062287], [-87.72602232945937, 41.895329082365905], [-87.70641142123361, 41.89559135588358]]]}, "properties": {"chi_id": "1N5W", "chi_ordinate": "\u03c7:1N5W", "name": "Central Park\u2013Kinzie chi", "label": "CenKin", "name_canon": "Central Park\u2013Kinzie chi", "label_canon": "CenKin", "center": [-87.716017, 41.888171], "area_sqmi": 1.014, "edge": false, "flag": false}}, {"type": "Feature", "geometry": {"type": "Polygon", "coordinates": [[[-87.72602232945937, 41.895329082365905], [-87.72561811417306, 41.8807479062287], [-87.74517455382475, 41.88048291937062], [-87.745600722287, 41.89506724370457], [-87.72602232945937, 41.895329082365905]]]}, "properties": {"chi_id": "1N6W", "chi_ordinate": "\u03c7:1N6W", "name": "Kostner\u2013Kinzie chi", "label": "KosKin", "name_canon": "Kostner\u2013Kinzie chi", "label_canon": "KosKin", "center": [-87.735604, 41.887908], "area_sqmi": 1.012, "edge": false, "flag": false}}, {"type": "Feature", "geometry": {"type": "Polygon", "coordinates": [[[-87.745600722287, 41.89506724370457], [-87.74517455382475, 41.88048291937062], [-87.76460327798371, 41.88021966303854], [-87.76484727271063, 41.89480984305669], [-87.745600722287, 41.89506724370457]]]}, "properties": {"chi_id": "1N7W", "chi_ordinate": "\u03c7:1N7W", "name": "Laramie\u2013Kinzie chi", "label": "LarKin", "name_canon": "Laramie\u2013Kinzie chi", "label_canon": "LarKin", "center": [-87.755056, 41.887646], "area_sqmi": 1.0, "edge": false, "flag": false}}, {"type": "Feature", "geometry": {"type": "Polygon", "coordinates": [[[-87.76484727271063, 41.89480984305669], [-87.76460327798371, 41.88021966303854], [-87.77463229246503, 41.8800837713791], [-87.77511864921387, 41.89467247511759], [-87.76484727271063, 41.89480984305669]]]}, "properties": {"chi_id": "1N8W", "chi_ordinate": "\u03c7:1N8W", "name": "Austin\u2013Fulton chi", "label": "AusFul", "name_canon": "Austin\u2013Kinzie chi", "label_canon": "AusKin", "center": [-87.769801, 41.887446], "area_sqmi": 0.525, "edge": true, "flag": false}}, {"type": "Feature", "geometry": {"type": "Polygon", "coordinates": [[[-87.62749427430066, 41.86740864203262], [-87.62786939558106, 41.88207238687456], [-87.61585181744134, 41.88223522327677], [-87.61586241099275, 41.8822214356224], [-87.61589330229441, 41.882171925154246], [-87.61591923769512, 41.882119647874624], [-87.61593997184897, 41.882065098320645], [-87.61595530861321, 41.882008792524864], [-87.6159651029038, 41.88195126313371], [-87.61596926206788, 41.88189305436865], [-87.6159677467602, 41.88183471687798], [-87.61596057131543, 41.88177680252771], [-87.61594780361244, 41.88171985918099], [-87.61592956443225, 41.881664425515396], [-87.61590602631544, 41.881611025927086], [-87.6158774119299, 41.88156016557007], [-87.61584399196445, 41.881512325577546], [-87.61580608256817, 41.881467958510385], [-87.61576404235961, 41.881427484075985], [-87.61575966586324, 41.881423662789736], [-87.6157584741163, 41.88140959757228], [-87.6157285454156, 41.88058993734992], [-87.61572873503019, 41.88057569934868], [-87.61574294599322, 41.880574802039824], [-87.61585428536777, 41.88057332734612], [-87.61591479674608, 41.88056946179435], [-87.61597460898693, 41.88055950864202], [-87.61603311124627, 41.880543569537636], [-87.61608970605849, 41.88052180726236], [-87.61614381543818, 41.88049444406763], [-87.61619488678285, 41.880461759405335], [-87.61624239851656, 41.880424087073905], [-87.61628586541657, 41.88038181180928], [-87.61632484356879, 41.88033536535574], [-87.61635893490131, 41.88028522205666], [-87.61638779124984, 41.880231894010144], [-87.61641111791334, 41.88017592583914], [-87.6164286766638, 41.880117889129394], [-87.61644028817906, 41.88005837659198], [-87.6164458338743, 41.87999799601017], [-87.61644525711301, 41.87993736403228], [-87.61618957942824, 41.875685635457955], [-87.61618904135479, 41.87566634722439], [-87.61621664564687, 41.86922312470251], [-87.61621407503314, 41.86916501403919], [-87.61620588953565, 41.8691074253695], [-87.61619216608572, 41.869050899940106], [-87.61617303366312, 41.86899596900482], [-87.61614867208374, 41.868943148831626], [-87.61611931030971, 41.86889293585052], [-87.61608522429745, 41.8688458019878], [-87.61604673440408, 41.86880219023074], [-87.61600420237656, 41.86876251046409], [-87.61595802795183, 41.86872713561783], [-87.61554906081544, 41.86844418742463], [-87.6154976686675, 41.86841233567711], [-87.6154433318167, 41.86838581788428], [-87.61538660203668, 41.868364903326004], [-87.61532805540047, 41.86834980438303], [-87.61526828643075, 41.86834067438038], [-87.6152079020626, 41.86833760603034], [-87.61514751548025, 41.86834063049104], [-87.61349081550631, 41.86850760754956], [-87.61347705484204, 41.86850835373601], [-87.6134636166854, 41.86850529945599], [-87.61279272842525, 41.86831979596858], [-87.61277936617742, 41.8683154088452], [-87.61276948658664, 41.868305399339405], [-87.61240331530568, 41.86789737991206], [-87.61239461928194, 41.86788673376135], [-87.61239287631311, 41.86787309838803], [-87.61237118389545, 41.86760473219237], [-87.62749427430066, 41.86740864203262]]]}, "properties": {"chi_id": "1S1E", "chi_ordinate": "\u03c7:1S1E", "name": "Michigan\u2013Harrison chi", "label": "MicHar", "name_canon": "Martin Luther King\u2013Congress chi", "label_canon": "MarCon", "center": [-87.621913, 41.872445], "area_sqmi": 0.609, "edge": true, "flag": false}}, {"type": "Feature", "geometry": {"type": "Polygon", "coordinates": [[[-87.62786939558106, 41.88207238687456], [-87.62749427430066, 41.86740864203262], [-87.64703842237888, 41.86715522722016], [-87.6474392695458, 41.881807217983535], [-87.62786939558106, 41.88207238687456]]]}, "properties": {"chi_id": "1S1W", "chi_ordinate": "\u03c7:1S1W", "name": "Clark\u2013Congress chi", "label": "ClaCon", "name_canon": "River\u2013Congress chi", "label_canon": "RivCon", "center": [-87.63746, 41.874608], "area_sqmi": 1.016, "edge": false, "flag": false}}, {"type": "Feature", "geometry": {"type": "Polygon", "coordinates": [[[-87.6474392695458, 41.881807217983535], [-87.64703842237888, 41.86715522722016], [-87.66656317796371, 41.86690206385612], [-87.66696172708328, 41.88154269157807], [-87.6474392695458, 41.881807217983535]]]}, "properties": {"chi_id": "1S2W", "chi_ordinate": "\u03c7:1S2W", "name": "Racine\u2013Congress chi", "label": "RacCon", "name_canon": "Racine\u2013Congress chi", "label_canon": "RacCon", "center": [-87.657001, 41.874349], "area_sqmi": 1.014, "edge": false, "flag": false}}, {"type": "Feature", "geometry": {"type": "Polygon", "coordinates": [[[-87.66696172708328, 41.88154269157807], [-87.66656317796371, 41.86690206385612], [-87.68600390467203, 41.86664999003365], [-87.6864166106353, 41.88127908079009], [-87.66696172708328, 41.88154269157807]]]}, "properties": {"chi_id": "1S3W", "chi_ordinate": "\u03c7:1S3W", "name": "Damen\u2013Congress chi", "label": "DamCon", "name_canon": "Damen\u2013Congress chi", "label_canon": "DamCon", "center": [-87.676486, 41.874091], "area_sqmi": 1.009, "edge": false, "flag": false}}, {"type": "Feature", "geometry": {"type": "Polygon", "coordinates": [[[-87.6864166106353, 41.88127908079009], [-87.68600390467203, 41.86664999003365], [-87.70561834420894, 41.866395663802756], [-87.70601542627381, 41.88101351974367], [-87.6864166106353, 41.88127908079009]]]}, "properties": {"chi_id": "1S4W", "chi_ordinate": "\u03c7:1S4W", "name": "California\u2013Congress chi", "label": "CalCon", "name_canon": "California\u2013Congress chi", "label_canon": "CalCon", "center": [-87.696013, 41.873832], "area_sqmi": 1.017, "edge": false, "flag": false}}, {"type": "Feature", "geometry": {"type": "Polygon", "coordinates": [[[-87.70601542627381, 41.88101351974367], [-87.70561834420894, 41.866395663802756], [-87.72521320200103, 41.86614159147416], [-87.72561811417306, 41.8807479062287], [-87.70601542627381, 41.88101351974367]]]}, "properties": {"chi_id": "1S5W", "chi_ordinate": "\u03c7:1S5W", "name": "Central Park\u2013Congress chi", "label": "CenCon", "name_canon": "Central Park\u2013Congress chi", "label_canon": "CenCon", "center": [-87.715616, 41.873572], "area_sqmi": 1.015, "edge": false, "flag": false}}, {"type": "Feature", "geometry": {"type": "Polygon", "coordinates": [[[-87.72561811417306, 41.8807479062287], [-87.72521320200103, 41.86614159147416], [-87.7404420673513, 41.86594412980731], [-87.74046149290137, 41.86594863795775], [-87.7405192120386, 41.86595624089193], [-87.74057739631127, 41.86595821416971], [-87.74474834396345, 41.86589717827907], [-87.74517455382475, 41.88048291937062], [-87.72561811417306, 41.8807479062287]]]}, "properties": {"chi_id": "1S6W", "chi_ordinate": "\u03c7:1S6W", "name": "Kostner\u2013Congress chi", "label": "KosCon", "name_canon": "Kostner\u2013Congress chi", "label_canon": "KosCon", "center": [-87.735189, 41.873312], "area_sqmi": 1.012, "edge": true, "flag": false}}, {"type": "Feature", "geometry": {"type": "Polygon", "coordinates": [[[-87.74517455382475, 41.88048291937062], [-87.74474834396345, 41.86589717827907], [-87.75007721443859, 41.86581919783369], [-87.76435935898935, 41.86563401160974], [-87.76460327798371, 41.88021966303854], [-87.74517455382475, 41.88048291937062]]]}, "properties": {"chi_id": "1S7W", "chi_ordinate": "\u03c7:1S7W", "name": "Laramie\u2013Congress chi", "label": "LarCon", "name_canon": "Laramie\u2013Congress chi", "label_canon": "LarCon", "center": [-87.754721, 41.873058], "area_sqmi": 1.01, "edge": true, "flag": false}}, {"type": "Feature", "geometry": {"type": "Polygon", "coordinates": [[[-87.76460327798371, 41.88021966303854], [-87.76435935898935, 41.86563401160974], [-87.77414633721492, 41.86550711095172], [-87.77463229246503, 41.8800837713791], [-87.76460327798371, 41.88021966303854]]]}, "properties": {"chi_id": "1S8W", "chi_ordinate": "\u03c7:1S8W", "name": "Austin\u2013Arthington chi", "label": "AusArt", "name_canon": "Austin\u2013Congress chi", "label_canon": "AusCon", "center": [-87.769436, 41.872859], "area_sqmi": 0.512, "edge": true, "flag": false}}, {"type": "Feature", "geometry": {"type": "Polygon", "coordinates": [[[-87.80517285213138, 41.90887059689941], [-87.8051724326594, 41.908854945560904], [-87.805736456403, 41.90884719972962], [-87.80575034884848, 41.90884768256735], [-87.80575148526276, 41.90886153687142], [-87.80575153630164, 41.90886306582795], [-87.80517285213138, 41.90887059689941]]]}, "properties": {"chi_id": "2N10W", "chi_ordinate": "\u03c7:2N10W", "name": "Oak Park\u2013Armitage chi", "label": "OakArm", "name_canon": "Oriole\u2013Division chi", "label_canon": "OriDivi", "center": [-87.805462, 41.908858], "area_sqmi": 0.0, "edge": true, "flag": false}}, {"type": "Feature", "geometry": {"type": "Polygon", "coordinates": [[[-87.62824197536796, 41.89663678301557], [-87.62861371560516, 41.911168360589485], [-87.62464115203382, 41.911220060051264], [-87.62472804690373, 41.91076448266189], [-87.62473177224058, 41.91074932520681], [-87.62474001246808, 41.91073606906753], [-87.62500946068037, 41.91034946945858], [-87.62504289659952, 41.91029564459093], [-87.62507046967171, 41.91023859371226], [-87.62509187237467, 41.910178953110545], [-87.62510686600422, 41.91011738795693], [-87.62511528333656, 41.91005458488707], [-87.62511703049323, 41.909991244343104], [-87.625096136128, 41.90916398225268], [-87.62509332355604, 41.90911916838507], [-87.62508716748516, 41.90907469034461], [-87.62482386275929, 41.907585137895424], [-87.62481291584234, 41.90753555357433], [-87.62479781553752, 41.90748707243693], [-87.62358286820599, 41.90409857745407], [-87.6235788963506, 41.90408556263723], [-87.62355761777359, 41.90402694142997], [-87.62353036931758, 41.90397084557072], [-87.62349744535852, 41.90391788108544], [-87.62345920158711, 41.903868620170634], [-87.62341605116606, 41.90382359501163], [-87.62336846026662, 41.903783292033204], [-87.62261134650652, 41.903206921611066], [-87.62259775572713, 41.90319522195013], [-87.62258566550213, 41.90318197741125], [-87.62194430163586, 41.902388507612955], [-87.62193565323217, 41.90237665781495], [-87.62192679099199, 41.90235116715962], [-87.62192527801922, 41.9023460118756], [-87.62190301082804, 41.9022909752422], [-87.62187541339563, 41.90223840870776], [-87.62184275593604, 41.902188826965634], [-87.62180535820744, 41.902142715484274], [-87.62176358638122, 41.902100525753845], [-87.62171784945681, 41.90206267086559], [-87.621668595257, 41.90202952146711], [-87.62161630604318, 41.90200140213325], [-87.62156149379338, 41.90197858818815], [-87.6215046951894, 41.90196130300939], [-87.61989520594842, 41.901557314746086], [-87.61988225842138, 41.90155343268731], [-87.61987083176705, 41.901546211856264], [-87.6192523572338, 41.901114919943076], [-87.61924145968256, 41.901106547728574], [-87.6192332656835, 41.90109551554946], [-87.61633770713433, 41.89679598901812], [-87.62824197536796, 41.89663678301557]]]}, "properties": {"chi_id": "2N1E", "chi_ordinate": "\u03c7:2N1E", "name": "La Salle\u2013Division chi", "label": "LaDivi", "name_canon": "Martin Luther King\u2013Division chi", "label_canon": "MarDivi", "center": [-87.625971, 41.903944], "area_sqmi": 0.332, "edge": true, "flag": false}}, {"type": "Feature", "geometry": {"type": "Polygon", "coordinates": [[[-87.62861371560516, 41.911168360589485], [-87.62824197536796, 41.89663678301557], [-87.64783780503915, 41.896374711156355], [-87.64823554155298, 41.9109129995808], [-87.62861371560516, 41.911168360589485]]]}, "properties": {"chi_id": "2N1W", "chi_ordinate": "\u03c7:2N1W", "name": "Clark\u2013Division chi", "label": "ClaDivi", "name_canon": "River\u2013Division chi", "label_canon": "RivDivi", "center": [-87.638232, 41.903775], "area_sqmi": 1.011, "edge": false, "flag": false}}, {"type": "Feature", "geometry": {"type": "Polygon", "coordinates": [[[-87.64823554155298, 41.9109129995808], [-87.64783780503915, 41.896374711156355], [-87.66735837954015, 41.89611364574915], [-87.66775433455334, 41.910658979456365], [-87.64823554155298, 41.9109129995808]]]}, "properties": {"chi_id": "2N2W", "chi_ordinate": "\u03c7:2N2W", "name": "Racine\u2013Division chi", "label": "RacDivi", "name_canon": "Racine\u2013Division chi", "label_canon": "RacDivi", "center": [-87.657797, 41.903517], "area_sqmi": 1.007, "edge": false, "flag": false}}, {"type": "Feature", "geometry": {"type": "Polygon", "coordinates": [[[-87.66775433455334, 41.910658979456365], [-87.66735837954015, 41.89611364574915], [-87.68682776760967, 41.895853264902065], [-87.68723830290612, 41.91040541254445], [-87.66775433455334, 41.910658979456365]]]}, "properties": {"chi_id": "2N3W", "chi_ordinate": "\u03c7:2N3W", "name": "Damen\u2013Division chi", "label": "DamDivi", "name_canon": "Damen\u2013Division chi", "label_canon": "DamDivi", "center": [-87.677295, 41.90326], "area_sqmi": 1.005, "edge": false, "flag": false}}, {"type": "Feature", "geometry": {"type": "Polygon", "coordinates": [[[-87.68723830290612, 41.91040541254445], [-87.68682776760967, 41.895853264902065], [-87.70641142123361, 41.89559135588358], [-87.7068069150698, 41.91015074406691], [-87.68723830290612, 41.91040541254445]]]}, "properties": {"chi_id": "2N4W", "chi_ordinate": "\u03c7:2N4W", "name": "California\u2013Division chi", "label": "CalDivi", "name_canon": "California\u2013Division chi", "label_canon": "CalDivi", "center": [-87.696821, 41.903002], "area_sqmi": 1.01, "edge": false, "flag": false}}, {"type": "Feature", "geometry": {"type": "Polygon", "coordinates": [[[-87.7068069150698, 41.91015074406691], [-87.70641142123361, 41.89559135588358], [-87.72602232945937, 41.895329082365905], [-87.72642613331355, 41.90989541699523], [-87.7068069150698, 41.91015074406691]]]}, "properties": {"chi_id": "2N5W", "chi_ordinate": "\u03c7:2N5W", "name": "Central Park\u2013Division chi", "label": "CenDivi", "name_canon": "Central Park\u2013Division chi", "label_canon": "CenDivi", "center": [-87.716417, 41.902743], "area_sqmi": 1.013, "edge": false, "flag": false}}, {"type": "Feature", "geometry": {"type": "Polygon", "coordinates": [[[-87.72642613331355, 41.90989541699523], [-87.72602232945937, 41.895329082365905], [-87.745600722287, 41.89506724370457], [-87.74602656249252, 41.90964033444689], [-87.72642613331355, 41.90989541699523]]]}, "properties": {"chi_id": "2N6W", "chi_ordinate": "\u03c7:2N6W", "name": "Kostner\u2013Division chi", "label": "KosDivi", "name_canon": "Kostner\u2013Division chi", "label_canon": "KosDivi", "center": [-87.736019, 41.902485], "area_sqmi": 1.012, "edge": false, "flag": false}}, {"type": "Feature", "geometry": {"type": "Polygon", "coordinates": [[[-87.74602656249252, 41.90964033444689], [-87.745600722287, 41.89506724370457], [-87.76484727271063, 41.89480984305669], [-87.76509113703838, 41.90939222558082], [-87.74602656249252, 41.90964033444689]]]}, "properties": {"chi_id": "2N7W", "chi_ordinate": "\u03c7:2N7W", "name": "Laramie\u2013Division chi", "label": "LarDivi", "name_canon": "Laramie\u2013Division chi", "label_canon": "LarDivi", "center": [-87.755391, 41.90223], "area_sqmi": 0.99, "edge": false, "flag": false}}, {"type": "Feature", "geometry": {"type": "Polygon", "coordinates": [[[-87.76509113703838, 41.90939222558082], [-87.76484727271063, 41.89480984305669], [-87.77511864921387, 41.89467247511759], [-87.77558539627968, 41.90867296895353], [-87.775590147467, 41.90873092185614], [-87.7756004860902, 41.90878814270524], [-87.77561631504912, 41.90884409408378], [-87.77563748567852, 41.90889825049755], [-87.77566379914425, 41.90895010331061], [-87.7756950083108, 41.90899916552238], [-87.77573082006232, 41.90904497634158], [-87.77577089805553, 41.90908710551391], [-87.77581486587876, 41.90912515736305], [-87.77586231058707, 41.90915877450679], [-87.77591278658076, 41.909187641213606], [-87.77596581979031, 41.90921148636797], [-87.77602091212889, 41.909230086016684], [-87.77607754617036, 41.90924326547221], [-87.77611866385219, 41.90924871190487], [-87.76509113703838, 41.90939222558082]]]}, "properties": {"chi_id": "2N8W", "chi_ordinate": "\u03c7:2N8W", "name": "Austin\u2013Division chi", "label": "AusDivi", "name_canon": "Austin\u2013Division chi", "label_canon": "AusDivi", "center": [-87.770159, 41.901741], "area_sqmi": 0.538, "edge": true, "flag": false}}, {"type": "Feature", "geometry": {"type": "Polygon", "coordinates": [[[-87.8051724326594, 41.908854945560904], [-87.80517285213138, 41.90887059689941], [-87.78514873057661, 41.90913119343573], [-87.78339768113882, 41.90915398182209], [-87.78514869376238, 41.90912993487635], [-87.8051724326594, 41.908854945560904]]]}, "properties": {"chi_id": "2N9W", "chi_ordinate": "\u03c7:2N9W", "name": "Oak Park\u2013Armitage chi", "label": "OakArm", "name_canon": "Oak Park\u2013Division chi", "label_canon": "OakDivi", "center": [-87.7949, 41.909], "area_sqmi": 0.001, "edge": true, "flag": false}}, {"type": "Feature", "geometry": {"type": "Polygon", "coordinates": [[[-87.62712306525954, 41.85289782927234], [-87.62749427430066, 41.86740864203262], [-87.61237118389545, 41.86760473219237], [-87.61236028361513, 41.867469880152974], [-87.61235984641078, 41.86745402161527], [-87.6123618938477, 41.867428035091926], [-87.61236363168544, 41.867369119471554], [-87.61235958052352, 41.86731031761367], [-87.61234977945647, 41.8672521969677], [-87.61233432306648, 41.86719531840924], [-87.61231336051075, 41.86714023082751], [-87.61228709408205, 41.86708746582844], [-87.61225577725655, 41.86703753260459], [-87.61221971224772, 41.86699091302135], [-87.61217924708997, 41.86694805696679], [-87.61213477227999, 41.866909378010234], [-87.61208671700837, 41.86687524941118], [-87.61203554501789, 41.86684600051728], [-87.61198175012828, 41.86682191358607], [-87.61192585147073, 41.86680322106116], [-87.61186838847821, 41.866790103329066], [-87.61180991567986, 41.86678268697847], [-87.6117509973496, 41.8667810435786], [-87.60793868404286, 41.86686207452946], [-87.6076184443285, 41.853287759163535], [-87.60899432062453, 41.853190112770434], [-87.60900988480309, 41.8531898253067], [-87.60902477538939, 41.85319436366875], [-87.60957888205112, 41.85339551197746], [-87.6095979228186, 41.85340360314106], [-87.60965369756211, 41.85342410665661], [-87.60971122693832, 41.85343899245646], [-87.60976994664539, 41.853448114526785], [-87.60982928070557, 41.8534513833898], [-87.60988864711503, 41.85344876698145], [-87.60994746355257, 41.853440290965914], [-87.61000515309165, 41.85342603848385], [-87.6100611498594, 41.853406149336934], [-87.61011490458725, 41.85338081861647], [-87.6101658899986, 41.853350294789834], [-87.61021360598096, 41.85331487726321], [-87.61025758449139, 41.85327491344477], [-87.61029739414762, 41.85323079533698], [-87.61033264445935, 41.85318295569142], [-87.61036251905709, 41.85313265611137], [-87.62712306525954, 41.85289782927234]]]}, "properties": {"chi_id": "2S1E", "chi_ordinate": "\u03c7:2S1E", "name": "Prairie\u201316th chi", "label": "Pra16", "name_canon": "Martin Luther King\u201316th chi", "label_canon": "Mar16", "center": [-87.617544, 41.860116], "area_sqmi": 0.99, "edge": true, "flag": false}}, {"type": "Feature", "geometry": {"type": "Polygon", "coordinates": [[[-87.62749427430066, 41.86740864203262], [-87.62712306525954, 41.85289782927234], [-87.6466408891961, 41.85262437106611], [-87.64703842237888, 41.86715522722016], [-87.62749427430066, 41.86740864203262]]]}, "properties": {"chi_id": "2S1W", "chi_ordinate": "\u03c7:2S1W", "name": "Clark\u201316th chi", "label": "Cla16", "name_canon": "River\u201316th chi", "label_canon": "Riv16", "center": [-87.637074, 41.860027], "area_sqmi": 1.006, "edge": false, "flag": false}}, {"type": "Feature", "geometry": {"type": "Polygon", "coordinates": [[[-87.6076184443285, 41.853287759163535], [-87.60793868404286, 41.86686207452946], [-87.60785978365756, 41.86686375156194], [-87.60780754506145, 41.86686714607362], [-87.60775580117301, 41.86687508103696], [-87.60770494587733, 41.86688749604938], [-87.60765536629529, 41.86690429660527], [-87.60677807451899, 41.86724492354369], [-87.60676497057854, 41.86724931863491], [-87.60675153655731, 41.86724606945729], [-87.60602170878246, 41.867033002167666], [-87.6060084098321, 41.86702842253091], [-87.60599969726447, 41.86701738050588], [-87.60563338660903, 41.86650473687321], [-87.60562571409878, 41.866492828404574], [-87.6056271382224, 41.86647873404746], [-87.60568668512178, 41.866081444578064], [-87.60568975295108, 41.866066374030865], [-87.60569990875297, 41.86605482445687], [-87.60588470519492, 41.865865508536714], [-87.60592346786392, 41.86582171754168], [-87.60595778313127, 41.86577436082959], [-87.60598732498329, 41.86572388831496], [-87.60601181275631, 41.865670779514126], [-87.60603101380319, 41.86561553898957], [-87.60604474570351, 41.86555869155633], [-87.60605287799679, 41.865500777295914], [-87.60605533342179, 41.86544234642529], [-87.6060510978953, 41.864815488506295], [-87.60605167305586, 41.86480164721875], [-87.60606548124332, 41.86480053097188], [-87.60628297801361, 41.86479348654207], [-87.60629762247795, 41.864793745947914], [-87.60630650376174, 41.86480539285416], [-87.60631867131822, 41.864823125095164], [-87.60635546518904, 41.86487132976907], [-87.6063969369705, 41.86491557421347], [-87.60644266301917, 41.86495540646159], [-87.60649217623336, 41.864990419618216], [-87.60654497082466, 41.86502025601623], [-87.60660050748466, 41.865044610870214], [-87.60665821889411, 41.865063235389975], [-87.60671751551821, 41.865075939321926], [-87.60677779162886, 41.86508259289259], [-87.60683843149226, 41.86508312813427], [-87.60689881565881, 41.865077539579374], [-87.60695832729094, 41.8650658843162], [-87.60701635846415, 41.865048281405855], [-87.6070723163772, 41.86502491066594], [-87.60712562940765, 41.864996010833735], [-87.60717575295111, 41.86496187712741], [-87.60723295302459, 41.86491853661999], [-87.60728160648715, 41.86487743028342], [-87.6073256282669, 41.864831397977035], [-87.6073645222763, 41.86478095844532], [-87.60739785021326, 41.86472668009842], [-87.60742523650063, 41.86466917460661], [-87.60750033077181, 41.864487189390836], [-87.60752062145639, 41.86442996223499], [-87.60753502447872, 41.864370977387836], [-87.60754339234147, 41.86431083889667], [-87.60754563935171, 41.86425016262296], [-87.60754174249844, 41.86418956993544], [-87.60753174168823, 41.86412968134687], [-87.60751573933659, 41.86407111015951], [-87.60704881927946, 41.862649398447076], [-87.60702789494154, 41.86259481336923], [-87.60700175799137, 41.86254252361424], [-87.6069706565382, 41.862493025551125], [-87.60693488581764, 41.86244678904831], [-87.60689478538907, 41.862404253013345], [-87.60685073591237, 41.862365821226454], [-87.60680315553437, 41.86233185850764], [-87.60675249591952, 41.862302687253546], [-87.6066992379625, 41.862278584377044], [-87.6060405457962, 41.8620183516047], [-87.60602767190773, 41.862012528315425], [-87.60602656892475, 41.86199844175695], [-87.60597044130884, 41.86010290385122], [-87.60597072803694, 41.86008863310173], [-87.6059848208117, 41.86008636810557], [-87.60649616800512, 41.86003006453373], [-87.60655340159083, 41.86002094670939], [-87.6066094884976, 41.86000634955405], [-87.60666390543174, 41.85998640925988], [-87.60671614468058, 41.859961311870855], [-87.60676571884926, 41.85993129154685], [-87.60681216540833, 41.859896628379005], [-87.60685505100905, 41.85985764577641], [-87.60689397552662, 41.8598147074487], [-87.60692857579333, 41.85976821401263], [-87.60695852898697, 41.85971859925429], [-87.60698355564274, 41.85966632608187], [-87.60700342226068, 41.85961188220668], [-87.60701794348424, 41.8595557755928], [-87.60702698382968, 41.85949852971777], [-87.60703045895015, 41.859440678688465], [-87.60702833642257, 41.85938276225789], [-87.60651726090725, 41.853380807807675], [-87.60651675922007, 41.85336664927699], [-87.60653082410889, 41.85336494792812], [-87.6076184443285, 41.853287759163535]]]}, "properties": {"chi_id": "2S2E", "chi_ordinate": "\u03c7:2S2E", "name": "Woodlawn\u201316th chi", "label": "Woo16", "name_canon": "Woodlawn\u201316th chi", "label_canon": "Woo16", "center": [-87.6069, 41.861051], "area_sqmi": 0.056, "edge": true, "flag": false}}, {"type": "Feature", "geometry": {"type": "Polygon", "coordinates": [[[-87.64703842237888, 41.86715522722016], [-87.6466408891961, 41.85262437106611], [-87.66616706140746, 41.852350795894786], [-87.66656317796371, 41.86690206385612], [-87.64703842237888, 41.86715522722016]]]}, "properties": {"chi_id": "2S2W", "chi_ordinate": "\u03c7:2S2W", "name": "Racine\u201316th chi", "label": "Rac16", "name_canon": "Racine\u201316th chi", "label_canon": "Rac16", "center": [-87.656603, 41.859763], "area_sqmi": 1.007, "edge": false, "flag": false}}, {"type": "Feature", "geometry": {"type": "Polygon", "coordinates": [[[-87.66656317796371, 41.86690206385612], [-87.66616706140746, 41.852350795894786], [-87.68559282729771, 41.852078627485426], [-87.68600390467203, 41.86664999003365], [-87.66656317796371, 41.86690206385612]]]}, "properties": {"chi_id": "2S3W", "chi_ordinate": "\u03c7:2S3W", "name": "Damen\u201316th chi", "label": "Dam16", "name_canon": "Damen\u201316th chi", "label_canon": "Dam16", "center": [-87.676082, 41.8595], "area_sqmi": 1.003, "edge": false, "flag": false}}, {"type": "Feature", "geometry": {"type": "Polygon", "coordinates": [[[-87.68600390467203, 41.86664999003365], [-87.68559282729771, 41.852078627485426], [-87.7052219630305, 41.85180360972399], [-87.70561834420894, 41.866395663802756], [-87.68600390467203, 41.86664999003365]]]}, "properties": {"chi_id": "2S4W", "chi_ordinate": "\u03c7:2S4W", "name": "California\u201316th chi", "label": "Cal16", "name_canon": "California\u201316th chi", "label_canon": "Cal16", "center": [-87.695609, 41.859237], "area_sqmi": 1.015, "edge": false, "flag": false}}, {"type": "Feature", "geometry": {"type": "Polygon", "coordinates": [[[-87.70561834420894, 41.866395663802756], [-87.7052219630305, 41.85180360972399], [-87.72480812120853, 41.8515291941078], [-87.72521320200103, 41.86614159147416], [-87.70561834420894, 41.866395663802756]]]}, "properties": {"chi_id": "2S5W", "chi_ordinate": "\u03c7:2S5W", "name": "Central Park\u201316th chi", "label": "Cen16", "name_canon": "Central Park\u201316th chi", "label_canon": "Cen16", "center": [-87.715216, 41.858973], "area_sqmi": 1.014, "edge": false, "flag": false}}, {"type": "Feature", "geometry": {"type": "Polygon", "coordinates": [[[-87.72521320200103, 41.86614159147416], [-87.72480812120853, 41.8515291941078], [-87.73951415655614, 41.85132315238614], [-87.73996893096673, 41.86537768295675], [-87.73997363450673, 41.86543571036512], [-87.73998393964824, 41.865493008772326], [-87.73999974937114, 41.86554903872925], [-87.7400209148311, 41.86560327272887], [-87.74004723676101, 41.86565520017263], [-87.74007846734698, 41.865704332177586], [-87.74011431256139, 41.8657502061791], [-87.74015443493117, 41.86579239028574], [-87.74019845671499, 41.86583048734547], [-87.74024596345956, 41.865864138684685], [-87.74029650790162, 41.86589302748507], [-87.7403496141788, 41.86591688176631], [-87.74040478230978, 41.865935476946746], [-87.7404420673513, 41.86594412980731], [-87.72521320200103, 41.86614159147416]]]}, "properties": {"chi_id": "2S6W", "chi_ordinate": "\u03c7:2S6W", "name": "Kostner\u201316th chi", "label": "Kos16", "name_canon": "Kostner\u201316th chi", "label_canon": "Kos16", "center": [-87.732372, 41.858453], "area_sqmi": 0.764, "edge": true, "flag": false}}, {"type": "Feature", "geometry": {"type": "Polygon", "coordinates": [[[-87.7643589608625, 41.865610204773695], [-87.76435935898935, 41.86563401160974], [-87.75007721443859, 41.86581919783369], [-87.7643589608625, 41.865610204773695]]]}, "properties": {"chi_id": "2S7W", "chi_ordinate": "\u03c7:2S7W", "name": "Laramie\u2013Fillmore chi", "label": "LarFil", "name_canon": "Laramie\u201316th chi", "label_canon": "Lar16", "center": [-87.756811, 41.865727], "area_sqmi": 0.001, "edge": true, "flag": false}}, {"type": "Feature", "geometry": {"type": "Polygon", "coordinates": [[[-87.76435935898935, 41.86563401160974], [-87.7643589608625, 41.865610204773695], [-87.7741304477363, 41.8654672129517], [-87.77414434809215, 41.86546768394652], [-87.77414548492446, 41.865481545740835], [-87.77414633721492, 41.86550711095172], [-87.76435935898935, 41.86563401160974]]]}, "properties": {"chi_id": "2S8W", "chi_ordinate": "\u03c7:2S8W", "name": "Austin\u2013Fillmore chi", "label": "AusFil", "name_canon": "Austin\u201316th chi", "label_canon": "Aus16", "center": [-87.769026, 41.865559], "area_sqmi": 0.001, "edge": true, "flag": false}}, {"type": "Feature", "geometry": {"type": "Polygon", "coordinates": [[[-87.80556355728545, 41.92344858789643], [-87.80517285213138, 41.90887059689941], [-87.80575153630164, 41.90886306582795], [-87.8062359803891, 41.923375412522375], [-87.80623602076196, 41.92337658743902], [-87.80623825752451, 41.92343987440728], [-87.80556355728545, 41.92344858789643]]]}, "properties": {"chi_id": "3N10W", "chi_ordinate": "\u03c7:3N10W", "name": "Oak Park\u2013Armitage chi", "label": "OakArm", "name_canon": "Oriole\u2013Armitage chi", "label_canon": "OriArm", "center": [-87.805681, 41.916123], "area_sqmi": 0.032, "edge": true, "flag": false}}, {"type": "Feature", "geometry": {"type": "Polygon", "coordinates": [[[-87.62861371560516, 41.911168360589485], [-87.62887904274254, 41.9215401780408], [-87.62881158819532, 41.92144027430613], [-87.62877686865323, 41.92139385662403], [-87.6287378319669, 41.921351005895524], [-87.62869484248388, 41.921312122066446], [-87.62864830144508, 41.92127756805769], [-87.6285986432397, 41.92124766637792], [-87.62854633135093, 41.92122269611347], [-87.62849185403, 41.92120289032344], [-87.62843571973916, 41.92118843386452], [-87.62837845240588, 41.92117946166557], [-87.62832058653291, 41.921176057468294], [-87.62826266220941, 41.92117825304566], [-87.62820522007007, 41.921186027905335], [-87.62814879624918, 41.92119930948091], [-87.62809391737655, 41.921217973809256], [-87.62772253396608, 41.92136465465205], [-87.62771865889457, 41.92136597182561], [-87.62772232159594, 41.921364145423716], [-87.62825075507642, 41.9211319094262], [-87.62830426608441, 41.921105133323266], [-87.62835484401003, 41.921073160505074], [-87.62840198582946, 41.92103630895795], [-87.62844522269272, 41.920994945189754], [-87.62848412458666, 41.92094948058472], [-87.62851830461167, 41.92090036731203], [-87.6285474228296, 41.9208480938288], [-87.62857118964457, 41.92079318002207], [-87.62858936868324, 41.920736172038275], [-87.62860177914557, 41.920677636851515], [-87.62860829760307, 41.920618156624755], [-87.62860885922625, 41.920558322919845], [-87.62860345842948, 41.920498730814174], [-87.62859214892653, 41.920439972982294], [-87.62857504319626, 41.92038263380149], [-87.62855231136412, 41.92032728353978], [-87.62852417951, 41.92027447268438], [-87.62849092741985, 41.92022472646679], [-87.62823347728641, 41.919878300724875], [-87.62819540731118, 41.91983208277162], [-87.62815292023267, 41.91978988952125], [-87.6281064392012, 41.9197521411977], [-87.6280564271449, 41.91971921375562], [-87.62800338215914, 41.919691435136095], [-87.62794783254579, 41.91966908200044], [-87.62789033155155, 41.91965237697485], [-87.62783145185794, 41.91964148643314], [-87.62777177987765, 41.91963651883972], [-87.6277119099141, 41.91963752366936], [-87.62765243824259, 41.919644490914465], [-87.62759395717157, 41.91965735118471], [-87.62753704914365, 41.919675976398146], [-87.62734466946637, 41.919749757510516], [-87.6273370893104, 41.91975224786191], [-87.62734396721115, 41.919748203718264], [-87.62773950862424, 41.91954089538892], [-87.62778931554611, 41.91951165236585], [-87.62783607997888, 41.91947775588088], [-87.62787936858719, 41.9194395200305], [-87.62791878024393, 41.91939729912126], [-87.62795394974714, 41.919351484386624], [-87.62798455120407, 41.9193025003617], [-87.6280103010511, 41.91925080094931], [-87.6280309606813, 41.91919686521398], [-87.62804633865542, 41.919141192942824], [-87.62805629247588, 41.91908430001424], [-87.62806072990712, 41.91902671361768], [-87.62805960983039, 41.918968967368514], [-87.62805294262472, 41.91891159636336], [-87.62804079007071, 41.91885513222168], [-87.62802326477814, 41.91880009815964], [-87.62800052914235, 41.9187470041418], [-87.62797279383962, 41.9186963421556], [-87.62794031587475, 41.91864858165242], [-87.6279033961998, 41.91860416519753], [-87.62765243438967, 41.91833021810012], [-87.62761147780698, 41.91828961370754], [-87.62756681198796, 41.91825312914951], [-87.62751884961483, 41.91822110151885], [-87.6274680338277, 41.91819382672938], [-87.62741483413035, 41.91817155678182], [-87.62735974205226, 41.91815449743557], [-87.62730326660727, 41.91814280630752], [-87.62724592959057, 41.91813659141585], [-87.62718826075772, 41.918135910181995], [-87.62713079293, 41.91814076890008], [-87.62707405707161, 41.918151122678836], [-87.62701857738377, 41.91816687585627], [-87.62696486646156, 41.91818788288362], [-87.62681939174254, 41.91825300514052], [-87.62681214919338, 41.91825583095906], [-87.62681865331957, 41.91825157230744], [-87.62723417234254, 41.91800765627142], [-87.62728282745488, 41.91797582855907], [-87.62732817362433, 41.917939441086716], [-87.62736978506007, 41.91789883552495], [-87.62740727103954, 41.91785439315135], [-87.62744027957744, 41.91780653127032], [-87.62746850073061, 41.91775569929472], [-87.62749166950844, 41.917702374525966], [-87.62750956836106, 41.917647057672255], [-87.62752202922205, 41.91759026814705], [-87.62752893508659, 41.91753253919188], [-87.62753022111008, 41.91747441286933], [-87.62752587521702, 41.91741643497318], [-87.62751593821444, 41.91735914990349], [-87.62750050340867, 41.91730309555486], [-87.62747971572924, 41.91724879826567], [-87.62745377036804, 41.917196767875886], [-87.62742291094645, 41.91714749293977], [-87.62738742722789, 41.917101436138466], [-87.62734765239688, 41.91705902993552], [-87.6270555100618, 41.91677635068273], [-87.62701211645673, 41.91673823116626], [-87.62696525859256, 41.91670446071966], [-87.62691537069887, 41.916675352292], [-87.62686291508433, 41.91665117562968], [-87.62680837785258, 41.91663215477665], [-87.62675226439748, 41.916618465998226], [-87.62669509471971, 41.916610236147655], [-87.62663739860788, 41.916607541490556], [-87.62657971072906, 41.916610406998196], [-87.62652256567401, 41.91661880611605], [-87.62646649300318, 41.9166326610099], [-87.62641201233929, 41.91665184328711], [-87.626359628552, 41.91667617518647], [-87.62630982707931, 41.91670543122544], [-87.62611042795089, 41.91683587013327], [-87.62610498151358, 41.91683905983901], [-87.6261098015653, 41.91683498491539], [-87.6262092902529, 41.916758986612365], [-87.62625537905981, 41.91671995475472], [-87.62629731041105, 41.91667648722871], [-87.62633465944138, 41.91662902446472], [-87.62636704771552, 41.91657804737445], [-87.62639414706248, 41.91652407247818], [-87.62641568290086, 41.91646764667115], [-87.62643143702091, 41.91640934168221], [-87.62644124979559, 41.916349748280844], [-87.62644502179795, 41.91628947029123], [-87.62644271480853, 41.916229118474085], [-87.6264343522027, 41.916169304338155], [-87.6264200187137, 41.9161106339442], [-87.62639985957419, 41.91605370176413], [-87.62637407904464, 41.915999084657564], [-87.62634293834368, 41.91594733602689], [-87.62630675300136, 41.915898980209924], [-87.62626588966204, 41.915854507167154], [-87.62622076236941, 41.91581436751725], [-87.62491273620424, 41.91476391154296], [-87.62487179458331, 41.91473379301184], [-87.62482845077913, 41.91470724763788], [-87.62319553198826, 41.913799968083815], [-87.62314817879817, 41.91377632820746], [-87.62309892658936, 41.913756953267686], [-87.62304815859439, 41.913741994021336], [-87.62299626984021, 41.91373156686666], [-87.62185433949733, 41.91355408209196], [-87.62179655725943, 41.913547948728024], [-87.6217384527013, 41.9135474334676], [-87.62168057077994, 41.91355254114327], [-87.62162345436433, 41.91356322385063], [-87.620736828146, 41.91377394667382], [-87.62068143353012, 41.91378996022319], [-87.62062783192819, 41.91381121735143], [-87.62057651841013, 41.913837521725505], [-87.6205279669129, 41.913868630395484], [-87.62048262586316, 41.913904256038485], [-87.62044091403553, 41.91394406961238], [-87.62040321668475, 41.91398770339489], [-87.62036988198747, 41.91403475437987], [-87.6203412178264, 41.91408478799958], [-87.62031748894668, 41.91413734213831], [-87.62029891451071, 41.914191931400616], [-87.6202856660739, 41.91424805159443], [-87.62027786600018, 41.91430518438782], [-87.62027558633184, 41.914362802096406], [-87.62027884812413, 41.91442037255708], [-87.62028762125081, 41.91447736404311], [-87.62030182468234, 41.914533250175225], [-87.62032132723441, 41.91458751478334], [-87.62034594877939, 41.91463965667393], [-87.62037546191016, 41.91468919425908], [-87.6204095940404, 41.914735670004546], [-87.6204480299222, 41.914778654655535], [-87.6204615006269, 41.91479233548311], [-87.6204482126196, 41.914793], [-87.62035434013629, 41.914793], [-87.62033937936567, 41.914792234498755], [-87.6203297091714, 41.914780793432634], [-87.62016063162879, 41.91455865432081], [-87.62015182503674, 41.91454571499956], [-87.62015076744231, 41.914530098867324], [-87.62014323571923, 41.91401511730192], [-87.62014385740899, 41.91399922255436], [-87.62015104483257, 41.91398503204895], [-87.62049978047622, 41.91337953499734], [-87.6205074940134, 41.91336752081222], [-87.6205198985578, 41.91336045210828], [-87.62114881202625, 41.9130411871671], [-87.62116123032551, 41.913035578949], [-87.62117440566348, 41.913032332431214], [-87.6228117465498, 41.91270652092264], [-87.62287409145061, 41.91269059699348], [-87.62293437253985, 41.91266808814059], [-87.62299189650825, 41.91263925324444], [-87.62304600175699, 41.91260442394303], [-87.62439648860835, 41.911628827301875], [-87.62444085472018, 41.91159346821565], [-87.62448168287081, 41.91155407685908], [-87.624518608032, 41.911511005414624], [-87.62455130007056, 41.911464638966926], [-87.62457946669997, 41.91141539205997], [-87.62460285609359, 41.91136370499077], [-87.62462125913615, 41.91131003987285], [-87.62463451129338, 41.9112548765047], [-87.62464115203382, 41.911220060051264], [-87.62861371560516, 41.911168360589485]]]}, "properties": {"chi_id": "3N1E", "chi_ordinate": "\u03c7:3N1E", "name": "La Salle\u2013Schiller chi", "label": "LaSch", "name_canon": "Martin Luther King\u2013Armitage chi", "label_canon": "MarArm", "center": [-87.627592, 41.91638], "area_sqmi": 0.104, "edge": true, "flag": false}}, {"type": "Feature", "geometry": {"type": "Polygon", "coordinates": [[[-87.62861371560516, 41.911168360589485], [-87.64823554155298, 41.9109129995808], [-87.64863393423056, 41.92547527247203], [-87.63019820647423, 41.9257133626704], [-87.63020143565208, 41.925705487526564], [-87.63021835184676, 41.92564895479193], [-87.63022963302004, 41.92559103378661], [-87.6302351700545, 41.92553228475277], [-87.63023490939311, 41.925473275941705], [-87.63022885355707, 41.925414578117405], [-87.62997782859287, 41.92377583947868], [-87.62996551901838, 41.923716012851514], [-87.62994719078367, 41.92365774770967], [-87.62992303382784, 41.923601647866285], [-87.62989329849421, 41.923548294695095], [-87.62985829293588, 41.923498241105534], [-87.62981837992236, 41.923452005812806], [-87.62977397308006, 41.92341006796236], [-87.6293075368301, 41.92301247470972], [-87.62926172719052, 41.9229770948145], [-87.6292127216173, 41.92294629361554], [-87.62916097616991, 41.92292035775737], [-87.62910697240588, 41.92289952860629], [-87.62905121289924, 41.92288400000417], [-87.62899421656347, 41.92287391646449], [-87.6289365138223, 41.92286937182749], [-87.62891305632422, 41.9228697919793], [-87.62887864167348, 41.922870408386814], [-87.62882113869132, 41.92287701649595], [-87.62876454001454, 41.92288913465801], [-87.62870937236617, 41.922906650098], [-87.6286561491517, 41.92292939981237], [-87.62835545138185, 41.92307546589547], [-87.62835075049358, 41.923077466438514], [-87.62835509606697, 41.92307478008135], [-87.62891046770959, 41.92276860128012], [-87.62891698418967, 41.92276500871631], [-87.62896685475155, 41.922734247778735], [-87.62901348705668, 41.922698769104265], [-87.62905643637428, 41.92265891105187], [-87.62909529309812, 41.922615053746476], [-87.62912968665289, 41.92256761545378], [-87.62915928902837, 41.922517048591224], [-87.6291838179077, 41.922463835413325], [-87.62920303935975, 41.92240848341242], [-87.62921677007016, 41.92235152047872], [-87.62922487908958, 41.92229348986588], [-87.62922728908258, 41.92223494500994], [-87.62922397706512, 41.92217644425128], [-87.6292149746238, 41.92211854550972], [-87.62920036761464, 41.922061800963675], [-87.62918029534417, 41.92200675178401], [-87.629154949241, 41.92195392297296], [-87.62912457103006, 41.921903818357166], [-87.62887904274254, 41.9215401780408], [-87.62861371560516, 41.911168360589485]]]}, "properties": {"chi_id": "3N1W", "chi_ordinate": "\u03c7:3N1W", "name": "Clark\u2013Armitage chi", "label": "ClaArm", "name_canon": "River\u2013Armitage chi", "label_canon": "RivArm", "center": [-87.638565, 41.916354], "area_sqmi": 1.003, "edge": true, "flag": false}}, {"type": "Feature", "geometry": {"type": "Polygon", "coordinates": [[[-87.64863393423056, 41.92547527247203], [-87.64823554155298, 41.9109129995808], [-87.66775433455334, 41.910658979456365], [-87.66815080424401, 41.92522321974514], [-87.64863393423056, 41.92547527247203]]]}, "properties": {"chi_id": "3N2W", "chi_ordinate": "\u03c7:3N2W", "name": "Racine\u2013Armitage chi", "label": "RacArm", "name_canon": "Racine\u2013Armitage chi", "label_canon": "RacArm", "center": [-87.658194, 41.918068], "area_sqmi": 1.008, "edge": false, "flag": false}}, {"type": "Feature", "geometry": {"type": "Polygon", "coordinates": [[[-87.66815080424401, 41.92522321974514], [-87.66775433455334, 41.910658979456365], [-87.68723830290612, 41.91040541254445], [-87.68764922878964, 41.924971405234245], [-87.66815080424401, 41.92522321974514]]]}, "properties": {"chi_id": "3N3W", "chi_ordinate": "\u03c7:3N3W", "name": "Damen\u2013Armitage chi", "label": "DamArm", "name_canon": "Damen\u2013Armitage chi", "label_canon": "DamArm", "center": [-87.677698, 41.917815], "area_sqmi": 1.007, "edge": false, "flag": false}}, {"type": "Feature", "geometry": {"type": "Polygon", "coordinates": [[[-87.68764922878964, 41.924971405234245], [-87.68723830290612, 41.91040541254445], [-87.7068069150698, 41.91015074406691], [-87.70720264654523, 41.92471888050759], [-87.68764922878964, 41.924971405234245]]]}, "properties": {"chi_id": "3N4W", "chi_ordinate": "\u03c7:3N4W", "name": "California\u2013Armitage chi", "label": "CalArm", "name_canon": "California\u2013Armitage chi", "label_canon": "CalArm", "center": [-87.697224, 41.917562], "area_sqmi": 1.01, "edge": false, "flag": false}}, {"type": "Feature", "geometry": {"type": "Polygon", "coordinates": [[[-87.70720264654523, 41.92471888050759], [-87.7068069150698, 41.91015074406691], [-87.72642613331355, 41.90989541699523], [-87.72683003831905, 41.92446540043549], [-87.70720264654523, 41.92471888050759]]]}, "properties": {"chi_id": "3N5W", "chi_ordinate": "\u03c7:3N5W", "name": "Central Park\u2013Armitage chi", "label": "CenArm", "name_canon": "Central Park\u2013Armitage chi", "label_canon": "CenArm", "center": [-87.716816, 41.917308], "area_sqmi": 1.014, "edge": false, "flag": false}}, {"type": "Feature", "geometry": {"type": "Polygon", "coordinates": [[[-87.72683003831905, 41.92446540043549], [-87.72642613331355, 41.90989541699523], [-87.74602656249252, 41.90964033444689], [-87.74645236063861, 41.924211985833395], [-87.72683003831905, 41.92446540043549]]]}, "properties": {"chi_id": "3N6W", "chi_ordinate": "\u03c7:3N6W", "name": "Kostner\u2013Armitage chi", "label": "KosArm", "name_canon": "Kostner\u2013Armitage chi", "label_canon": "KosArm", "center": [-87.736434, 41.917054], "area_sqmi": 1.013, "edge": false, "flag": false}}, {"type": "Feature", "geometry": {"type": "Polygon", "coordinates": [[[-87.74645236063861, 41.924211985833395], [-87.74602656249252, 41.90964033444689], [-87.76509113703838, 41.90939222558082], [-87.76533489295328, 41.923968125329274], [-87.74645236063861, 41.924211985833395]]]}, "properties": {"chi_id": "3N7W", "chi_ordinate": "\u03c7:3N7W", "name": "Laramie\u2013Armitage chi", "label": "LarArm", "name_canon": "Laramie\u2013Armitage chi", "label_canon": "LarArm", "center": [-87.755725, 41.916804], "area_sqmi": 0.98, "edge": false, "flag": false}}, {"type": "Feature", "geometry": {"type": "Polygon", "coordinates": [[[-87.76533489295328, 41.923968125329274], [-87.76509113703838, 41.90939222558082], [-87.77611866385219, 41.90924871190487], [-87.77613519000896, 41.90925090095338], [-87.77619330225492, 41.90925292074791], [-87.78339768113882, 41.90915398182209], [-87.78514873057661, 41.90913119343573], [-87.78557508079363, 41.923706731236145], [-87.76533489295328, 41.923968125329274]]]}, "properties": {"chi_id": "3N8W", "chi_ordinate": "\u03c7:3N8W", "name": "Austin\u2013Armitage chi", "label": "AusArm", "name_canon": "Austin\u2013Armitage chi", "label_canon": "AusArm", "center": [-87.775288, 41.916549], "area_sqmi": 1.041, "edge": true, "flag": false}}, {"type": "Feature", "geometry": {"type": "Polygon", "coordinates": [[[-87.78557508079363, 41.923706731236145], [-87.78514873057661, 41.90913119343573], [-87.80517285213138, 41.90887059689941], [-87.80556355728545, 41.92344858789643], [-87.78557508079363, 41.923706731236145]]]}, "properties": {"chi_id": "3N9W", "chi_ordinate": "\u03c7:3N9W", "name": "Oak Park\u2013Armitage chi", "label": "OakArm", "name_canon": "Oak Park\u2013Armitage chi", "label_canon": "OakArm", "center": [-87.795365, 41.91629], "area_sqmi": 1.034, "edge": true, "flag": false}}, {"type": "Feature", "geometry": {"type": "Polygon", "coordinates": [[[-87.62674772930207, 41.83822569255839], [-87.62712306525954, 41.85289782927234], [-87.61036251905709, 41.85313265611137], [-87.61036298965861, 41.85313186376401], [-87.61038813209136, 41.8530780207121], [-87.61040782513712, 41.85302195467859], [-87.61042187562812, 41.852964215611514], [-87.61043014574403, 41.85290536986955], [-87.61043255436383, 41.85284599466669], [-87.61042907786151, 41.85278667241036], [-87.61041975033787, 41.852727984988654], [-87.61040466328596, 41.852670508062594], [-87.61038396469368, 41.85261480541955], [-87.61035785759216, 41.852561423443056], [-87.61032659806422, 41.85251088575339], [-87.60923648259451, 41.85092930685452], [-87.60922875363205, 41.85091680371736], [-87.60922940150589, 41.85090211884204], [-87.60947574399395, 41.84828645983946], [-87.60947838734734, 41.8482300096171], [-87.60947570800946, 41.84817356109125], [-87.60946772974913, 41.84811761502541], [-87.6094545233427, 41.84806266772565], [-87.60943620594625, 41.84800920663785], [-87.60941294005617, 41.84795770602348], [-87.60938493206774, 41.84790862275234], [-87.6085524718353, 41.84659734469955], [-87.60854476833649, 41.84658366823089], [-87.60854009567689, 41.84656868304009], [-87.60841742620069, 41.84608744124884], [-87.60841467122103, 41.84607408110011], [-87.60842052893975, 41.84606176157815], [-87.60904243927251, 41.84489599787116], [-87.6090672141211, 41.84484361246782], [-87.60908681990225, 41.84478908140373], [-87.60910107373631, 41.84473291333611], [-87.60910984266576, 41.8446756321919], [-87.6091130448954, 41.84461777228064], [-87.60911065055531, 41.84455987331052], [-87.60910268197954, 41.84450247535406], [-87.60908921349771, 41.84444611381041], [-87.60880528218532, 41.84346929971976], [-87.60878306248541, 41.84340621326049], [-87.60875395920348, 41.843345991874024], [-87.60871833399763, 41.84328938391421], [-87.60803342445382, 41.84232486369228], [-87.60802566883942, 41.84231273671684], [-87.60802307694466, 41.84229857708497], [-87.60787390660413, 41.841179799530984], [-87.60786388886879, 41.8411245478277], [-87.60784874979777, 41.84107047459712], [-87.60782862198853, 41.8410180534465], [-87.60780368173305, 41.84096774351315], [-87.60777414747372, 41.840919985443016], [-87.60771199108743, 41.840829260282895], [-87.60767677130042, 41.840782856398086], [-87.60763721733309, 41.84074008681086], [-87.60759370206442, 41.840701354714156], [-87.60754663571694, 41.8406670252391], [-87.60749646198956, 41.84063742201288], [-87.60744365387471, 41.84061282410791], [-87.60738870919948, 41.84059346341094], [-87.6073321459325, 41.8405795224371], [-87.60731859024658, 41.84057754962581], [-87.60726871419735, 41.838463404530415], [-87.62674772930207, 41.83822569255839]]]}, "properties": {"chi_id": "3S1E", "chi_ordinate": "\u03c7:3S1E", "name": "Prairie\u201326th chi", "label": "Pra26", "name_canon": "Martin Luther King\u201326th chi", "label_canon": "Mar26", "center": [-87.617832, 41.845479], "area_sqmi": 0.947, "edge": true, "flag": false}}, {"type": "Feature", "geometry": {"type": "Polygon", "coordinates": [[[-87.62712306525954, 41.85289782927234], [-87.62674772930207, 41.83822569255839], [-87.64624046423911, 41.83798781315653], [-87.6466408891961, 41.85262437106611], [-87.62712306525954, 41.85289782927234]]]}, "properties": {"chi_id": "3S1W", "chi_ordinate": "\u03c7:3S1W", "name": "Lake Shore\u201326th chi", "label": "Lak26", "name_canon": "River\u201326th chi", "label_canon": "Riv26", "center": [-87.636688, 41.845425], "area_sqmi": 1.014, "edge": false, "flag": false}}, {"type": "Feature", "geometry": {"type": "Polygon", "coordinates": [[[-87.60726871419735, 41.838463404530415], [-87.60731859024658, 41.84057754962581], [-87.60727449730103, 41.84057113260926], [-87.60721630676413, 41.840568373019124], [-87.60669886954706, 41.84056898248581], [-87.60669275820591, 41.84056868660543], [-87.60670915146632, 41.840566711370556], [-87.60676640420081, 41.84055698217893], [-87.60682244818213, 41.84054176360691], [-87.60687675838203, 41.84052119822429], [-87.60692882601462, 41.84049547869059], [-87.60697816330267, 41.840464845950194], [-87.60702430804723, 41.840429586975084], [-87.60706682795757, 41.84039003207652], [-87.60710532470095, 41.84034655181058], [-87.60713943763422, 41.84029955350678], [-87.60716884718242, 41.84024947745212], [-87.6071932778326, 41.84019679276641], [-87.60721250071484, 41.84014199300752], [-87.60722633574636, 41.84008559154761], [-87.60723465331856, 41.84002811676385], [-87.6072373755112, 41.83997010708842], [-87.6072344768224, 41.839912105964466], [-87.60722598440748, 41.83985465675503], [-87.60721197782463, 41.83979829765272], [-87.60719258828958, 41.83974355663787], [-87.60717796696666, 41.839707867645245], [-87.6071543822964, 41.83965717216596], [-87.6071261809319, 41.839608892239156], [-87.60709360777602, 41.839563447131525], [-87.60705694569661, 41.83952123149194], [-87.60701651307005, 41.839482611924346], [-87.60697266101646, 41.8394479238041], [-87.60692577035049, 41.83941746836555], [-87.60660307884861, 41.839228652790084], [-87.60659051682434, 41.83922042412828], [-87.6065809823741, 41.83920882199119], [-87.60639453069595, 41.83895702509874], [-87.60635800204935, 41.83891235690611], [-87.60631735151179, 41.838871404210806], [-87.6062729550544, 41.83883454577856], [-87.60622522329378, 41.83880212250784], [-87.60617459769428, 41.838774434276935], [-87.60612154648496, 41.838751737170384], [-87.606066560329, 41.83873424111055], [-87.60601014778565, 41.838722107916034], [-87.6059528306066, 41.83871544980504], [-87.6058951389104, 41.83871432835752], [-87.60583760627942, 41.83871875394557], [-87.60578076482491, 41.83872868563755], [-87.60496548522165, 41.83891192621228], [-87.604907291807, 41.83892812215149], [-87.60485102176526, 41.83895008722286], [-87.60479724542176, 41.83897759879929], [-87.60474650782695, 41.83901037803706], [-87.60469932323196, 41.839048092702015], [-87.60465616987652, 41.839090360536964], [-87.6046174851417, 41.839136753136046], [-87.60458366111685, 41.83918680028681], [-87.60419868448295, 41.83982329498817], [-87.6041951396107, 41.83982855000489], [-87.6041977295145, 41.83982276435739], [-87.60466635181413, 41.83890107568508], [-87.60467347565611, 41.83888861231213], [-87.60468731367494, 41.83888479209873], [-87.60564728126973, 41.83866964949745], [-87.60570512288481, 41.838653609430764], [-87.60576107240401, 41.838631870353595], [-87.6058145698758, 41.838604649834], [-87.60586507988914, 41.8385722202992], [-87.60591209693193, 41.838534906309036], [-87.60595515045028, 41.83849308130774], [-87.60596675925935, 41.83847929292488], [-87.60726871419735, 41.838463404530415]]]}, "properties": {"chi_id": "3S2E", "chi_ordinate": "\u03c7:3S2E", "name": "Cottage Grove\u201333rd chi", "label": "Cot33", "name_canon": "Woodlawn\u201326th chi", "label_canon": "Woo26", "center": [-87.607165, 41.839502], "area_sqmi": 0.004, "edge": true, "flag": false}}, {"type": "Feature", "geometry": {"type": "Polygon", "coordinates": [[[-87.6466408891961, 41.85262437106611], [-87.64624046423911, 41.83798781315653], [-87.66576958270508, 41.837749489748624], [-87.66616706140746, 41.852350795894786], [-87.6466408891961, 41.85262437106611]]]}, "properties": {"chi_id": "3S2W", "chi_ordinate": "\u03c7:3S2W", "name": "Racine\u201326th chi", "label": "Rac26", "name_canon": "Racine\u201326th chi", "label_canon": "Rac26", "center": [-87.656204, 41.845169], "area_sqmi": 1.012, "edge": false, "flag": false}}, {"type": "Feature", "geometry": {"type": "Polygon", "coordinates": [[[-87.66616706140746, 41.852350795894786], [-87.66576958270508, 41.837749489748624], [-87.68518190019898, 41.837512591720255], [-87.68559282729771, 41.852078627485426], [-87.66616706140746, 41.852350795894786]]]}, "properties": {"chi_id": "3S3W", "chi_ordinate": "\u03c7:3S3W", "name": "Damen\u201326th chi", "label": "Dam26", "name_canon": "Damen\u201326th chi", "label_canon": "Dam26", "center": [-87.675678, 41.844914], "area_sqmi": 1.004, "edge": false, "flag": false}}, {"type": "Feature", "geometry": {"type": "Polygon", "coordinates": [[[-87.68559282729771, 41.852078627485426], [-87.68518190019898, 41.837512591720255], [-87.70482724686082, 41.837272849922684], [-87.7052219630305, 41.85180360972399], [-87.68559282729771, 41.852078627485426]]]}, "properties": {"chi_id": "3S4W", "chi_ordinate": "\u03c7:3S4W", "name": "California\u201326th chi", "label": "Cal26", "name_canon": "California\u201326th chi", "label_canon": "Cal26", "center": [-87.695206, 41.844658], "area_sqmi": 1.013, "edge": false, "flag": false}}, {"type": "Feature", "geometry": {"type": "Polygon", "coordinates": [[[-87.7052219630305, 41.85180360972399], [-87.70482724686082, 41.837272849922684], [-87.72440628719923, 41.837033917293695], [-87.72480812120853, 41.8515291941078], [-87.7052219630305, 41.85180360972399]]]}, "properties": {"chi_id": "3S5W", "chi_ordinate": "\u03c7:3S5W", "name": "Central Park\u201326th chi", "label": "Cen26", "name_canon": "Central Park\u201326th chi", "label_canon": "Cen26", "center": [-87.714816, 41.844401], "area_sqmi": 1.008, "edge": false, "flag": false}}, {"type": "Feature", "geometry": {"type": "Polygon", "coordinates": [[[-87.72480812120853, 41.8515291941078], [-87.72440628719923, 41.837033917293695], [-87.7388381799975, 41.83685779782982], [-87.73911183218722, 41.838536566481885], [-87.73911559783114, 41.83857568093651], [-87.73932898196733, 41.845600406354464], [-87.73932901920827, 41.84560159362006], [-87.73951415655614, 41.85132315238614], [-87.72480812120853, 41.8515291941078]]]}, "properties": {"chi_id": "3S6W", "chi_ordinate": "\u03c7:3S6W", "name": "Kostner\u201326th chi", "label": "Kos26", "name_canon": "Kostner\u201326th chi", "label_canon": "Kos26", "center": [-87.731884, 41.842088], "area_sqmi": 0.753, "edge": true, "flag": false}}, {"type": "Feature", "geometry": {"type": "Polygon", "coordinates": [[[-87.80595444063292, 41.93803322764539], [-87.80556355728545, 41.92344858789643], [-87.80623825752451, 41.92343987440728], [-87.80660895037819, 41.93392825944336], [-87.80661384058868, 41.933986375067285], [-87.80662434995817, 41.93404374137321], [-87.8066403791924, 41.93409981635473], [-87.80666177684448, 41.93415407020609], [-87.80668834074585, 41.93420599032788], [-87.80671981991634, 41.93425508617015], [-87.8067559169355, 41.9343008938672], [-87.80679629075271, 41.93434298062031], [-87.8068405599094, 41.93438094878681], [-87.80688830614325, 41.93441443963715], [-87.80693907833985, 41.934443136744214], [-87.80699239679508, 41.93446676897295], [-87.80704775774727, 41.934485113042136], [-87.80710463813696, 41.93449799563395], [-87.80716250054874, 41.93450529503152], [-87.80722079828894, 41.93450694226892], [-87.81638141624792, 41.934320297140026], [-87.81639534692087, 41.93432069066229], [-87.81639651847406, 41.934334577561685], [-87.81650400593443, 41.937356724993755], [-87.81650890537973, 41.937414811580055], [-87.81651941842708, 41.93747214858301], [-87.81653544584333, 41.937528194796094], [-87.816556836345, 41.937582421196595], [-87.81658338802617, 41.9376343159391], [-87.81661485026436, 41.93768338918681], [-87.81665092608608, 41.93772917773516], [-87.81669127497005, 41.937771249383985], [-87.81673551606136, 41.93780920701712], [-87.81678323176634, 41.93784269235078], [-87.81683397169435, 41.93787138931539], [-87.81688300922544, 41.937893142734545], [-87.80595444063292, 41.93803322764539]]]}, "properties": {"chi_id": "4N10W", "chi_ordinate": "\u03c7:4N10W", "name": "Oak Park\u2013Diversey chi", "label": "OakDive", "name_canon": "Oriole\u2013Diversey chi", "label_canon": "OriDive", "center": [-87.806064, 41.928688], "area_sqmi": 0.161, "edge": true, "flag": false}}, {"type": "Feature", "geometry": {"type": "Polygon", "coordinates": [[[-87.84425247580724, 41.937542314604244], [-87.82510681091922, 41.93778772814915], [-87.82353567978792, 41.937807867270074], [-87.82510636446891, 41.93777669573549], [-87.83481594095797, 41.937584001171736], [-87.84424470345441, 41.937398736485974], [-87.84425247580724, 41.937542314604244]]]}, "properties": {"chi_id": "4N11W", "chi_ordinate": "\u03c7:4N11W", "name": "Cumberland\u2013Addison chi", "label": "CumAdd", "name_canon": "Cumberland\u2013Diversey chi", "label_canon": "CumDive", "center": [-87.831723, 41.93768], "area_sqmi": 0.005, "edge": true, "flag": false}}, {"type": "Feature", "geometry": {"type": "Polygon", "coordinates": [[[-87.84425247580724, 41.937542314604244], [-87.84424470345441, 41.937398736485974], [-87.84961122701645, 41.93729329027268], [-87.84962575720625, 41.937293720440664], [-87.84963758388325, 41.937302172728984], [-87.84985023518821, 41.93747056123442], [-87.84425247580724, 41.937542314604244]]]}, "properties": {"chi_id": "4N12W", "chi_ordinate": "\u03c7:4N12W", "name": "Cumberland\u2013Forest Preserve chi", "label": "CumFor", "name_canon": "\u03c7:4N12W chi", "label_canon": "\u03c7:4N12W", "center": [-87.847026, 41.937435], "area_sqmi": 0.003, "edge": true, "flag": false}}, {"type": "Feature", "geometry": {"type": "Polygon", "coordinates": [[[-87.64863393423056, 41.92547527247203], [-87.64903252234167, 41.94004468895878], [-87.63373130581009, 41.940240823478646], [-87.6335719737192, 41.93943094489107], [-87.63355542162523, 41.939366129721854], [-87.63353175726273, 41.93930355995341], [-87.63302426430559, 41.93815902037928], [-87.63300000439642, 41.93811038114035], [-87.63297144235332, 41.93806413691421], [-87.63293881256904, 41.93802066720137], [-87.63230744453519, 41.9372544615499], [-87.63229885506763, 41.937242918283204], [-87.63230218896034, 41.93723600185626], [-87.632325109097, 41.93718180725638], [-87.63234261053786, 41.93712562819543], [-87.63235452495856, 41.937068004989165], [-87.63236073776929, 41.93700949184274], [-87.63236118921681, 41.93695065152054], [-87.63235587495922, 41.93689204993364], [-87.6323448461077, 41.936834250697004], [-87.63213563263021, 41.93597035996846], [-87.63211793879188, 41.935910916771455], [-87.63209420318105, 41.9358536176758], [-87.63206467941046, 41.93579907491684], [-87.63202968293876, 41.93574787127875], [-87.63045784861539, 41.933685609468846], [-87.63044979758975, 41.93367390695537], [-87.63045493871789, 41.93366066548103], [-87.63065441360256, 41.93321277391842], [-87.63067640729719, 41.93315573559066], [-87.63069248295807, 41.93309675536886], [-87.63070247370673, 41.93303644551578], [-87.63070627583107, 41.93297543209687], [-87.63070384986193, 41.932914348481134], [-87.63067131930723, 41.93255651237934], [-87.63067071571724, 41.93254218221282], [-87.63067534327216, 41.932534474156974], [-87.63069859930714, 41.932499581192616], [-87.63072667817326, 41.93244668906579], [-87.63074934485019, 41.932391261441275], [-87.63076637355263, 41.93233385043976], [-87.63077759465581, 41.93227502793857], [-87.63078289638509, 41.93221537987516], [-87.63078222592934, 41.93215550041047], [-87.63077558996704, 41.932095986010474], [-87.63076305459977, 41.93203742950469], [-87.63074474469369, 41.93198041418094], [-87.6307208426358, 41.93192550797518], [-87.63069534648842, 41.93187997296006], [-87.63069382150994, 41.93187687637539], [-87.63069621732161, 41.93186192396085], [-87.63098658487792, 41.930501291373375], [-87.63099597725352, 41.9304436705527], [-87.63099972517587, 41.93038540968442], [-87.63099779316072, 41.930327060365556], [-87.63092369449271, 41.929422890101975], [-87.63091539534945, 41.929361178948255], [-87.6309007452737, 41.929300660211055], [-87.63087990204446, 41.92924198566746], [-87.6304076897899, 41.92810371527177], [-87.6304027411693, 41.92808989115325], [-87.63040279363149, 41.92808888561183], [-87.63040853419412, 41.92803289393415], [-87.63040878725018, 41.9279742039507], [-87.63040330505571, 41.92791577002442], [-87.63039214006585, 41.92785815126708], [-87.63037539911029, 41.92780189899066], [-87.63035324237104, 41.92774755143228], [-87.63032588184984, 41.927695628604205], [-87.6302935793396, 41.927646627318225], [-87.63025664391957, 41.92760101643199], [-87.6298059708038, 41.92709703198424], [-87.62979751905495, 41.927086681619244], [-87.62979212343457, 41.92707445666934], [-87.62960835079811, 41.92660176313533], [-87.62960374683452, 41.926587943491214], [-87.62960621897605, 41.92657358843754], [-87.62970885390304, 41.92611408527814], [-87.6297125495809, 41.926100619376804], [-87.6297245906707, 41.926098817052775], [-87.62978244976969, 41.92608722255445], [-87.62983889011949, 41.9260700006311], [-87.62989336579956, 41.92604731786215], [-87.62994534989276, 41.92601939364716], [-87.62999433958181, 41.92598649808371], [-87.63003986101289, 41.92594894935483], [-87.63008147387899, 41.92590711065143], [-87.63011877567877, 41.92586138665924], [-87.63015140560975, 41.92581221964457], [-87.63017904805825, 41.92576008517643], [-87.63019820647423, 41.9257133626704], [-87.64863393423056, 41.92547527247203]]]}, "properties": {"chi_id": "4N1W", "chi_ordinate": "\u03c7:4N1W", "name": "Clark\u2013Diversey chi", "label": "ClaDive", "name_canon": "River\u2013Diversey chi", "label_canon": "RivDive", "center": [-87.63976, 41.932735], "area_sqmi": 0.903, "edge": true, "flag": false}}, {"type": "Feature", "geometry": {"type": "Polygon", "coordinates": [[[-87.64903252234167, 41.94004468895878], [-87.64863393423056, 41.92547527247203], [-87.66815080424401, 41.92522321974514], [-87.66854746671831, 41.939794541904284], [-87.64903252234167, 41.94004468895878]]]}, "properties": {"chi_id": "4N2W", "chi_ordinate": "\u03c7:4N2W", "name": "Racine\u2013Diversey chi", "label": "RacDive", "name_canon": "Racine\u2013Diversey chi", "label_canon": "RacDive", "center": [-87.658591, 41.932635], "area_sqmi": 1.008, "edge": false, "flag": false}}, {"type": "Feature", "geometry": {"type": "Polygon", "coordinates": [[[-87.66854746671831, 41.939794541904284], [-87.66815080424401, 41.92522321974514], [-87.68764922878964, 41.924971405234245], [-87.68806035280998, 41.93954442123336], [-87.66854746671831, 41.939794541904284]]]}, "properties": {"chi_id": "4N3W", "chi_ordinate": "\u03c7:4N3W", "name": "Damen\u2013Diversey chi", "label": "DamDive", "name_canon": "Damen\u2013Diversey chi", "label_canon": "DamDive", "center": [-87.678102, 41.932384], "area_sqmi": 1.008, "edge": false, "flag": false}}, {"type": "Feature", "geometry": {"type": "Polygon", "coordinates": [[[-87.68806035280998, 41.93954442123336], [-87.68764922878964, 41.924971405234245], [-87.70720264654523, 41.92471888050759], [-87.70759856705489, 41.93929397590033], [-87.68806035280998, 41.93954442123336]]]}, "properties": {"chi_id": "4N4W", "chi_ordinate": "\u03c7:4N4W", "name": "California\u2013Diversey chi", "label": "CalDive", "name_canon": "California\u2013Diversey chi", "label_canon": "CalDive", "center": [-87.697628, 41.932133], "area_sqmi": 1.01, "edge": false, "flag": false}}, {"type": "Feature", "geometry": {"type": "Polygon", "coordinates": [[[-87.70759856705489, 41.93929397590033], [-87.70720264654523, 41.92471888050759], [-87.72683003831905, 41.92446540043549], [-87.727234134571, 41.93904228267063], [-87.70759856705489, 41.93929397590033]]]}, "properties": {"chi_id": "4N5W", "chi_ordinate": "\u03c7:4N5W", "name": "Central Park\u2013Diversey chi", "label": "CenDive", "name_canon": "Central Park\u2013Diversey chi", "label_canon": "CenDive", "center": [-87.717216, 41.931881], "area_sqmi": 1.015, "edge": false, "flag": false}}, {"type": "Feature", "geometry": {"type": "Polygon", "coordinates": [[[-87.727234134571, 41.93904228267063], [-87.72683003831905, 41.92446540043549], [-87.74645236063861, 41.924211985833395], [-87.74687835869311, 41.93879047847856], [-87.727234134571, 41.93904228267063]]]}, "properties": {"chi_id": "4N6W", "chi_ordinate": "\u03c7:4N6W", "name": "Kostner\u2013Diversey chi", "label": "KosDive", "name_canon": "Kostner\u2013Diversey chi", "label_canon": "KosDive", "center": [-87.736849, 41.931628], "area_sqmi": 1.015, "edge": false, "flag": false}}, {"type": "Feature", "geometry": {"type": "Polygon", "coordinates": [[[-87.74687835869311, 41.93879047847856], [-87.74645236063861, 41.924211985833395], [-87.76533489295328, 41.923968125329274], [-87.76557876170516, 41.938550772403], [-87.74687835869311, 41.93879047847856]]]}, "properties": {"chi_id": "4N7W", "chi_ordinate": "\u03c7:4N7W", "name": "Laramie\u2013Diversey chi", "label": "LarDive", "name_canon": "Laramie\u2013Diversey chi", "label_canon": "LarDive", "center": [-87.75606, 41.931381], "area_sqmi": 0.971, "edge": false, "flag": false}}, {"type": "Feature", "geometry": {"type": "Polygon", "coordinates": [[[-87.76557876170516, 41.938550772403], [-87.76533489295328, 41.923968125329274], [-87.78557508079363, 41.923706731236145], [-87.78600162753011, 41.93828898740214], [-87.76557876170516, 41.938550772403]]]}, "properties": {"chi_id": "4N8W", "chi_ordinate": "\u03c7:4N8W", "name": "Austin\u2013Diversey chi", "label": "AusDive", "name_canon": "Austin\u2013Diversey chi", "label_canon": "AusDive", "center": [-87.775623, 41.931129], "area_sqmi": 1.051, "edge": false, "flag": false}}, {"type": "Feature", "geometry": {"type": "Polygon", "coordinates": [[[-87.78600162753011, 41.93828898740214], [-87.78557508079363, 41.923706731236145], [-87.80556355728545, 41.92344858789643], [-87.80595444063292, 41.93803322764539], [-87.78600162753011, 41.93828898740214]]]}, "properties": {"chi_id": "4N9W", "chi_ordinate": "\u03c7:4N9W", "name": "Oak Park\u2013Diversey chi", "label": "OakDive", "name_canon": "Oak Park\u2013Diversey chi", "label_canon": "OakDive", "center": [-87.795774, 41.93087], "area_sqmi": 1.033, "edge": false, "flag": false}}, {"type": "Feature", "geometry": {"type": "Polygon", "coordinates": [[[-87.6263784266611, 41.823789402271224], [-87.62674772930207, 41.83822569255839], [-87.60726871419735, 41.838463404530415], [-87.60692941226623, 41.824081080256924], [-87.6263784266611, 41.823789402271224]]]}, "properties": {"chi_id": "4S1E", "chi_ordinate": "\u03c7:4S1E", "name": "Calumet\u201335th chi", "label": "Cal35", "name_canon": "Martin Luther King\u201335th chi", "label_canon": "Mar35", "center": [-87.616832, 41.831153], "area_sqmi": 0.994, "edge": false, "flag": false}}, {"type": "Feature", "geometry": {"type": "Polygon", "coordinates": [[[-87.62674772930207, 41.83822569255839], [-87.6263784266611, 41.823789402271224], [-87.64584403955195, 41.82349747535694], [-87.64624046423911, 41.83798781315653], [-87.62674772930207, 41.83822569255839]]]}, "properties": {"chi_id": "4S1W", "chi_ordinate": "\u03c7:4S1W", "name": "Lake Shore\u201335th chi", "label": "Lak35", "name_canon": "River\u201335th chi", "label_canon": "Riv35", "center": [-87.636303, 41.830889], "area_sqmi": 0.999, "edge": false, "flag": false}}, {"type": "Feature", "geometry": {"type": "Polygon", "coordinates": [[[-87.60692941226623, 41.824081080256924], [-87.60726871419735, 41.838463404530415], [-87.60596675925935, 41.83847929292488], [-87.60599380955784, 41.83844716388646], [-87.60602768734826, 41.838397613593905], [-87.60605644476729, 41.838344926337136], [-87.60607979400622, 41.83828962941845], [-87.60609750138221, 41.838232276258026], [-87.60610938967709, 41.83817344085525], [-87.60611533991093, 41.838113712044006], [-87.60611529253288, 41.83805368759957], [-87.60608145543063, 41.837388577058334], [-87.60607570834355, 41.83733083576875], [-87.60606441044804, 41.83727391966303], [-87.60604766741348, 41.837218361078406], [-87.60570482257948, 41.836252461690336], [-87.60568002816821, 41.83619295995883], [-87.60564899351138, 41.836136461561], [-87.60561207681953, 41.836083618616854], [-87.60556970419525, 41.83603504105419], [-87.60457436301934, 41.835010665313426], [-87.60456470223626, 41.834999682933265], [-87.60456285319675, 41.83498517347235], [-87.6045511292265, 41.8348335992853], [-87.6045507235281, 41.83481931516074], [-87.6045614592832, 41.834809884128504], [-87.60473266312887, 41.83467369129421], [-87.6047760992845, 41.83463558225795], [-87.60481566810421, 41.83459347160883], [-87.60485100258734, 41.83454774992292], [-87.60488177500677, 41.83449884126863], [-87.60490769994844, 41.834447199273505], [-87.60492853695865, 41.83439330291679], [-87.60494409277422, 41.83433765208694], [-87.60495422311506, 41.83428076294513], [-87.60495883402227, 41.83422316313787], [-87.60495788272974, 41.8341653869031], [-87.60495137806068, 41.83410797011512], [-87.60493938034588, 41.83405144531436], [-87.60490932856226, 41.8339372485366], [-87.60489306262876, 41.83388518141964], [-87.6048721351517, 41.83383480676367], [-87.60484671910623, 41.83378654093835], [-87.60481702456768, 41.83374078288288], [-87.60478329697501, 41.83369791080859], [-87.60446223421123, 41.833325925130616], [-87.6044186885743, 41.833280520607225], [-87.60437062811225, 41.83323992522293], [-87.60431858119553, 41.8332045852781], [-87.6042631200212, 41.833174889295506], [-87.6042048543222, 41.83315116374894], [-87.60303168043431, 41.8327437508603], [-87.60301842030677, 41.83273841599764], [-87.60300915081355, 41.83272753628118], [-87.60271869079189, 41.832351258525854], [-87.60271066521881, 41.832339775419605], [-87.60271008833784, 41.83232577760708], [-87.60271515648256, 41.83150980630778], [-87.60271311109753, 41.831456439779274], [-87.60270632839254, 41.83140346653246], [-87.6026948621049, 41.83135130625818], [-87.60267880307849, 41.83130037220635], [-87.60265827854407, 41.83125106791189], [-87.6024360333071, 41.83077774182177], [-87.6024098275282, 41.830728107029756], [-87.60237909832277, 41.830681138195835], [-87.60234411460168, 41.8306372463437], [-87.60002370409421, 41.82799013889857], [-87.5999753194381, 41.827940959259216], [-87.59992160909903, 41.82789765901266], [-87.59777276798371, 41.826360418593666], [-87.59776156717886, 41.82635155936088], [-87.59775575199049, 41.82633851606313], [-87.59749239846302, 41.82566187050353], [-87.59748774706128, 41.82564790753208], [-87.59748885369906, 41.82563323185607], [-87.59765411398395, 41.824316627818426], [-87.59765845874168, 41.82426169952374], [-87.59765792111486, 41.82422012534211], [-87.60692941226623, 41.824081080256924]]]}, "properties": {"chi_id": "4S2E", "chi_ordinate": "\u03c7:4S2E", "name": "Cottage Grove\u201335th chi", "label": "Cot35", "name_canon": "Woodlawn\u201335th chi", "label_canon": "Woo35", "center": [-87.604884, 41.831276], "area_sqmi": 0.248, "edge": true, "flag": false}}, {"type": "Feature", "geometry": {"type": "Polygon", "coordinates": [[[-87.64624046423911, 41.83798781315653], [-87.64584403955195, 41.82349747535694], [-87.6653736394732, 41.823204588825476], [-87.66576958270508, 41.837749489748624], [-87.64624046423911, 41.83798781315653]]]}, "properties": {"chi_id": "4S2W", "chi_ordinate": "\u03c7:4S2W", "name": "Racine\u201335th chi", "label": "Rac35", "name_canon": "Racine\u201335th chi", "label_canon": "Rac35", "center": [-87.655807, 41.830623], "area_sqmi": 1.005, "edge": false, "flag": false}}, {"type": "Feature", "geometry": {"type": "Polygon", "coordinates": [[[-87.66576958270508, 41.837749489748624], [-87.6653736394732, 41.823204588825476], [-87.68477004618475, 41.82291369980023], [-87.68518190019898, 41.837512591720255], [-87.66576958270508, 41.837749489748624]]]}, "properties": {"chi_id": "4S3W", "chi_ordinate": "\u03c7:4S3W", "name": "Damen\u201335th chi", "label": "Dam35", "name_canon": "Damen\u201335th chi", "label_canon": "Dam35", "center": [-87.675274, 41.830359], "area_sqmi": 1.003, "edge": false, "flag": false}}, {"type": "Feature", "geometry": {"type": "Polygon", "coordinates": [[[-87.68518190019898, 41.837512591720255], [-87.68477004618475, 41.82291369980023], [-87.7044291835336, 41.82261887058853], [-87.70482724686082, 41.837272849922684], [-87.68518190019898, 41.837512591720255]]]}, "properties": {"chi_id": "4S4W", "chi_ordinate": "\u03c7:4S4W", "name": "California\u201335th chi", "label": "Cal35", "name_canon": "California\u201335th chi", "label_canon": "Cal35", "center": [-87.694802, 41.830093], "area_sqmi": 1.019, "edge": false, "flag": false}}, {"type": "Feature", "geometry": {"type": "Polygon", "coordinates": [[[-87.70482724686082, 41.837272849922684], [-87.7044291835336, 41.82261887058853], [-87.7239985414589, 41.822325387804], [-87.72440628719923, 41.837033917293695], [-87.70482724686082, 41.837272849922684]]]}, "properties": {"chi_id": "4S5W", "chi_ordinate": "\u03c7:4S5W", "name": "Central Park\u201335th chi", "label": "Cen35", "name_canon": "Central Park\u201335th chi", "label_canon": "Cen35", "center": [-87.714416, 41.829826], "area_sqmi": 1.019, "edge": false, "flag": false}}, {"type": "Feature", "geometry": {"type": "Polygon", "coordinates": [[[-87.72440628719923, 41.837033917293695], [-87.7239985414589, 41.822325387804], [-87.74346660144322, 41.82203342419051], [-87.74346732239547, 41.82205809659738], [-87.73921059130267, 41.82211727588147], [-87.73915181554065, 41.82212098357289], [-87.73909368639681, 41.82213043554681], [-87.73903676390299, 41.82214554074038], [-87.73898159646586, 41.822166153626064], [-87.73892871558341, 41.82219207561378], [-87.73887863072434, 41.822223056964084], [-87.73883182441969, 41.822258799194294], [-87.73878874761404, 41.82229895795411], [-87.73874981532096, 41.82234314634321], [-87.73871540262466, 41.82239093863871], [-87.73868584106637, 41.822441874396745], [-87.73866141545011, 41.82249546288847], [-87.73864236109885, 41.8225511878279], [-87.73862886158737, 41.82260851234591], [-87.7386210469736, 41.82266688416262], [-87.73861899254564, 41.82272574090821], [-87.73881737079633, 41.83668970996098], [-87.73881962647809, 41.83673385666977], [-87.73882512628778, 41.83677771749614], [-87.7388381799975, 41.83685779782982], [-87.72440628719923, 41.837033917293695]]]}, "properties": {"chi_id": "4S6W", "chi_ordinate": "\u03c7:4S6W", "name": "Kostner\u201335th chi", "label": "Kos35", "name_canon": "Kostner\u201335th chi", "label_canon": "Kos35", "center": [-87.731461, 41.829708], "area_sqmi": 0.759, "edge": true, "flag": false}}, {"type": "Feature", "geometry": {"type": "Polygon", "coordinates": [[[-87.80634655808088, 41.95266391415326], [-87.80595444063292, 41.93803322764539], [-87.81688300922544, 41.937893142734545], [-87.81688725690894, 41.937895027039026], [-87.81694258444858, 41.93791338240416], [-87.81699943207417, 41.93792628215369], [-87.81705726319842, 41.93793360452629], [-87.81711553195078, 41.93793528040577], [-87.82353567978792, 41.937807867270074], [-87.82510681091922, 41.93778772814915], [-87.825699205953, 41.952426640323615], [-87.80634655808088, 41.95266391415326]]]}, "properties": {"chi_id": "5N10W", "chi_ordinate": "\u03c7:5N10W", "name": "Oriole\u2013Addison chi", "label": "OriAdd", "name_canon": "Oriole\u2013Addison chi", "label_canon": "OriAdd", "center": [-87.815778, 41.94523], "area_sqmi": 0.999, "edge": true, "flag": false}}, {"type": "Feature", "geometry": {"type": "Polygon", "coordinates": [[[-87.84425247580724, 41.937542314604244], [-87.8450453729013, 41.952189445953564], [-87.825699205953, 41.952426640323615], [-87.82510681091922, 41.93778772814915], [-87.84425247580724, 41.937542314604244]]]}, "properties": {"chi_id": "5N11W", "chi_ordinate": "\u03c7:5N11W", "name": "Cumberland\u2013Addison chi", "label": "CumAdd", "name_canon": "Cumberland\u2013Addison chi", "label_canon": "CumAdd", "center": [-87.835027, 41.944989], "area_sqmi": 1.0, "edge": false, "flag": false}}, {"type": "Feature", "geometry": {"type": "Polygon", "coordinates": [[[-87.8450453729013, 41.952189445953564], [-87.84425247580724, 41.937542314604244], [-87.84985023518821, 41.93747056123442], [-87.85140512013331, 41.93870180104307], [-87.85141733014699, 41.938712607710144], [-87.85142690077036, 41.93872580890945], [-87.85210814811127, 41.93978271549834], [-87.85211700721807, 41.93979848122691], [-87.85212389532498, 41.939815202350154], [-87.8530759836207, 41.94259336238232], [-87.85308019899853, 41.94260809975143], [-87.85307972690578, 41.94262342086714], [-87.8530289112998, 41.94323894538469], [-87.85302696066992, 41.943298330303165], [-87.85303089317549, 41.94335761697029], [-87.85304067025206, 41.94341622398584], [-87.85305619601978, 41.943473576614686], [-87.85381213290256, 41.94580212384821], [-87.8538300236869, 41.94585014596801], [-87.85385194708219, 41.945896466253984], [-87.85497483547152, 41.948028397329374], [-87.85498121673153, 41.94804218224065], [-87.85498157604803, 41.948057368258866], [-87.85494240012517, 41.94947749546262], [-87.85494130839977, 41.94949184461187], [-87.85493615714688, 41.949505281670724], [-87.85408369267944, 41.95144305969629], [-87.85407757293916, 41.95145536351964], [-87.85406386751512, 41.95145636183708], [-87.84720163262983, 41.951632057127036], [-87.84714393258544, 41.951636324939095], [-87.84708691187105, 41.951646130420805], [-87.84703110070156, 41.95166138239456], [-87.8469770180448, 41.95168193903778], [-87.84692516679577, 41.95170760920171], [-87.8468760291004, 41.9517381541888], [-87.84683006187231, 41.95177328997232], [-87.84678769254404, 41.951812689837354], [-87.84674931509262, 41.95185598741887], [-87.84671528637602, 41.951902780108355], [-87.84668592281496, 41.951952632797585], [-87.84666149745051, 41.9520050819245], [-87.84664223740526, 41.95205963978369], [-87.84662832177142, 41.95211579906144], [-87.84662030782114, 41.95217013640779], [-87.8450453729013, 41.952189445953564]]]}, "properties": {"chi_id": "5N12W", "chi_ordinate": "\u03c7:5N12W", "name": "Cumberland\u2013Wilson chi", "label": "CumWil", "name_canon": "\u03c7:5N12W chi", "label_canon": "\u03c7:5N12W", "center": [-87.849035, 41.944638], "area_sqmi": 0.437, "edge": true, "flag": false}}, {"type": "Feature", "geometry": {"type": "Polygon", "coordinates": [[[-87.89496865586179, 41.95076832026501], [-87.89502478322012, 41.95157667161031], [-87.89288542831139, 41.95160290124749], [-87.89288304428524, 41.95081660608026], [-87.8928836809391, 41.95080266800314], [-87.89289760424363, 41.95080176416673], [-87.89496865586179, 41.95076832026501]]]}, "properties": {"chi_id": "5N14W", "chi_ordinate": "\u03c7:5N14W", "name": "\u03c7:5N14W chi", "label": "\u03c7:5N14W", "name_canon": "\u03c7:5N14W chi", "label_canon": "\u03c7:5N14W", "center": [-87.893941, 41.951197], "area_sqmi": 0.006, "edge": true, "flag": false}}, {"type": "Feature", "geometry": {"type": "Polygon", "coordinates": [[[-87.89502478322012, 41.95157667161031], [-87.89496865586179, 41.95076832026501], [-87.90376557154332, 41.95062626529116], [-87.90378191604334, 41.95062689663514], [-87.9037980936356, 41.950629310507296], [-87.90765101358303, 41.9514218672625], [-87.89502478322012, 41.95157667161031]]]}, "properties": {"chi_id": "5N15W", "chi_ordinate": "\u03c7:5N15W", "name": "\u03c7:5N15W chi", "label": "\u03c7:5N15W", "name_canon": "\u03c7:5N15W chi", "label_canon": "\u03c7:5N15W", "center": [-87.900527, 41.951095], "area_sqmi": 0.032, "edge": true, "flag": false}}, {"type": "Feature", "geometry": {"type": "Polygon", "coordinates": [[[-87.64903252234167, 41.94004468895878], [-87.64943039052999, 41.95458779042357], [-87.6409840549844, 41.95469134702185], [-87.63921804898585, 41.9506514129455], [-87.63920073705225, 41.95061516687018], [-87.63757692761402, 41.947488990919155], [-87.63754995098537, 41.94744231033166], [-87.63751889287228, 41.94739823982731], [-87.63628435781713, 41.94580375139568], [-87.6362293822329, 41.94574204381462], [-87.63317957026494, 41.942760356490815], [-87.63317049072296, 41.942750650950316], [-87.6331643010938, 41.94273888982431], [-87.63301626842438, 41.94242432040183], [-87.63301085119416, 41.94241117074436], [-87.63302092075041, 41.942401127641624], [-87.63324842050693, 41.94219546786175], [-87.63326027229301, 41.94218582482553], [-87.63327553579701, 41.94218651650947], [-87.63332782173507, 41.9421916203429], [-87.63338654091503, 41.94219445846408], [-87.63344525598711, 41.94219153659167], [-87.6335034032871, 41.94218288277564], [-87.63356042460138, 41.94216858009254], [-87.63361577252583, 41.94214876584801], [-87.63366891572083, 41.942123630258635], [-87.63371934401214, 41.94209341462587], [-87.63376657328857, 41.94205840901954], [-87.63381015014947, 41.94201894949317], [-87.63384965625733, 41.941975414857886], [-87.63388471235385, 41.941928223045835], [-87.63391498190077, 41.941877827098025], [-87.63394017431071, 41.941824710815126], [-87.63396004773675, 41.94176938411303], [-87.63397441139414, 41.941712378127605], [-87.6339831273919, 41.94165424011586], [-87.63398611205652, 41.94159552820221], [-87.63398333673524, 41.941536806020544], [-87.63397482807115, 41.94147863730333], [-87.63373130581009, 41.940240823478646], [-87.64903252234167, 41.94004468895878]]]}, "properties": {"chi_id": "5N1W", "chi_ordinate": "\u03c7:5N1W", "name": "Clark\u2013Addison chi", "label": "ClaAdd", "name_canon": "River\u2013Addison chi", "label_canon": "RivAdd", "center": [-87.643057, 41.946601], "area_sqmi": 0.625, "edge": true, "flag": false}}, {"type": "Feature", "geometry": {"type": "Polygon", "coordinates": [[[-87.64943039052999, 41.95458779042357], [-87.64903252234167, 41.94004468895878], [-87.66854746671831, 41.939794541904284], [-87.66894365779373, 41.95434854731413], [-87.64943039052999, 41.95458779042357]]]}, "properties": {"chi_id": "5N2W", "chi_ordinate": "\u03c7:5N2W", "name": "Racine\u2013Addison chi", "label": "RacAdd", "name_canon": "Racine\u2013Addison chi", "label_canon": "RacAdd", "center": [-87.658989, 41.947197], "area_sqmi": 1.007, "edge": false, "flag": false}}, {"type": "Feature", "geometry": {"type": "Polygon", "coordinates": [[[-87.66894365779373, 41.95434854731413], [-87.66854746671831, 41.939794541904284], [-87.68806035280998, 41.93954442123336], [-87.6884712424347, 41.95410912866599], [-87.66894365779373, 41.95434854731413]]]}, "properties": {"chi_id": "5N3W", "chi_ordinate": "\u03c7:5N3W", "name": "Damen\u2013Addison chi", "label": "DamAdd", "name_canon": "Damen\u2013Addison chi", "label_canon": "DamAdd", "center": [-87.678506, 41.946952], "area_sqmi": 1.008, "edge": false, "flag": false}}, {"type": "Feature", "geometry": {"type": "Polygon", "coordinates": [[[-87.6884712424347, 41.95410912866599], [-87.68806035280998, 41.93954442123336], [-87.70759856705489, 41.93929397590033], [-87.70799450635397, 41.953869762992205], [-87.6884712424347, 41.95410912866599]]]}, "properties": {"chi_id": "5N4W", "chi_ordinate": "\u03c7:5N4W", "name": "California\u2013Addison chi", "label": "CalAdd", "name_canon": "California\u2013Addison chi", "label_canon": "CalAdd", "center": [-87.698031, 41.946707], "area_sqmi": 1.009, "edge": false, "flag": false}}, {"type": "Feature", "geometry": {"type": "Polygon", "coordinates": [[[-87.70799450635397, 41.953869762992205], [-87.70759856705489, 41.93929397590033], [-87.727234134571, 41.93904228267063], [-87.72763850117038, 41.953628917092956], [-87.70799450635397, 41.953869762992205]]]}, "properties": {"chi_id": "5N5W", "chi_ordinate": "\u03c7:5N5W", "name": "Central Park\u2013Addison chi", "label": "CenAdd", "name_canon": "Central Park\u2013Addison chi", "label_canon": "CenAdd", "center": [-87.717617, 41.946461], "area_sqmi": 1.015, "edge": false, "flag": false}}, {"type": "Feature", "geometry": {"type": "Polygon", "coordinates": [[[-87.72763850117038, 41.953628917092956], [-87.727234134571, 41.93904228267063], [-87.74687835869311, 41.93879047847856], [-87.74730490684162, 41.953387796424614], [-87.72763850117038, 41.953628917092956]]]}, "properties": {"chi_id": "5N6W", "chi_ordinate": "\u03c7:5N6W", "name": "Kostner\u2013Addison chi", "label": "KosAdd", "name_canon": "Kostner\u2013Addison chi", "label_canon": "KosAdd", "center": [-87.737264, 41.946215], "area_sqmi": 1.017, "edge": false, "flag": false}}, {"type": "Feature", "geometry": {"type": "Polygon", "coordinates": [[[-87.74730490684162, 41.953387796424614], [-87.74687835869311, 41.93879047847856], [-87.76557876170516, 41.938550772403], [-87.76582308757162, 41.95316075360913], [-87.74730490684162, 41.953387796424614]]]}, "properties": {"chi_id": "5N7W", "chi_ordinate": "\u03c7:5N7W", "name": "Laramie\u2013Addison chi", "label": "LarAdd", "name_canon": "Laramie\u2013Addison chi", "label_canon": "LarAdd", "center": [-87.756396, 41.945976], "area_sqmi": 0.964, "edge": false, "flag": false}}, {"type": "Feature", "geometry": {"type": "Polygon", "coordinates": [[[-87.76582308757162, 41.95316075360913], [-87.76557876170516, 41.938550772403], [-87.78600162753011, 41.93828898740214], [-87.78642925267837, 41.952908110986705], [-87.76582308757162, 41.95316075360913]]]}, "properties": {"chi_id": "5N8W", "chi_ordinate": "\u03c7:5N8W", "name": "Austin\u2013Addison chi", "label": "AusAdd", "name_canon": "Austin\u2013Addison chi", "label_canon": "AusAdd", "center": [-87.775959, 41.945729], "area_sqmi": 1.063, "edge": false, "flag": false}}, {"type": "Feature", "geometry": {"type": "Polygon", "coordinates": [[[-87.78642925267837, 41.952908110986705], [-87.78600162753011, 41.93828898740214], [-87.80595444063292, 41.93803322764539], [-87.80634655808088, 41.95266391415326], [-87.78642925267837, 41.952908110986705]]]}, "properties": {"chi_id": "5N9W", "chi_ordinate": "\u03c7:5N9W", "name": "Oak Park\u2013Addison chi", "label": "OakAdd", "name_canon": "Oak Park\u2013Addison chi", "label_canon": "OakAdd", "center": [-87.796183, 41.945476], "area_sqmi": 1.034, "edge": false, "flag": false}}, {"type": "Feature", "geometry": {"type": "Polygon", "coordinates": [[[-87.62600301734874, 41.80911439806412], [-87.6263784266611, 41.823789402271224], [-87.60692941226623, 41.824081080256924], [-87.60658283431114, 41.80939034000755], [-87.62600301734874, 41.80911439806412]]]}, "properties": {"chi_id": "5S1E", "chi_ordinate": "\u03c7:5S1E", "name": "Calumet\u201343rd chi", "label": "Cal43", "name_canon": "Martin Luther King\u201343rd chi", "label_canon": "Mar43", "center": [-87.616473, 41.81659], "area_sqmi": 1.012, "edge": false, "flag": false}}, {"type": "Feature", "geometry": {"type": "Polygon", "coordinates": [[[-87.6263784266611, 41.823789402271224], [-87.62600301734874, 41.80911439806412], [-87.64544299240731, 41.808838174895286], [-87.64584403955195, 41.82349747535694], [-87.6263784266611, 41.823789402271224]]]}, "properties": {"chi_id": "5S1W", "chi_ordinate": "\u03c7:5S1W", "name": "Shields\u201343rd chi", "label": "Shi43", "name_canon": "River\u201343rd chi", "label_canon": "Riv43", "center": [-87.635917, 41.816306], "area_sqmi": 1.012, "edge": false, "flag": false}}, {"type": "Feature", "geometry": {"type": "Polygon", "coordinates": [[[-87.60658283431114, 41.80939034000755], [-87.60692941226623, 41.824081080256924], [-87.59765792111486, 41.82422012534211], [-87.59765774626379, 41.82420660427119], [-87.59765198255886, 41.824151806696584], [-87.59764121623404, 41.824097768925284], [-87.59730717299095, 41.822747926664185], [-87.59728923004027, 41.82268870430114], [-87.59726528276141, 41.822631644984654], [-87.59723558587609, 41.822577355641634], [-87.5972004552633, 41.82252641373542], [-87.59525064364936, 41.819989669033596], [-87.59521285100969, 41.81994516188189], [-87.5951709112999, 41.81990453884766], [-87.5951252216856, 41.81986818462766], [-87.59507621484363, 41.81983644349336], [-87.59502435486473, 41.81980961603065], [-87.5949701328586, 41.819787956293396], [-87.59491406230315, 41.81977166939751], [-87.59463911982567, 41.8197061275544], [-87.59462624593687, 41.819702440007596], [-87.59461481997182, 41.819695455572], [-87.592633648914, 41.8183585356512], [-87.5926215613502, 41.818349451567286], [-87.59261276108039, 41.81833715583523], [-87.59220542229194, 41.817702130035315], [-87.59219778881477, 41.8176887469592], [-87.5921962127506, 41.81767342074859], [-87.59215914571956, 41.81693988371359], [-87.59215890981301, 41.81693411401635], [-87.59215756119848, 41.81689095835132], [-87.59215340974195, 41.816836806802385], [-87.59214437865724, 41.816783252490204], [-87.59213054193964, 41.81673073420682], [-87.59206156564332, 41.81651001005863], [-87.59204042759819, 41.81645277035131], [-87.5920135852994, 41.816397973526215], [-87.59198131635604, 41.81634618630443], [-87.59194395450079, 41.81629794428107], [-87.59190188613836, 41.816253746386], [-87.59185554634924, 41.816214049723804], [-87.59180541438995, 41.8161792648463], [-87.59147424489748, 41.81597360424215], [-87.59146250380863, 41.815965506677], [-87.5914546549402, 41.81595359789902], [-87.59095095877919, 41.81510310915991], [-87.59092232043527, 41.81505924164025], [-87.5908899646801, 41.81501803946638], [-87.59085413818266, 41.81497981674926], [-87.5908151140716, 41.814944864885504], [-87.59047550999476, 41.8146664366008], [-87.59046460554566, 41.81465655285355], [-87.59045836839624, 41.81464322268365], [-87.59035767873824, 41.81439689262748], [-87.59035277147571, 41.814382931990046], [-87.59035381871335, 41.81437653065001], [-87.59036028407765, 41.814320713887156], [-87.59036149958762, 41.81426453707267], [-87.59035745458284, 41.81420849289467], [-87.59034818453931, 41.81415307287804], [-87.59033377075815, 41.81409876307355], [-87.5903143396527, 41.81404603979509], [-87.59029006163985, 41.81399536544218], [-87.59026114964527, 41.81394718444468], [-87.58987296164693, 41.8133640320705], [-87.58982971644011, 41.8133068048529], [-87.58977995104195, 41.81325514725429], [-87.58873933914239, 41.812296848535794], [-87.58869543580776, 41.81226012903821], [-87.58864823348611, 41.81222775983795], [-87.58859816169551, 41.81220003547896], [-87.58854567606485, 41.81217720823935], [-87.58849125418773, 41.81215948583587], [-87.58755692814874, 41.811903813671705], [-87.58748703456321, 41.80966167277943], [-87.60658283431114, 41.80939034000755]]]}, "properties": {"chi_id": "5S2E", "chi_ordinate": "\u03c7:5S2E", "name": "Woodlawn\u201343rd chi", "label": "Woo43", "name_canon": "Woodlawn\u201343rd chi", "label_canon": "Woo43", "center": [-87.599453, 41.81681], "area_sqmi": 0.749, "edge": true, "flag": false}}, {"type": "Feature", "geometry": {"type": "Polygon", "coordinates": [[[-87.64584403955195, 41.82349747535694], [-87.64544299240731, 41.808838174895286], [-87.66497500005589, 41.80856064403271], [-87.6653736394732, 41.823204588825476], [-87.64584403955195, 41.82349747535694]]]}, "properties": {"chi_id": "5S2W", "chi_ordinate": "\u03c7:5S2W", "name": "Racine\u201343rd chi", "label": "Rac43", "name_canon": "Racine\u201343rd chi", "label_canon": "Rac43", "center": [-87.655409, 41.816021], "area_sqmi": 1.015, "edge": false, "flag": false}}, {"type": "Feature", "geometry": {"type": "Polygon", "coordinates": [[[-87.58748703456321, 41.80966167277943], [-87.58755692814874, 41.811903813671705], [-87.58735572242868, 41.81184875505218], [-87.58734242960075, 41.8118444306666], [-87.58733462371931, 41.81183283464154], [-87.58694833426183, 41.811195745312425], [-87.5869408472085, 41.81118175893122], [-87.5869398493541, 41.8111659260819], [-87.58693155346688, 41.810280754917294], [-87.5869274644427, 41.810216224427776], [-87.58691645503924, 41.81015250867438], [-87.58689865311558, 41.81009034762781], [-87.58687426541654, 41.810030463203034], [-87.58684357517164, 41.80997355087516], [-87.58666019726766, 41.809673421334516], [-87.58748703456321, 41.80966167277943]]]}, "properties": {"chi_id": "5S3E", "chi_ordinate": "\u03c7:5S3E", "name": "Woodlawn\u201348th chi", "label": "Woo48", "name_canon": "Jeffery\u201343rd chi", "label_canon": "Jef43", "center": [-87.587228, 41.810723], "area_sqmi": 0.004, "edge": true, "flag": false}}, {"type": "Feature", "geometry": {"type": "Polygon", "coordinates": [[[-87.6653736394732, 41.823204588825476], [-87.66497500005589, 41.80856064403271], [-87.6843573580088, 41.808285239547], [-87.68477004618475, 41.82291369980023], [-87.6653736394732, 41.823204588825476]]]}, "properties": {"chi_id": "5S3W", "chi_ordinate": "\u03c7:5S3W", "name": "Damen\u201343rd chi", "label": "Dam43", "name_canon": "Damen\u201343rd chi", "label_canon": "Dam43", "center": [-87.674869, 41.815737], "area_sqmi": 1.006, "edge": false, "flag": false}}, {"type": "Feature", "geometry": {"type": "Polygon", "coordinates": [[[-87.68477004618475, 41.82291369980023], [-87.6843573580088, 41.808285239547], [-87.70403222816518, 41.808005678746916], [-87.7044291835336, 41.82261887058853], [-87.68477004618475, 41.82291369980023]]]}, "properties": {"chi_id": "5S4W", "chi_ordinate": "\u03c7:5S4W", "name": "California\u201343rd chi", "label": "Cal43", "name_canon": "California\u201343rd chi", "label_canon": "Cal43", "center": [-87.694397, 41.815452], "area_sqmi": 1.02, "edge": false, "flag": false}}, {"type": "Feature", "geometry": {"type": "Polygon", "coordinates": [[[-87.7044291835336, 41.82261887058853], [-87.70403222816518, 41.808005678746916], [-87.72359386918436, 41.80772772682292], [-87.7239985414589, 41.822325387804], [-87.7044291835336, 41.82261887058853]]]}, "properties": {"chi_id": "5S5W", "chi_ordinate": "\u03c7:5S5W", "name": "Central Park\u201343rd chi", "label": "Cen43", "name_canon": "Central Park\u201343rd chi", "label_canon": "Cen43", "center": [-87.714013, 41.815166], "area_sqmi": 1.013, "edge": false, "flag": false}}, {"type": "Feature", "geometry": {"type": "MultiPolygon", "coordinates": [[[[-87.72359386918436, 41.80772772682292], [-87.74304050045866, 41.807451409075725], [-87.74346660144322, 41.82203342419051], [-87.7239985414589, 41.822325387804], [-87.72359386918436, 41.80772772682292]]], [[[-87.74346660144322, 41.82203342419051], [-87.74476853552366, 41.82201389901034], [-87.74476873728108, 41.8220252366559], [-87.74476829480017, 41.82203931680467], [-87.74475423574539, 41.82204020526033], [-87.74346732239547, 41.82205809659738], [-87.74346660144322, 41.82203342419051]]]]}, "properties": {"chi_id": "5S6W", "chi_ordinate": "\u03c7:5S6W", "name": "Kostner\u201343rd chi", "label": "Kos43", "name_canon": "Kostner\u201343rd chi", "label_canon": "Kos43", "center": [-87.733525, 41.814881], "area_sqmi": 1.007, "edge": true, "flag": false}}, {"type": "Feature", "geometry": {"type": "Polygon", "coordinates": [[[-87.74346660144322, 41.82203342419051], [-87.74304050045866, 41.807451409075725], [-87.75292690688856, 41.80731093284032], [-87.7530826127938, 41.81330309880654], [-87.75308227191304, 41.81331748040511], [-87.75306878249816, 41.81332247863125], [-87.74508860956561, 41.815836299432725], [-87.74503308113232, 41.81585685447545], [-87.7449798490813, 41.81588278255736], [-87.7449294318213, 41.81591383117374], [-87.74488232034872, 41.81594969795276], [-87.74483897346606, 41.81599003360014], [-87.74479981331376, 41.81603444530082], [-87.74476522125913, 41.816082500544475], [-87.74473553418235, 41.81613373133754], [-87.74471104119569, 41.816187638760866], [-87.74469198082794, 41.816243697828526], [-87.74467853870149, 41.81630136260046], [-87.74467084572464, 41.81636007149922], [-87.74466897681663, 41.816419252778935], [-87.74476853552366, 41.82201389901034], [-87.74346660144322, 41.82203342419051]]]}, "properties": {"chi_id": "5S7W", "chi_ordinate": "\u03c7:5S7W", "name": "Laramie\u201343rd chi", "label": "Lar43", "name_canon": "Laramie\u201343rd chi", "label_canon": "Lar43", "center": [-87.746164, 41.814579], "area_sqmi": 0.29, "edge": true, "flag": false}}, {"type": "Feature", "geometry": {"type": "Polygon", "coordinates": [[[-87.80673433903237, 41.96713279730141], [-87.80634655808088, 41.95266391415326], [-87.825699205953, 41.952426640323615], [-87.82628367548074, 41.96686970212754], [-87.80673433903237, 41.96713279730141]]]}, "properties": {"chi_id": "6N10W", "chi_ordinate": "\u03c7:6N10W", "name": "Oriole\u2013Montrose chi", "label": "OriMon", "name_canon": "Oriole\u2013Montrose chi", "label_canon": "OriMon", "center": [-87.816267, 41.959767], "area_sqmi": 0.997, "edge": false, "flag": false}}, {"type": "Feature", "geometry": {"type": "Polygon", "coordinates": [[[-87.8450453729013, 41.952189445953564], [-87.84582582618368, 41.966606703659515], [-87.82628367548074, 41.96686970212754], [-87.825699205953, 41.952426640323615], [-87.8450453729013, 41.952189445953564]]]}, "properties": {"chi_id": "6N11W", "chi_ordinate": "\u03c7:6N11W", "name": "Cumberland\u2013Montrose chi", "label": "CumMon", "name_canon": "Cumberland\u2013Montrose chi", "label_canon": "CumMon", "center": [-87.835714, 41.959517], "area_sqmi": 0.995, "edge": false, "flag": false}}, {"type": "Feature", "geometry": {"type": "Polygon", "coordinates": [[[-87.84582582618368, 41.966606703659515], [-87.8450453729013, 41.952189445953564], [-87.84662030782114, 41.95217013640779], [-87.84661987994538, 41.95217303755299], [-87.84661699042462, 41.9522308230184], [-87.84661206158863, 41.95508109845753], [-87.84661493237287, 41.95514076851371], [-87.84662372261785, 41.95519985733328], [-87.846638345184, 41.95525777915615], [-87.84665865511471, 41.9553139597909], [-87.84668445107327, 41.95536784230687], [-87.84671547733885, 41.95541889255516], [-87.8467514263414, 41.95546660446374], [-87.8467919417108, 41.95551050505426], [-87.84683662180954, 41.95555015913075], [-87.84688502371422, 41.9555851735939], [-87.8469366676064, 41.955615201337835], [-87.84699104152915, 41.9556399446911], [-87.84704760646213, 41.955659158367546], [-87.84710580166507, 41.955672651897885], [-87.84716505023646, 41.95568029151787], [-87.84722476483255, 41.95568200149431], [-87.85806962558974, 41.95545232560412], [-87.85808463410288, 41.9554527770936], [-87.8580945434299, 41.955464058252645], [-87.85851959431155, 41.956001115785526], [-87.85852830899303, 41.956013348808135], [-87.858532975767, 41.9560276251429], [-87.85877747027853, 41.95692701566744], [-87.85878039354944, 41.9569400523161], [-87.85877974609379, 41.95695339699789], [-87.85872543160326, 41.95753370444934], [-87.85872324554931, 41.957548725195295], [-87.85871525875552, 41.957561633051824], [-87.85760446394023, 41.95916697980944], [-87.85756559019772, 41.95923146418598], [-87.85573448843579, 41.96275110955058], [-87.85571092280281, 41.96280210423179], [-87.85569222972718, 41.962855079372126], [-87.8556785730743, 41.962909570586106], [-87.85567007255975, 41.96296510019822], [-87.8555134572301, 41.96445018202987], [-87.85551136866219, 41.96446387354263], [-87.85550802283012, 41.96447731322397], [-87.85490840817687, 41.9664844701763], [-87.84582582618368, 41.966606703659515]]]}, "properties": {"chi_id": "6N12W", "chi_ordinate": "\u03c7:6N12W", "name": "East River\u2013Foster chi", "label": "EasFos", "name_canon": "\u03c7:6N12W chi", "label_canon": "\u03c7:6N12W", "center": [-87.851086, 41.960991], "area_sqmi": 0.456, "edge": true, "flag": false}}, {"type": "Feature", "geometry": {"type": "Polygon", "coordinates": [[[-87.89502478322012, 41.95157667161031], [-87.89602147863238, 41.9659311700452], [-87.88078544479039, 41.9661362167476], [-87.88079398560096, 41.95722302682959], [-87.88079471540043, 41.95720873988627], [-87.88080901880853, 41.95720849113174], [-87.88383840465897, 41.95730755541723], [-87.88386549924269, 41.957309673737875], [-87.89023000357874, 41.95809879296708], [-87.89031431153701, 41.9581032607935], [-87.89231369039761, 41.95806833051337], [-87.89237190344818, 41.95806447672315], [-87.89242946703503, 41.95805498754908], [-87.89248583692466, 41.958039952706315], [-87.8925404801694, 41.9580195143414], [-87.89259288014604, 41.95799386568835], [-87.89264254144032, 41.9579632492417], [-87.89268899453079, 41.95792795446388], [-87.89273180022786, 41.95788831504848], [-87.89277055382615, 41.95784470576535], [-87.89280488893074, 41.95779753891738], [-87.89283448092125, 41.95774726044233], [-87.89285905002095, 41.957694345696794], [-87.89287836394188, 41.95763929496189], [-87.8928922400811, 41.95758262871342], [-87.89290054724695, 41.957524882701], [-87.89290320689959, 41.95746660288285], [-87.89288542831139, 41.95160290124749], [-87.89502478322012, 41.95157667161031]]]}, "properties": {"chi_id": "6N14W", "chi_ordinate": "\u03c7:6N14W", "name": "\u03c7:6N14W chi", "label": "\u03c7:6N14W", "name_canon": "\u03c7:6N14W chi", "label_canon": "\u03c7:6N14W", "center": [-87.88827, 41.962017], "area_sqmi": 0.494, "edge": true, "flag": false}}, {"type": "Feature", "geometry": {"type": "Polygon", "coordinates": [[[-87.91174858736746, 41.952237670493616], [-87.91180762409459, 41.952229030369644], [-87.91186551078437, 41.95221456945541], [-87.91192167500384, 41.952194430752755], [-87.91197556135333, 41.952168813410346], [-87.91202663695869, 41.95213797075431], [-87.91207439674076, 41.9521022077831], [-87.91211836841013, 41.95206187815148], [-87.91215811713744, 41.95201738067323], [-87.91219324985339, 41.95196915537734], [-87.91222341913573, 41.95191767915665], [-87.91224832664487, 41.951863461051914], [-87.91226772607415, 41.95180703721797], [-87.91228142558546, 41.95174896562178], [-87.91228928970637, 41.95168982052481], [-87.91229124066972, 41.95163018680419], [-87.9122882456194, 41.951454414788074], [-87.91228866690669, 41.95144083329215], [-87.9123020106498, 41.95144339825479], [-87.91472233082747, 41.95203044202185], [-87.91473628248377, 41.95203457890758], [-87.91473737626238, 41.95204908980629], [-87.91480269484113, 41.954668657284884], [-87.91480626593989, 41.95472074520749], [-87.91481435176078, 41.95477232547434], [-87.91517121196041, 41.95654168813863], [-87.91518552880294, 41.95659830032489], [-87.91520528104267, 41.95665325267369], [-87.91523028158689, 41.95670602467765], [-87.915260293631, 41.956756116481586], [-87.91529503290161, 41.9568030536171], [-87.91533417034918, 41.95684639149673], [-87.9153773352647, 41.956885719625106], [-87.91542411879111, 41.95692066548709], [-87.91547407779592, 41.95695089807631], [-87.91552673906862, 41.95697613103037], [-87.9165009741861, 41.95738591088791], [-87.91656406285526, 41.95740839187534], [-87.9166292639918, 41.957423701570434], [-87.91999126761543, 41.95801739840551], [-87.92000564887402, 41.958020684558335], [-87.92001739208752, 41.95803105124346], [-87.92003922225729, 41.95805229385647], [-87.92008736015752, 41.9580903846583], [-87.92013913805425, 41.958123357617445], [-87.9201940139815, 41.958150867601674], [-87.92025141354584, 41.95817262666042], [-87.9203107359386, 41.958188407038804], [-87.9203713602246, 41.958198043561545], [-87.92151294898395, 41.95832003738567], [-87.92157204134772, 41.958323416126156], [-87.92163117908493, 41.95832095617071], [-87.92168978669943, 41.95831268145826], [-87.92174729385393, 41.9582986725138], [-87.92180314092022, 41.95827906566471], [-87.92185678442515, 41.95825405171416], [-87.92190770233942, 41.95822387408422], [-87.92195539915774, 41.95818882644712], [-87.9219994107207, 41.95814924986732], [-87.92203930873183, 41.95810552948247], [-87.92207470492546, 41.958058090755465], [-87.92210525484519, 41.95800739533409], [-87.9221306611959, 41.957953936558496], [-87.9221506767368, 41.95789823466028], [-87.92216510668766, 41.95784083169988], [-87.92217381062403, 41.95778228629157], [-87.92217670384397, 41.957723168167256], [-87.92217500666735, 41.95389603488287], [-87.92217570938416, 41.95388189662322], [-87.92218963010828, 41.95388446520968], [-87.92634505525774, 41.95486869712247], [-87.92635834048471, 41.954872522069486], [-87.92635901380261, 41.95488633054933], [-87.92636250846179, 41.95851466046035], [-87.92636560546117, 41.9585749688533], [-87.92637474890881, 41.95863466048613], [-87.9263898461843, 41.95869313070024], [-87.9264107443567, 41.95874978720963], [-87.92643723173367, 41.95880405610059], [-87.92646904000594, 41.95885538764528], [-87.92650584696509, 41.958903261870326], [-87.92654727976748, 41.95894719382397], [-87.92659291871108, 41.958986738488484], [-87.92664230148688, 41.959021495288106], [-87.92669492786193, 41.959051112146724], [-87.9267502647466, 41.959075289054304], [-87.9268077515946, 41.95909378110591], [-87.92686680608112, 41.959106400982535], [-87.92899349881678, 41.95945001509266], [-87.92947377433629, 41.96548096870064], [-87.91274877342917, 41.965706053937325], [-87.89602147863238, 41.9659311700452], [-87.89502478322012, 41.95157667161031], [-87.90765101358303, 41.9514218672625], [-87.91157043718509, 41.95222810401144], [-87.91162940462242, 41.952237205012985], [-87.91168898440844, 41.952240404386416], [-87.91174492371357, 41.95223783853959], [-87.91174858736746, 41.952237670493616]]]}, "properties": {"chi_id": "6N15W", "chi_ordinate": "\u03c7:6N15W", "name": "\u03c7:6N15W chi", "label": "\u03c7:6N15W", "name_canon": "\u03c7:6N15W chi", "label_canon": "\u03c7:6N15W", "center": [-87.91095, 41.958664], "area_sqmi": 1.408, "edge": true, "flag": false}}, {"type": "Feature", "geometry": {"type": "MultiPolygon", "coordinates": [[[[-87.92899349881678, 41.95945001509266], [-87.93207345131506, 41.959947649339114], [-87.93208732438234, 41.95995059616203], [-87.93208852156441, 41.95996472812993], [-87.93223951243145, 41.964228464415925], [-87.9322443038411, 41.96428580504325], [-87.93225456590277, 41.964342423019524], [-87.93227020423669, 41.96439779763158], [-87.93229107501777, 41.964451419601374], [-87.93231698629829, 41.964502795769874], [-87.93234769977327, 41.96455145363257], [-87.93238293297215, 41.96459694568512], [-87.93242236185664, 41.96463885353898], [-87.93246562380094, 41.96467679176935], [-87.93251232092672, 41.9647104114599], [-87.93256202376243, 41.964739403411706], [-87.93261427519316, 41.96476350098699], [-87.93266859466465, 41.964782482561354], [-87.93272448260295, 41.964796173562036], [-87.93278142500901, 41.964804448073465], [-87.93283889818588, 41.96480722999531], [-87.934762242112, 41.96480799413671], [-87.93477630535756, 41.96480869196919], [-87.93477694896018, 41.964822757801045], [-87.93477491927823, 41.965409625836706], [-87.92947377433629, 41.96548096870064], [-87.92899349881678, 41.95945001509266]]], [[[-87.93668290784493, 41.96538394810667], [-87.93812086297116, 41.96429543061819], [-87.93813221405973, 41.96428764144174], [-87.93814596803354, 41.96428705264334], [-87.93970937437507, 41.964292944878295], [-87.93972332427815, 41.96429367808412], [-87.93972410616219, 41.96430762534369], [-87.93973162112991, 41.96534291849148], [-87.93668290784493, 41.96538394810667]]]]}, "properties": {"chi_id": "6N16W", "chi_ordinate": "\u03c7:6N16W", "name": "\u03c7:6N16W chi", "label": "\u03c7:6N16W", "name_canon": "\u03c7:6N16W chi", "label_canon": "\u03c7:6N16W", "center": [-87.930684, 41.962097], "area_sqmi": 0.075, "edge": true, "flag": false}}, {"type": "Feature", "geometry": {"type": "Polygon", "coordinates": [[[-87.64943039052999, 41.95458779042357], [-87.64983136403522, 41.96924439917577], [-87.64372585142188, 41.969326567228215], [-87.64264411677506, 41.96837181183415], [-87.64263733114431, 41.968365198476356], [-87.64259515164967, 41.96832778860986], [-87.64254964702101, 41.96829450292752], [-87.64056800904079, 41.966983293626896], [-87.64051613474648, 41.966952599771716], [-87.64046144265248, 41.96692726540749], [-87.64040448470156, 41.96690754620405], [-87.63746280472041, 41.96605195954287], [-87.63740041553399, 41.966037376325055], [-87.63264214123026, 41.9651901564297], [-87.63258431007499, 41.96518273694539], [-87.63252603183165, 41.96518096561251], [-87.6324678568235, 41.96518485915783], [-87.63241033439898, 41.965194380814474], [-87.63235400774414, 41.965209440669135], [-87.63229940875335, 41.96522989651114], [-87.63224705300658, 41.96525555517533], [-87.63219743490079, 41.965286174366135], [-87.6321510229813, 41.96532146494558], [-87.63210825551734, 41.96536109366362], [-87.63206953636337, 41.96540468630502], [-87.63203523114562, 41.96545183122312], [-87.63200566380931, 41.96550208322697], [-87.63198111355972, 41.96555496778533], [-87.63196181222563, 41.965609985507655], [-87.63194794207013, 41.96566661685988], [-87.63193963406955, 41.96572432707036], [-87.63184833288523, 41.9666889181541], [-87.63184635350115, 41.96670281204117], [-87.63184057516125, 41.96671560144509], [-87.63152725123055, 41.96733014360915], [-87.63150306212655, 41.967383977733384], [-87.6314842790175, 41.96743992789422], [-87.63147108364173, 41.967497452738776], [-87.63146360367277, 41.967555995678126], [-87.63146191148402, 41.96761499027263], [-87.63146602344847, 41.967673865712605], [-87.63147589978028, 41.96773205234125], [-87.63149144491976, 41.967788987166465], [-87.63151250845792, 41.96784411930812], [-87.63153888659183, 41.96789691532818], [-87.63157032409651, 41.96794686439207], [-87.6316065167944, 41.96799348321126], [-87.63164711449846, 41.968036320719456], [-87.63169172440045, 41.96807496243692], [-87.63173991487159, 41.968109034480804], [-87.63179121963887, 41.968138207182726], [-87.63180728473914, 41.96814535481558], [-87.63182543285488, 41.96815453508533], [-87.63183123704582, 41.9681678834436], [-87.63196997069689, 41.96853566728372], [-87.63197419304457, 41.968548703935845], [-87.63196254142456, 41.96855591658217], [-87.63172299921195, 41.96868890236395], [-87.63169322453633, 41.9687035543211], [-87.6316721596636, 41.968712658783616], [-87.63162009911561, 41.96874159307169], [-87.63160189033891, 41.96875422705559], [-87.63157340104316, 41.968771954236985], [-87.63141720061856, 41.96885867146045], [-87.63140404046034, 41.968865134106295], [-87.63139154028447, 41.96885747243803], [-87.63124524231706, 41.968757344551605], [-87.63121852047254, 41.96873703395986], [-87.63116931503369, 41.968703355690856], [-87.63114066278641, 41.96868576920743], [-87.6308899465881, 41.96851417637209], [-87.63087886747127, 41.9685057813451], [-87.63088464359933, 41.96849313778353], [-87.63161146191656, 41.967085994748984], [-87.63164009166854, 41.96702153267393], [-87.63166095876888, 41.96695415622446], [-87.63188655057775, 41.96603837088886], [-87.63189719313723, 41.96598475916875], [-87.63190291277088, 41.96593040140576], [-87.63190366201398, 41.965875748690905], [-87.63189943464889, 41.96582125456287], [-87.63171055362282, 41.96429318274259], [-87.63170044671635, 41.964235059568956], [-87.63168468058075, 41.96417820992657], [-87.63166340764182, 41.964123183433486], [-87.63163683356477, 41.96407051208169], [-87.63160521526575, 41.964020705093844], [-87.6315688584281, 41.963974244000156], [-87.63152811454698, 41.96393157798297], [-87.63148337753115, 41.963893119534134], [-87.6312366962437, 41.96370131668288], [-87.63122647112044, 41.96369259794932], [-87.63122000499655, 41.963680849412654], [-87.63100819085741, 41.96325154754137], [-87.6310026726931, 41.96323891073064], [-87.63100470398557, 41.96322527207322], [-87.63107715714294, 41.962857432966594], [-87.63108065612984, 41.96284334881539], [-87.6310903744024, 41.96283257099548], [-87.63144890060427, 41.96247215781361], [-87.63146045657808, 41.96246169958888], [-87.63147468213462, 41.96245533181585], [-87.63414912383213, 41.96142283698933], [-87.63420097469972, 41.96139994994203], [-87.63425043467942, 41.961372272517785], [-87.63429706243302, 41.96134005168606], [-87.6366324004775, 41.959557616522964], [-87.63664532366215, 41.9595487923074], [-87.63666072896139, 41.95954604417365], [-87.63815871466115, 41.959359776318315], [-87.63817298598069, 41.95935869340507], [-87.63818720186624, 41.959360352275986], [-87.63963753646264, 41.959600573327144], [-87.63969442214935, 41.95960722462775], [-87.6397516828514, 41.959608421770504], [-87.63980879682502, 41.959604153847366], [-87.63986524366337, 41.95959445974648], [-87.63992050903835, 41.95957942779782], [-87.63997408938702, 41.9595591949684], [-87.64002549649997, 41.95953394561418], [-87.64007426196972, 41.95950390980036], [-87.64011994145868, 41.959469361205024], [-87.64016211874788, 41.95943061462548], [-87.64020040952946, 41.95938802310993], [-87.64023446490833, 41.95934197474056], [-87.64026397458122, 41.95929288909748], [-87.6402886696641, 41.95924121343558], [-87.64030034158145, 41.95921345633862], [-87.64030618986337, 41.95920124688677], [-87.64032164334441, 41.95921787094403], [-87.64033014912532, 41.95922794173555], [-87.64037297051763, 41.959269463761345], [-87.6404197029789, 41.959306528938114], [-87.64046988466907, 41.95933877096406], [-87.64052301966056, 41.95936587120287], [-87.64057858283942, 41.95938756183265], [-87.64063602509478, 41.959403628492716], [-87.64069477874551, 41.95941391240206], [-87.64075426315046, 41.959418311928516], [-87.6408138904467, 41.95941678359315], [-87.64087307135912, 41.95940934249994], [-87.64093122102415, 41.95939606218653], [-87.64098776476955, 41.95937707389748], [-87.64101333298893, 41.95936555030852], [-87.6410281643859, 41.95935970655237], [-87.64104266912807, 41.95935851666794], [-87.64112035905339, 41.959355956868094], [-87.64118091247161, 41.959350882977304], [-87.6412406421423, 41.95933971036503], [-87.64129893542804, 41.95932255362691], [-87.6413551944242, 41.959299588736805], [-87.64140884209148, 41.9592710512418], [-87.64145932817458, 41.9592372338463], [-87.64150613484605, 41.95919848340977], [-87.64154878201757, 41.95915519738907], [-87.64158683226408, 41.9591078197618], [-87.64161989531048, 41.95905683647249], [-87.64164763203452, 41.959002770448365], [-87.6416697579452, 41.958946176235735], [-87.64168604610067, 41.958887634312156], [-87.64169632943602, 41.958827745132496], [-87.64173949820548, 41.958467881338734], [-87.64174371847368, 41.95840421941919], [-87.64174115489753, 41.95834046929181], [-87.64173183646434, 41.95827735180242], [-87.64103720150455, 41.95484656804119], [-87.64102127308924, 41.95478492191737], [-87.64099890181978, 41.95472531080012], [-87.6409840549844, 41.95469134702185], [-87.64943039052999, 41.95458779042357]]]}, "properties": {"chi_id": "6N1W", "chi_ordinate": "\u03c7:6N1W", "name": "Clark\u2013Montrose chi", "label": "ClaMon", "name_canon": "River\u2013Montrose chi", "label_canon": "RivMon", "center": [-87.641222, 41.961939], "area_sqmi": 0.62, "edge": true, "flag": false}}, {"type": "Feature", "geometry": {"type": "Polygon", "coordinates": [[[-87.64983136403522, 41.96924439917577], [-87.64943039052999, 41.95458779042357], [-87.66894365779373, 41.95434854731413], [-87.6693420068226, 41.9689818247416], [-87.64983136403522, 41.96924439917577]]]}, "properties": {"chi_id": "6N2W", "chi_ordinate": "\u03c7:6N2W", "name": "Racine\u2013Montrose chi", "label": "RacMon", "name_canon": "Racine\u2013Montrose chi", "label_canon": "RacMon", "center": [-87.659387, 41.961785], "area_sqmi": 1.013, "edge": false, "flag": false}}, {"type": "Feature", "geometry": {"type": "Polygon", "coordinates": [[[-87.6693420068226, 41.9689818247416], [-87.66894365779373, 41.95434854731413], [-87.6884712424347, 41.95410912866599], [-87.68888340157866, 41.96871883644711], [-87.6693420068226, 41.9689818247416]]]}, "properties": {"chi_id": "6N3W", "chi_ordinate": "\u03c7:6N3W", "name": "Damen\u2013Montrose chi", "label": "DamMon", "name_canon": "Damen\u2013Montrose chi", "label_canon": "DamMon", "center": [-87.67891, 41.961534], "area_sqmi": 1.013, "edge": false, "flag": false}}, {"type": "Feature", "geometry": {"type": "Polygon", "coordinates": [[[-87.68888340157866, 41.96871883644711], [-87.6884712424347, 41.95410912866599], [-87.70799450635397, 41.953869762992205], [-87.7083907378426, 41.96845630651217], [-87.68888340157866, 41.96871883644711]]]}, "properties": {"chi_id": "6N4W", "chi_ordinate": "\u03c7:6N4W", "name": "California\u2013Montrose chi", "label": "CalMon", "name_canon": "California\u2013Montrose chi", "label_canon": "CalMon", "center": [-87.698435, 41.961283], "area_sqmi": 1.01, "edge": false, "flag": false}}, {"type": "Feature", "geometry": {"type": "Polygon", "coordinates": [[[-87.7083907378426, 41.96845630651217], [-87.70799450635397, 41.953869762992205], [-87.72763850117038, 41.953628917092956], [-87.72804221035676, 41.96819183679006], [-87.7083907378426, 41.96845630651217]]]}, "properties": {"chi_id": "6N5W", "chi_ordinate": "\u03c7:6N5W", "name": "Central Park\u2013Montrose chi", "label": "CenMon", "name_canon": "Central Park\u2013Montrose chi", "label_canon": "CenMon", "center": [-87.718016, 41.961031], "area_sqmi": 1.015, "edge": false, "flag": false}}, {"type": "Feature", "geometry": {"type": "Polygon", "coordinates": [[[-87.72804221035676, 41.96819183679006], [-87.72763850117038, 41.953628917092956], [-87.74730490684162, 41.953387796424614], [-87.74772975337154, 41.96792688163078], [-87.72804221035676, 41.96819183679006]]]}, "properties": {"chi_id": "6N6W", "chi_ordinate": "\u03c7:6N6W", "name": "Kostner\u2013Montrose chi", "label": "KosMon", "name_canon": "Kostner\u2013Montrose chi", "label_canon": "KosMon", "center": [-87.737679, 41.960778], "area_sqmi": 1.015, "edge": false, "flag": false}}, {"type": "Feature", "geometry": {"type": "Polygon", "coordinates": [[[-87.74772975337154, 41.96792688163078], [-87.74730490684162, 41.953387796424614], [-87.76582308757162, 41.95316075360913], [-87.76606589796005, 41.967680113605624], [-87.74772975337154, 41.96792688163078]]]}, "properties": {"chi_id": "6N7W", "chi_ordinate": "\u03c7:6N7W", "name": "Laramie\u2013Montrose chi", "label": "LarMon", "name_canon": "Laramie\u2013Montrose chi", "label_canon": "LarMon", "center": [-87.75673, 41.960534], "area_sqmi": 0.949, "edge": false, "flag": false}}, {"type": "Feature", "geometry": {"type": "Polygon", "coordinates": [[[-87.76606589796005, 41.967680113605624], [-87.76582308757162, 41.95316075360913], [-87.78642925267837, 41.952908110986705], [-87.78685316655955, 41.96740035832795], [-87.76606589796005, 41.967680113605624]]]}, "properties": {"chi_id": "6N8W", "chi_ordinate": "\u03c7:6N8W", "name": "Austin\u2013Montrose chi", "label": "AusMon", "name_canon": "Austin\u2013Montrose chi", "label_canon": "AusMon", "center": [-87.776294, 41.960281], "area_sqmi": 1.065, "edge": false, "flag": false}}, {"type": "Feature", "geometry": {"type": "Polygon", "coordinates": [[[-87.78685316655955, 41.96740035832795], [-87.78642925267837, 41.952908110986705], [-87.80634655808088, 41.95266391415326], [-87.80673433903237, 41.96713279730141], [-87.78685316655955, 41.96740035832795]]]}, "properties": {"chi_id": "6N9W", "chi_ordinate": "\u03c7:6N9W", "name": "Oak Park\u2013Montrose chi", "label": "OakMon", "name_canon": "Oak Park\u2013Montrose chi", "label_canon": "OakMon", "center": [-87.796591, 41.96002], "area_sqmi": 1.022, "edge": false, "flag": false}}, {"type": "Feature", "geometry": {"type": "Polygon", "coordinates": [[[-87.62562800421533, 41.79445488076081], [-87.62600301734874, 41.80911439806412], [-87.60658283431114, 41.80939034000755], [-87.60623733400071, 41.79474527894116], [-87.62562800421533, 41.79445488076081]]]}, "properties": {"chi_id": "6S1E", "chi_ordinate": "\u03c7:6S1E", "name": "Dr Martin Luther King Jr\u201351st chi", "label": "Dr51", "name_canon": "Martin Luther King\u201351st chi", "label_canon": "Mar51", "center": [-87.616113, 41.80193], "area_sqmi": 1.008, "edge": false, "flag": false}}, {"type": "Feature", "geometry": {"type": "Polygon", "coordinates": [[[-87.62600301734874, 41.80911439806412], [-87.62562800421533, 41.79445488076081], [-87.64504154216301, 41.79416414010915], [-87.64544299240731, 41.808838174895286], [-87.62600301734874, 41.80911439806412]]]}, "properties": {"chi_id": "6S1W", "chi_ordinate": "\u03c7:6S1W", "name": "Shields\u201351st chi", "label": "Shi51", "name_canon": "River\u201351st chi", "label_canon": "Riv51", "center": [-87.635529, 41.801647], "area_sqmi": 1.01, "edge": false, "flag": false}}, {"type": "Feature", "geometry": {"type": "Polygon", "coordinates": [[[-87.60623733400071, 41.79474527894116], [-87.60658283431114, 41.80939034000755], [-87.58748703456321, 41.80966167277943], [-87.5870310167226, 41.79503291621863], [-87.60623733400071, 41.79474527894116]]]}, "properties": {"chi_id": "6S2E", "chi_ordinate": "\u03c7:6S2E", "name": "Woodlawn\u2013Hyde Park chi", "label": "WooHyd", "name_canon": "Woodlawn\u201351st chi", "label_canon": "Woo51", "center": [-87.596834, 41.802212], "area_sqmi": 0.994, "edge": false, "flag": false}}, {"type": "Feature", "geometry": {"type": "Polygon", "coordinates": [[[-87.64544299240731, 41.808838174895286], [-87.64504154216301, 41.79416414010915], [-87.66457513298255, 41.793871601523996], [-87.66497500005589, 41.80856064403271], [-87.64544299240731, 41.808838174895286]]]}, "properties": {"chi_id": "6S2W", "chi_ordinate": "\u03c7:6S2W", "name": "Racine\u201351st chi", "label": "Rac51", "name_canon": "Racine\u201351st chi", "label_canon": "Rac51", "center": [-87.655009, 41.801362], "area_sqmi": 1.017, "edge": false, "flag": false}}, {"type": "Feature", "geometry": {"type": "Polygon", "coordinates": [[[-87.5870310167226, 41.79503291621863], [-87.58748703456321, 41.80966167277943], [-87.58666019726766, 41.809673421334516], [-87.58522329390811, 41.80732168137085], [-87.58519123865483, 41.80727442855927], [-87.58515483678738, 41.80723043683831], [-87.58511441798207, 41.807190104622364], [-87.58507034829488, 41.80715379718322], [-87.58135264901517, 41.804376997103915], [-87.58129937936826, 41.80434147337026], [-87.58124262757326, 41.8043118283926], [-87.5811830399056, 41.80428839976061], [-87.58013479330053, 41.803939589798446], [-87.58012156021364, 41.80393446208241], [-87.58011697386159, 41.80392103176468], [-87.58002697445086, 41.80360878891118], [-87.58002373122956, 41.80359511036292], [-87.58003086697461, 41.803582998289876], [-87.58020784017566, 41.80331301126689], [-87.58023668755594, 41.803264100839], [-87.58026078206571, 41.80321268239967], [-87.58027990789842, 41.8031592164869], [-87.58029389375025, 41.80310418197724], [-87.58030261435458, 41.80304807179665], [-87.5803059916038, 41.80299138850553], [-87.58030399524903, 41.80293463979742], [-87.58029664317094, 41.80287833395178], [-87.58029568969687, 41.802873008900995], [-87.58029853469743, 41.80285918623994], [-87.5803811614337, 41.802536277155596], [-87.58038280156157, 41.802529713597565], [-87.58038788843776, 41.80250885740523], [-87.58039908070002, 41.80245058771401], [-87.58040446291164, 41.80239149748262], [-87.58046852065031, 41.80084389965127], [-87.58046801740419, 41.80078417384193], [-87.5804615785225, 41.80072479399383], [-87.58029926837195, 41.79970481217343], [-87.58028389318864, 41.799635166487114], [-87.58026036241318, 41.79956783729217], [-87.57979885602315, 41.79846301896451], [-87.57979373677837, 41.79844877658043], [-87.57978831536424, 41.798426981127406], [-87.57978654629257, 41.798417792100665], [-87.57977044229149, 41.79836293119915], [-87.57974918949768, 41.79830985223796], [-87.57972298090169, 41.79825903721202], [-87.57969205449632, 41.798210947558076], [-87.57965669111543, 41.798166019964576], [-87.57961721188381, 41.79812466240618], [-87.5795739753011, 41.79808725043909], [-87.57833471142607, 41.79711420943471], [-87.57828646852946, 41.79708003362853], [-87.5782350963789, 41.79705077162328], [-87.57818109376419, 41.79702670753377], [-87.57812498501507, 41.797008075006424], [-87.57806731491056, 41.796995054950834], [-87.57741720588996, 41.79688161310831], [-87.57735381062584, 41.79687399962127], [-87.57728996526644, 41.796873166085085], [-87.57722639284712, 41.796879121939384], [-87.57615810899384, 41.797036915989025], [-87.57614413063983, 41.79703830602681], [-87.5761316145357, 41.797031928431274], [-87.5752474561496, 41.796527111927], [-87.57523560049168, 41.79651956968469], [-87.57523226911944, 41.7965059188971], [-87.57517361852095, 41.79620350174869], [-87.57517164484959, 41.79619005394252], [-87.57517582530937, 41.79617712093685], [-87.57544401919533, 41.79546129409019], [-87.57544952576662, 41.795448477166964], [-87.5754617502202, 41.7954417571536], [-87.57595806818789, 41.795198746696386], [-87.5870310167226, 41.79503291621863]]]}, "properties": {"chi_id": "6S3E", "chi_ordinate": "\u03c7:6S3E", "name": "East End\u2013Hyde Park chi", "label": "EasHyd", "name_canon": "Jeffery\u201351st chi", "label_canon": "Jef51", "center": [-87.583836, 41.801618], "area_sqmi": 0.318, "edge": true, "flag": false}}, {"type": "Feature", "geometry": {"type": "Polygon", "coordinates": [[[-87.66497500005589, 41.80856064403271], [-87.66457513298255, 41.793871601523996], [-87.68394254756097, 41.79358155162425], [-87.6843573580088, 41.808285239547], [-87.66497500005589, 41.80856064403271]]]}, "properties": {"chi_id": "6S3W", "chi_ordinate": "\u03c7:6S3W", "name": "Damen\u201351st chi", "label": "Dam51", "name_canon": "Damen\u201351st chi", "label_canon": "Dam51", "center": [-87.674463, 41.801078], "area_sqmi": 1.01, "edge": false, "flag": false}}, {"type": "Feature", "geometry": {"type": "Polygon", "coordinates": [[[-87.6843573580088, 41.808285239547], [-87.68394254756097, 41.79358155162425], [-87.70363239844501, 41.79328667286014], [-87.70403222816518, 41.808005678746916], [-87.6843573580088, 41.808285239547]]]}, "properties": {"chi_id": "6S4W", "chi_ordinate": "\u03c7:6S4W", "name": "California\u201351st chi", "label": "Cal51", "name_canon": "California\u201351st chi", "label_canon": "Cal51", "center": [-87.693991, 41.800794], "area_sqmi": 1.027, "edge": false, "flag": false}}, {"type": "Feature", "geometry": {"type": "Polygon", "coordinates": [[[-87.70403222816518, 41.808005678746916], [-87.70363239844501, 41.79328667286014], [-87.72318542058572, 41.792993843268015], [-87.72359386918436, 41.80772772682292], [-87.70403222816518, 41.808005678746916]]]}, "properties": {"chi_id": "6S5W", "chi_ordinate": "\u03c7:6S5W", "name": "Central Park\u201351st chi", "label": "Cen51", "name_canon": "Central Park\u201351st chi", "label_canon": "Cen51", "center": [-87.713611, 41.800507], "area_sqmi": 1.021, "edge": false, "flag": false}}, {"type": "Feature", "geometry": {"type": "Polygon", "coordinates": [[[-87.72359386918436, 41.80772772682292], [-87.72318542058572, 41.792993843268015], [-87.74260953564688, 41.79270294421159], [-87.74304050045866, 41.807451409075725], [-87.72359386918436, 41.80772772682292]]]}, "properties": {"chi_id": "6S6W", "chi_ordinate": "\u03c7:6S6W", "name": "Kostner\u201351st chi", "label": "Kos51", "name_canon": "Kostner\u201351st chi", "label_canon": "Kos51", "center": [-87.733108, 41.800223], "area_sqmi": 1.016, "edge": false, "flag": false}}, {"type": "Feature", "geometry": {"type": "Polygon", "coordinates": [[[-87.74304050045866, 41.807451409075725], [-87.74260953564688, 41.79270294421159], [-87.76313457652671, 41.79239555749122], [-87.76326190144081, 41.80000921964341], [-87.75334691917003, 41.800184317190876], [-87.75328785913136, 41.80018828047003], [-87.75322947702193, 41.800198043924695], [-87.75317234106114, 41.80021351252945], [-87.75311700733992, 41.800234535731995], [-87.75306401440844, 41.80026090891841], [-87.7530138780345, 41.80029237540465], [-87.75296708618367, 41.800328628934764], [-87.75292409427013, 41.80036931666163], [-87.75288532072406, 41.800414042581124], [-87.75285114291934, 41.80046237138634], [-87.75282189350055, 41.80051383270432], [-87.75279785714541, 41.80056792567411], [-87.75277926779417, 41.80062412382149], [-87.75276630637262, 41.80068188018304], [-87.75275909903124, 41.800740632629626], [-87.7527577159174, 41.80079980933741], [-87.75292690688856, 41.80731093284032], [-87.74304050045866, 41.807451409075725]]]}, "properties": {"chi_id": "6S7W", "chi_ordinate": "\u03c7:6S7W", "name": "Laramie\u201351st chi", "label": "Lar51", "name_canon": "Laramie\u201351st chi", "label_canon": "Lar51", "center": [-87.752959, 41.796356], "area_sqmi": 0.804, "edge": true, "flag": false}}, {"type": "Feature", "geometry": {"type": "Polygon", "coordinates": [[[-87.76326190144081, 41.80000921964341], [-87.76313457652671, 41.79239555749122], [-87.78172594288282, 41.792117129829855], [-87.7819471427767, 41.79967924024027], [-87.76326190144081, 41.80000921964341]]]}, "properties": {"chi_id": "6S8W", "chi_ordinate": "\u03c7:6S8W", "name": "Austin\u201351st chi", "label": "Aus51", "name_canon": "Austin\u201351st chi", "label_canon": "Aus51", "center": [-87.772518, 41.796037], "area_sqmi": 0.501, "edge": true, "flag": false}}, {"type": "Feature", "geometry": {"type": "Polygon", "coordinates": [[[-87.7819471427767, 41.79967924024027], [-87.78172594288282, 41.792117129829855], [-87.80144154795254, 41.79182186536641], [-87.80163153985632, 41.79798806600486], [-87.80163126605815, 41.79800247987348], [-87.80161775697322, 41.79800751451649], [-87.79720679100876, 41.799405628756624], [-87.79719288680353, 41.799409308691594], [-87.79717853506192, 41.79941025544929], [-87.7819471427767, 41.79967924024027]]]}, "properties": {"chi_id": "6S9W", "chi_ordinate": "\u03c7:6S9W", "name": "Oak Park\u201351st chi", "label": "Oak51", "name_canon": "Oak Park\u201351st chi", "label_canon": "Oak51", "center": [-87.791676, 41.795053], "area_sqmi": 0.516, "edge": true, "flag": false}}, {"type": "Feature", "geometry": {"type": "Polygon", "coordinates": [[[-87.80714995203932, 41.98264015012347], [-87.80673433903237, 41.96713279730141], [-87.82628367548074, 41.96686970212754], [-87.82691760075723, 41.98253488484966], [-87.80714995203932, 41.98264015012347]]]}, "properties": {"chi_id": "7N10W", "chi_ordinate": "\u03c7:7N10W", "name": "Oriole\u2013Foster chi", "label": "OriFos", "name_canon": "Oriole\u2013Foster chi", "label_canon": "OriFos", "center": [-87.816773, 41.974834], "area_sqmi": 1.086, "edge": false, "flag": false}}, {"type": "Feature", "geometry": {"type": "Polygon", "coordinates": [[[-87.84582582618368, 41.966606703659515], [-87.84668237316853, 41.982429634892554], [-87.82691760075723, 41.98253488484966], [-87.82628367548074, 41.96686970212754], [-87.84582582618368, 41.966606703659515]]]}, "properties": {"chi_id": "7N11W", "chi_ordinate": "\u03c7:7N11W", "name": "Cumberland\u2013Foster chi", "label": "CumFos", "name_canon": "Cumberland\u2013Foster chi", "label_canon": "CumFos", "center": [-87.83643, 41.97465], "area_sqmi": 1.097, "edge": false, "flag": false}}, {"type": "Feature", "geometry": {"type": "Polygon", "coordinates": [[[-87.84668237316853, 41.982429634892554], [-87.84582582618368, 41.966606703659515], [-87.85490840817687, 41.9664844701763], [-87.85481568099561, 41.966794866204026], [-87.85480051933638, 41.966857829253854], [-87.85479223220064, 41.96692205965892], [-87.85479091613858, 41.96698680909548], [-87.85479658648319, 41.96705132319275], [-87.85503182805653, 41.968700770943244], [-87.85503320013099, 41.96871590787754], [-87.85502842292384, 41.96873033658705], [-87.85420755190658, 41.97084049044642], [-87.85418902181128, 41.97089599500292], [-87.85417598657301, 41.970953040623144], [-87.85416857017576, 41.97101108472083], [-87.85416684316014, 41.97106957521271], [-87.85417082195261, 41.9711279557697], [-87.85418046870907, 41.97118567110834], [-87.8542375121878, 41.9714476485662], [-87.85425318510669, 41.97150553918148], [-87.85427455911511, 41.971561575914855], [-87.85430142065329, 41.97161519887162], [-87.85433350133233, 41.97166587227445], [-87.85437048061608, 41.97171308981672], [-87.85441198902356, 41.971756379721235], [-87.85503587859365, 41.972345100769886], [-87.85507921996516, 41.97238226422734], [-87.8551258973976, 41.972415139968476], [-87.85517548825314, 41.97244343032199], [-87.85522754351452, 41.97246687913468], [-87.85528159185071, 41.972485274090765], [-87.8553371438845, 41.97249844863428], [-87.8557418837873, 41.9725743003291], [-87.8557942578251, 41.9725817430411], [-87.85584708386396, 41.97258454365051], [-87.85589995126455, 41.972582680387006], [-87.85595244906597, 41.972576167734516], [-87.85652318843682, 41.97247965122307], [-87.85657238979124, 41.97246919248625], [-87.85662054221474, 41.97245464935855], [-87.8566673072816, 41.97243612405224], [-87.8589152406957, 41.971434684187926], [-87.8589280320184, 41.97142968537411], [-87.85894123366879, 41.971433469882804], [-87.86041711039496, 41.971931970798295], [-87.86043161588273, 41.97193773269865], [-87.86044460590968, 41.971946385320905], [-87.86133350801387, 41.972608188532256], [-87.86134362068299, 41.97261642627594], [-87.86135211508169, 41.97262625895965], [-87.86172211484472, 41.97309400688704], [-87.86176284851969, 41.97314038395276], [-87.86180813142222, 41.97318233062415], [-87.86185748430013, 41.97321940295807], [-87.86191038482663, 41.97325120859904], [-87.86196627312835, 41.973277410931644], [-87.86202455771071, 41.97329773264317], [-87.86208462171814, 41.97331195865852], [-87.86214582946245, 41.9733199384165], [-87.86220753315072, 41.97332158746323], [-87.862969974746, 41.97330271934681], [-87.86300219539062, 41.97384667796213], [-87.86249744952265, 41.973859101060064], [-87.86243948009084, 41.97386334407176], [-87.86238219322497, 41.97387317632336], [-87.86232612653971, 41.97388850554305], [-87.8622718061988, 41.97390918787215], [-87.86221974197727, 41.97393502921515], [-87.86217042247729, 41.973965787061225], [-87.86212431054297, 41.9740011727601], [-87.86208183891661, 41.97404085423094], [-87.86204340617773, 41.974084459078775], [-87.86200937300242, 41.97413157808928], [-87.86198005877863, 41.974181769069105], [-87.8619557386088, 41.97423456099569], [-87.86193664072815, 41.97428945843759], [-87.86192294436275, 41.97434594620394], [-87.86176656284367, 41.97516163220741], [-87.86176341936039, 41.97517477420898], [-87.8617568586304, 41.975186587358436], [-87.86125753314879, 41.97599677695313], [-87.86124947048053, 41.97600855771194], [-87.86123931391998, 41.9760185895205], [-87.85634340788525, 41.980412098758904], [-87.8563032489131, 41.98045169834147], [-87.85626698555289, 41.980494893696445], [-87.85623493821865, 41.98054130316048], [-87.85595838035319, 41.98098504965999], [-87.8559310335883, 41.9810338604311], [-87.85590835232553, 41.98108500627398], [-87.85589053378706, 41.98113804245609], [-87.85587773291189, 41.98119250780765], [-87.85587006100849, 41.981247928731705], [-87.85579864367291, 41.9820313106393], [-87.85579616579761, 41.982085972105736], [-87.85579867794836, 41.982140632007656], [-87.85580615923233, 41.98219483575447], [-87.85581854742985, 41.98224813254932], [-87.85583573951186, 41.98230007913819], [-87.8558665778626, 41.98238072782041], [-87.84668237316853, 41.982429634892554]]]}, "properties": {"chi_id": "7N12W", "chi_ordinate": "\u03c7:7N12W", "name": "East River\u2013Foster chi", "label": "EasFos", "name_canon": "\u03c7:7N12W chi", "label_canon": "\u03c7:7N12W", "center": [-87.854056, 41.974754], "area_sqmi": 0.646, "edge": true, "flag": false}}, {"type": "Feature", "geometry": {"type": "Polygon", "coordinates": [[[-87.87972497094582, 41.97288808402142], [-87.88032729073811, 41.9822504713759], [-87.87564127567978, 41.98227542500924], [-87.87374075605652, 41.976679005059076], [-87.87373694637364, 41.976665660272936], [-87.87375078594692, 41.9766646291495], [-87.87530597562072, 41.97662562299883], [-87.87536363859272, 41.97662139008154], [-87.87542062641229, 41.97661162666258], [-87.87547640989435, 41.976596423404416], [-87.8755304710372, 41.97657592148347], [-87.8755823078327, 41.97655031127922], [-87.87563143892781, 41.97651983060631], [-87.8756774080945, 41.976484762506225], [-87.87571978846613, 41.976445432618995], [-87.87575818650143, 41.976402206159335], [-87.87579224563878, 41.97635548452525], [-87.87582164960733, 41.976305701570716], [-87.8758461253638, 41.97625331957691], [-87.87586544562792, 41.97619882495954], [-87.87587943099305, 41.97614272375196], [-87.87588795159199, 41.97608553690625], [-87.87589092830305, 41.97602779545562], [-87.8758959617885, 41.97450544574619], [-87.87589317017363, 41.974445616766396], [-87.87588442757588, 41.9743863641975], [-87.8758698211128, 41.97432827847487], [-87.87584949633374, 41.974271938406595], [-87.87582365576948, 41.9742179054058], [-87.87579255691405, 41.97416671789631], [-87.87575650965891, 41.97411888594743], [-87.87571587320494, 41.97407488619125], [-87.87567105248309, 41.97403515707308], [-87.8756224941194, 41.97400009448258], [-87.87557068198448, 41.97397004780868], [-87.87551613237186, 41.973945316458156], [-87.87545938885324, 41.97392614687204], [-87.87540101686204, 41.97391273006993], [-87.8753415980589, 41.97390519974651], [-87.8752817245357, 41.97390363093939], [-87.86862602060746, 41.974061643397135], [-87.86861129464566, 41.974061255486205], [-87.86859137512464, 41.97404352404626], [-87.86858718725138, 41.97403940140667], [-87.86854051606318, 41.97400184051501], [-87.8684903318388, 41.973969121040454], [-87.86843713488994, 41.973941569179836], [-87.86838145556365, 41.97391945961147], [-87.868323848955, 41.97390301275672], [-87.86826488937315, 41.97389239258251], [-87.86820516461573, 41.9738877049667], [-87.86814527010877, 41.97388899664246], [-87.86808580297061, 41.97389625473244], [-87.86751233969309, 41.97399551788272], [-87.86749832708365, 41.97399724869354], [-87.86749763880147, 41.97399629809569], [-87.86746132651558, 41.97395094321049], [-87.8674207977377, 41.97390931310262], [-87.86737643249802, 41.97387179812924], [-87.86732864680052, 41.97383875006073], [-87.86727788872207, 41.973810478782184], [-87.86722463421098, 41.97378724938771], [-87.86716938262413, 41.97376927969468], [-87.86711265204453, 41.97375673820129], [-87.86705497442344, 41.973749742506605], [-87.86699689059233, 41.97374835820785], [-87.86300219539062, 41.97384667796213], [-87.862969974746, 41.97330271934681], [-87.87972497094582, 41.97288808402142]]]}, "properties": {"chi_id": "7N13W", "chi_ordinate": "\u03c7:7N13W", "name": "Mannheim\u2013Higgins chi", "label": "ManHig", "name_canon": "\u03c7:7N13W chi", "label_canon": "\u03c7:7N13W", "center": [-87.877417, 41.979465], "area_sqmi": 0.197, "edge": true, "flag": false}}, {"type": "Feature", "geometry": {"type": "Polygon", "coordinates": [[[-87.88032729073811, 41.9822504713759], [-87.87972497094582, 41.97288808402142], [-87.88019440425417, 41.97287646697119], [-87.88025216848405, 41.972872241156075], [-87.88030925613694, 41.972862465489676], [-87.88036513525682, 41.97284723106392], [-87.88041928514905, 41.97282667983674], [-87.88047120123231, 41.97280100330924], [-87.88052039974049, 41.97277044074129], [-87.88056642223042, 41.97273527692201], [-87.88060883985383, 41.972695839516035], [-87.88064725735346, 41.972652496010305], [-87.88068131674609, 41.97260565028968], [-87.88071070065837, 41.972555738873496], [-87.88073513528417, 41.97250322684794], [-87.88075439293597, 41.97244860353228], [-87.88076829416649, 41.972392377919284], [-87.88077670944082, 41.9723350739323], [-87.88077956034348, 41.97227722554321], [-87.88078544479039, 41.9661362167476], [-87.89602147863238, 41.9659311700452], [-87.89714837933083, 41.98216089691402], [-87.88032729073811, 41.9822504713759]]]}, "properties": {"chi_id": "7N14W", "chi_ordinate": "\u03c7:7N14W", "name": "Mannheim\u2013Higgins chi", "label": "ManHig", "name_canon": "\u03c7:7N14W chi", "label_canon": "\u03c7:7N14W", "center": [-87.888425, 41.977524], "area_sqmi": 0.932, "edge": true, "flag": false}}, {"type": "Feature", "geometry": {"type": "Polygon", "coordinates": [[[-87.89714837933083, 41.98216089691402], [-87.89602147863238, 41.9659311700452], [-87.91274877342917, 41.965706053937325], [-87.91396855456138, 41.98207132731591], [-87.89714837933083, 41.98216089691402]]]}, "properties": {"chi_id": "7N15W", "chi_ordinate": "\u03c7:7N15W", "name": "\u03c7:7N15W chi", "label": "\u03c7:7N15W", "name_canon": "\u03c7:7N15W chi", "label_canon": "\u03c7:7N15W", "center": [-87.904974, 41.974001], "area_sqmi": 0.97, "edge": false, "flag": false}}, {"type": "Feature", "geometry": {"type": "Polygon", "coordinates": [[[-87.93477491927823, 41.965409625836706], [-87.93477419157205, 41.96562003688125], [-87.934776789711, 41.965677926873795], [-87.93478496025087, 41.965735296237064], [-87.93479862697865, 41.96579160984213], [-87.93481766241409, 41.96584634240795], [-87.93484188899879, 41.965898983401075], [-87.93487108075243, 41.96594904179779], [-87.93490496538072, 41.965996050664295], [-87.93494322681522, 41.9660395715121], [-87.93498550816159, 41.966079198388236], [-87.93503141502866, 41.966114561661826], [-87.93508051920718, 41.966145331471964], [-87.93513236266405, 41.96617122080456], [-87.93518646181482, 41.96619198816958], [-87.93524231203439, 41.966207439853534], [-87.93529939236409, 41.96621743172651], [-87.93535717037102, 41.96622187058648], [-87.93541510711455, 41.96622071502873], [-87.93547266217332, 41.96621397583205], [-87.93552929868633, 41.9662017158582], [-87.93558448836049, 41.96618404946554], [-87.93563771639856, 41.966161141442335], [-87.93568848630099, 41.96613320546963], [-87.93573632449719, 41.96610050212809], [-87.93668290784493, 41.96538394810667], [-87.93973162112991, 41.96534291849148], [-87.93985204851087, 41.98193349437904], [-87.93078781650415, 41.98198176258118], [-87.91396855456138, 41.98207132731591], [-87.91274877342917, 41.965706053937325], [-87.92947377433629, 41.96548096870064], [-87.93477491927823, 41.965409625836706]]]}, "properties": {"chi_id": "7N16W", "chi_ordinate": "\u03c7:7N16W", "name": "\u03c7:7N16W chi", "label": "\u03c7:7N16W", "name_canon": "\u03c7:7N16W chi", "label_canon": "\u03c7:7N16W", "center": [-87.926584, 41.974078], "area_sqmi": 1.541, "edge": true, "flag": false}}, {"type": "Feature", "geometry": {"type": "Polygon", "coordinates": [[[-87.65010044329784, 41.97918904648469], [-87.65005801173656, 41.97914469028005], [-87.65001127028515, 41.979104901500186], [-87.64879247859481, 41.97817056618908], [-87.64878063387225, 41.97816045829957], [-87.64877249554108, 41.97814718296681], [-87.64876692349293, 41.97813692384286], [-87.64873561323714, 41.978085589016814], [-87.64869932208289, 41.97803764583579], [-87.648658414514, 41.97799357580867], [-87.64861330137842, 41.977953821544986], [-87.64856443576195, 41.977918782309686], [-87.64851230843782, 41.97788881001314], [-87.64845744293757, 41.97786420567682], [-87.64840039029319, 41.977845216410046], [-87.64834172350285, 41.977832032928156], [-87.64828203177612, 41.977824787637125], [-87.64730951027697, 41.97775595620682], [-87.64729615332713, 41.977754402552506], [-87.6472836989279, 41.97774933206026], [-87.64700263995366, 41.97761982909384], [-87.6469457169097, 41.977597049926416], [-87.64688676638602, 41.97758019883862], [-87.64682640394454, 41.97756945178968], [-87.64676525989046, 41.977564921000365], [-87.64670397269055, 41.977566653781224], [-87.64664318230635, 41.97757463203855], [-87.64658352351161, 41.97758877246329], [-87.64652561926403, 41.97760892740102], [-87.64647007420032, 41.977634886393666], [-87.64641746832255, 41.977666378377194], [-87.64616338556634, 41.9778366975874], [-87.64615853631351, 41.97783960992464], [-87.64616285947928, 41.97783596202161], [-87.64625240022882, 41.977767724003584], [-87.64629626229181, 41.97773085744677], [-87.64633640775679, 41.977689975112895], [-87.64637247051678, 41.97764544982881], [-87.6464041216971, 41.97759768764329], [-87.64643107265448, 41.97754712412406], [-87.64645307760941, 41.97749422038562], [-87.64646993588747, 41.97743945888416], [-87.64648149374942, 41.977383339017734], [-87.64648764579324, 41.977326372572016], [-87.64648833591531, 41.97726907905307], [-87.64648355782204, 41.977211980949726], [-87.64647335508731, 41.97715559896869], [-87.64645782075505, 41.97710044728601], [-87.64643709649076, 41.97704702885801], [-87.64641137128957, 41.976995830834554], [-87.64637875742619, 41.976937985299834], [-87.64637260910855, 41.97692580704683], [-87.64637124596429, 41.9769122616723], [-87.64615639565689, 41.97299774687885], [-87.64615114532533, 41.97294492820107], [-87.64614124750865, 41.97289278022001], [-87.64612677966767, 41.972841711048474], [-87.64610785502846, 41.97279212035646], [-87.64608462169625, 41.972744396243286], [-87.64506178879314, 41.97086003741819], [-87.645030497377, 41.97080870311748], [-87.64499422584097, 41.97076075795266], [-87.6440079458791, 41.969584520844414], [-87.64397779071803, 41.96955117901529], [-87.64394522378177, 41.96952018859787], [-87.64372585142188, 41.969326567228215], [-87.64983136403522, 41.96924439917577], [-87.6693420068226, 41.9689818247416], [-87.66973373561905, 41.9833719091634], [-87.65061311001922, 41.98347372895583], [-87.65066670612124, 41.983280412197935], [-87.65067900121556, 41.98322654128305], [-87.6506862882657, 41.98317176771538], [-87.65068850546845, 41.98311655604247], [-87.65067479288311, 41.98080278581179], [-87.65067079734871, 41.98073712289544], [-87.65065963733339, 41.980672292062216], [-87.65064144699245, 41.98060907264768], [-87.6506164449931, 41.98054822461643], [-87.65023349212035, 41.979744623286116], [-87.65022779115218, 41.97973092648354], [-87.65023315970345, 41.97970562736934], [-87.65024281349272, 41.97964500794477], [-87.65024622317954, 41.97958371941142], [-87.6502433530767, 41.97952240324069], [-87.6502342332239, 41.979461701193216], [-87.65021895907333, 41.97940224860196], [-87.65019769049061, 41.97934466772256], [-87.65017065008163, 41.97928956122053], [-87.65013812086258, 41.979237505863544], [-87.65010353720535, 41.97919302574496], [-87.65010044329784, 41.97918904648469]]]}, "properties": {"chi_id": "7N2W", "chi_ordinate": "\u03c7:7N2W", "name": "Sheridan\u2013Foster chi", "label": "SheFos", "name_canon": "Racine\u2013Foster chi", "label_canon": "RacFos", "center": [-87.657884, 41.974955], "area_sqmi": 1.113, "edge": true, "flag": false}}, {"type": "Feature", "geometry": {"type": "Polygon", "coordinates": [[[-87.66973373561905, 41.9833719091634], [-87.6693420068226, 41.9689818247416], [-87.68888340157866, 41.96871883644711], [-87.68929384561066, 41.983267749060026], [-87.66973373561905, 41.9833719091634]]]}, "properties": {"chi_id": "7N3W", "chi_ordinate": "\u03c7:7N3W", "name": "Damen\u2013Foster chi", "label": "DamFos", "name_canon": "Damen\u2013Foster chi", "label_canon": "DamFos", "center": [-87.679314, 41.976125], "area_sqmi": 1.003, "edge": false, "flag": false}}, {"type": "Feature", "geometry": {"type": "Polygon", "coordinates": [[[-87.68929384561066, 41.983267749060026], [-87.68888340157866, 41.96871883644711], [-87.7083907378426, 41.96845630651217], [-87.70879025831907, 41.98316392815288], [-87.68929384561066, 41.983267749060026]]]}, "properties": {"chi_id": "7N4W", "chi_ordinate": "\u03c7:7N4W", "name": "California\u2013Foster chi", "label": "CalFos", "name_canon": "California\u2013Foster chi", "label_canon": "CalFos", "center": [-87.698841, 41.975941], "area_sqmi": 1.011, "edge": false, "flag": false}}, {"type": "Feature", "geometry": {"type": "Polygon", "coordinates": [[[-87.70879025831907, 41.98316392815288], [-87.7083907378426, 41.96845630651217], [-87.72804221035676, 41.96819183679006], [-87.72845435963698, 41.9830592142823], [-87.70879025831907, 41.98316392815288]]]}, "properties": {"chi_id": "7N5W", "chi_ordinate": "\u03c7:7N5W", "name": "Central Park\u2013Foster chi", "label": "CenFos", "name_canon": "Central Park\u2013Foster chi", "label_canon": "CenFos", "center": [-87.718421, 41.975758], "area_sqmi": 1.031, "edge": false, "flag": false}}, {"type": "Feature", "geometry": {"type": "Polygon", "coordinates": [[[-87.72845435963698, 41.9830592142823], [-87.72804221035676, 41.96819183679006], [-87.74772975337154, 41.96792688163078], [-87.74816886749487, 41.982954231990405], [-87.72845435963698, 41.9830592142823]]]}, "properties": {"chi_id": "7N6W", "chi_ordinate": "\u03c7:7N6W", "name": "Kostner\u2013Foster chi", "label": "KosFos", "name_canon": "Kostner\u2013Foster chi", "label_canon": "KosFos", "center": [-87.7381, 41.975573], "area_sqmi": 1.044, "edge": false, "flag": false}}, {"type": "Feature", "geometry": {"type": "Polygon", "coordinates": [[[-87.74816886749487, 41.982954231990405], [-87.74772975337154, 41.96792688163078], [-87.76606589796005, 41.967680113605624], [-87.76631971394343, 41.98285757639679], [-87.74816886749487, 41.982954231990405]]]}, "properties": {"chi_id": "7N7W", "chi_ordinate": "\u03c7:7N7W", "name": "Laramie\u2013Foster chi", "label": "LarFos", "name_canon": "Laramie\u2013Foster chi", "label_canon": "LarFos", "center": [-87.757071, 41.975392], "area_sqmi": 0.977, "edge": false, "flag": false}}, {"type": "Feature", "geometry": {"type": "Polygon", "coordinates": [[[-87.76631971394343, 41.98285757639679], [-87.76606589796005, 41.967680113605624], [-87.78685316655955, 41.96740035832795], [-87.7873020385485, 41.98274584281753], [-87.76631971394343, 41.98285757639679]]]}, "properties": {"chi_id": "7N8W", "chi_ordinate": "\u03c7:7N8W", "name": "Austin\u2013Foster chi", "label": "AusFos", "name_canon": "Austin\u2013Foster chi", "label_canon": "AusFos", "center": [-87.776637, 41.975213], "area_sqmi": 1.13, "edge": false, "flag": true}}, {"type": "Feature", "geometry": {"type": "Polygon", "coordinates": [[[-87.7873020385485, 41.98274584281753], [-87.78685316655955, 41.96740035832795], [-87.80673433903237, 41.96713279730141], [-87.80714995203932, 41.98264015012347], [-87.7873020385485, 41.98274584281753]]]}, "properties": {"chi_id": "7N9W", "chi_ordinate": "\u03c7:7N9W", "name": "Oak Park\u2013Foster chi", "label": "OakFos", "name_canon": "Oak Park\u2013Foster chi", "label_canon": "OakFos", "center": [-87.797011, 41.97502], "area_sqmi": 1.087, "edge": false, "flag": false}}, {"type": "Feature", "geometry": {"type": "Polygon", "coordinates": [[[-87.62526417225786, 41.780232443195786], [-87.62562800421533, 41.79445488076081], [-87.60623733400071, 41.79474527894116], [-87.60590357598184, 41.780597949922075], [-87.62526417225786, 41.780232443195786]]]}, "properties": {"chi_id": "7S1E", "chi_ordinate": "\u03c7:7S1E", "name": "Dr Martin Luther King Jr\u201359th chi", "label": "Dr59", "name_canon": "Martin Luther King\u201359th chi", "label_canon": "Mar59", "center": [-87.615759, 41.787526], "area_sqmi": 0.975, "edge": false, "flag": false}}, {"type": "Feature", "geometry": {"type": "Polygon", "coordinates": [[[-87.62562800421533, 41.79445488076081], [-87.62526417225786, 41.780232443195786], [-87.6446503879818, 41.77986645280254], [-87.64504154216301, 41.79416414010915], [-87.62562800421533, 41.79445488076081]]]}, "properties": {"chi_id": "7S1W", "chi_ordinate": "\u03c7:7S1W", "name": "Shields\u201359th chi", "label": "Shi59", "name_canon": "River\u201359th chi", "label_canon": "Riv59", "center": [-87.635147, 41.787198], "area_sqmi": 0.981, "edge": false, "flag": false}}, {"type": "Feature", "geometry": {"type": "Polygon", "coordinates": [[[-87.60590357598184, 41.780597949922075], [-87.60623733400071, 41.79474527894116], [-87.5870310167226, 41.79503291621863], [-87.58659240459248, 41.78096252356097], [-87.60590357598184, 41.780597949922075]]]}, "properties": {"chi_id": "7S2E", "chi_ordinate": "\u03c7:7S2E", "name": "Woodlawn\u201359th chi", "label": "Woo59", "name_canon": "Woodlawn\u201359th chi", "label_canon": "Woo59", "center": [-87.596441, 41.787854], "area_sqmi": 0.964, "edge": false, "flag": false}}, {"type": "Feature", "geometry": {"type": "Polygon", "coordinates": [[[-87.64504154216301, 41.79416414010915], [-87.6446503879818, 41.77986645280254], [-87.66418384424735, 41.7794976826701], [-87.66457513298255, 41.793871601523996], [-87.64504154216301, 41.79416414010915]]]}, "properties": {"chi_id": "7S2W", "chi_ordinate": "\u03c7:7S2W", "name": "Racine\u201359th chi", "label": "Rac59", "name_canon": "Racine\u201359th chi", "label_canon": "Rac59", "center": [-87.654613, 41.786869], "area_sqmi": 0.993, "edge": false, "flag": false}}, {"type": "Feature", "geometry": {"type": "Polygon", "coordinates": [[[-87.58659240459248, 41.78096252356097], [-87.5870310167226, 41.79503291621863], [-87.57595806818789, 41.795198746696386], [-87.57615999194458, 41.79509987946282], [-87.57617216438246, 41.79509457801735], [-87.57618530492131, 41.79509268070191], [-87.5777014697197, 41.7949423398415], [-87.57775409620335, 41.794934754006654], [-87.57780584447198, 41.794922538919074], [-87.57785630814477, 41.79490579050423], [-87.57790509092887, 41.79488464028797], [-87.57795180973147, 41.79485925436363], [-87.57883610843885, 41.79432669138024], [-87.57888584570698, 41.79429324258612], [-87.57893199752151, 41.794254998270425], [-87.57897410331071, 41.79421234009204], [-87.57901174288014, 41.794165693757975], [-87.57904454060596, 41.79411552477504], [-87.57907216918346, 41.79406233380425], [-87.57925132869596, 41.793670750635215], [-87.57927354998716, 41.79361495843965], [-87.57929008267051, 41.79355722434877], [-87.57930076111815, 41.79349812675469], [-87.57930547835116, 41.793438257709425], [-87.5793295830344, 41.7925945937962], [-87.57933069717474, 41.79258019433417], [-87.57933719248784, 41.79256729484879], [-87.57945733434144, 41.79235507058766], [-87.57948373738999, 41.792302593509326], [-87.5795048821132, 41.79224778597877], [-87.57952056581743, 41.79219117338172], [-87.57953063815852, 41.79213329840726], [-87.57953500258286, 41.79207471584565], [-87.57953361725303, 41.79201598727011], [-87.57952649544882, 41.79195767565353], [-87.57951370543992, 41.791900339971825], [-87.57949536983155, 41.7918445298456], [-87.57947166438909, 41.79179078027145], [-87.5794428163532, 41.7917396064935], [-87.57843922773309, 41.79014698978378], [-87.5784078609396, 41.79010192537228], [-87.57837250594964, 41.79005991702072], [-87.57833345882949, 41.79002131651134], [-87.57829104656373, 41.78998644708877], [-87.576334789292, 41.78852282047661], [-87.57632463550277, 41.78851441621729], [-87.57633757147416, 41.7885118880457], [-87.57669270968644, 41.78846041517027], [-87.57674884385064, 41.78844952606941], [-87.57680368653928, 41.78843334285561], [-87.57685673965632, 41.78841201250918], [-87.57690752135908, 41.78838572875806], [-87.57695557043444, 41.78835473031835], [-87.57700045048777, 41.78831929872624], [-87.57704175390636, 41.78827975578098], [-87.57707910556142, 41.78823646062224], [-87.57711216621519, 41.788189806468296], [-87.57714063560189, 41.788140217044756], [-87.5771642551549, 41.78808814273609], [-87.57718281035508, 41.788034056495206], [-87.5771961326791, 41.78797844954789], [-87.57732301222454, 41.787309632369585], [-87.57733083635995, 41.78725454986911], [-87.57733352478895, 41.787198979451595], [-87.57733105439628, 41.78714339891442], [-87.57732344642253, 41.78708828614195], [-87.57716227984983, 41.786220146613736], [-87.57714640263715, 41.78615509397322], [-87.57712337550524, 41.786092215653305], [-87.57613904065941, 41.78380798506392], [-87.57611246963725, 41.7837539579652], [-87.57608061782193, 41.78370286580851], [-87.57604380593881, 41.783655223055895], [-87.57600240465766, 41.78361150943635], [-87.57595683086024, 41.783572165115245], [-87.5759075434426, 41.78353758626221], [-87.57585503869434, 41.783508121061956], [-87.57315342331756, 41.78216556678104], [-87.5731051496693, 41.78214417191123], [-87.57305518194522, 41.78212710404311], [-87.57055916428551, 41.78139546306179], [-87.57050246804893, 41.78138179766739], [-87.57044471293595, 41.781373701175994], [-87.56978786539509, 41.78131398776319], [-87.56972235265998, 41.781311628066916], [-87.56965697352045, 41.78131642960232], [-87.56959250843755, 41.781328335051256], [-87.56874146812217, 41.78153414651167], [-87.56868643753322, 41.781550274229346], [-87.56863319793673, 41.781571581842165], [-87.56858223565706, 41.78159787471282], [-87.56853401621606, 41.781628912665525], [-87.5684889800808, 41.78166441217987], [-87.56844753863999, 41.78170404898071], [-87.56841007044609, 41.78174746100028], [-87.56837691775742, 41.78179425168559], [-87.56834838341175, 41.78184399362076], [-87.56832472805992, 41.78189623243131], [-87.56830616778497, 41.78195049093471], [-87.56754205129802, 41.7845900054584], [-87.56754082183024, 41.78459359087942], [-87.56754157157621, 41.784589875409466], [-87.56830745780773, 41.78156100838517], [-87.56831155935978, 41.781547550456125], [-87.56832494975006, 41.78154323350904], [-87.56926408465974, 41.78128966314906], [-87.58659240459248, 41.78096252356097]]]}, "properties": {"chi_id": "7S3E", "chi_ordinate": "\u03c7:7S3E", "name": "East End\u2013Midway Plaisance chi", "label": "EasMid", "name_canon": "Jeffery\u201359th chi", "label_canon": "Jef59", "center": [-87.581994, 41.788061], "area_sqmi": 0.486, "edge": true, "flag": false}}, {"type": "Feature", "geometry": {"type": "Polygon", "coordinates": [[[-87.66457513298255, 41.793871601523996], [-87.66418384424735, 41.7794976826701], [-87.68353491666963, 41.77913235574366], [-87.68394254756097, 41.79358155162425], [-87.66457513298255, 41.793871601523996]]]}, "properties": {"chi_id": "7S3W", "chi_ordinate": "\u03c7:7S3W", "name": "Damen\u201359th chi", "label": "Dam59", "name_canon": "Damen\u201359th chi", "label_canon": "Dam59", "center": [-87.67406, 41.78654], "area_sqmi": 0.989, "edge": false, "flag": false}}, {"type": "Feature", "geometry": {"type": "Polygon", "coordinates": [[[-87.68394254756097, 41.79358155162425], [-87.68353491666963, 41.77913235574366], [-87.70323780380473, 41.778760386943084], [-87.70363239844501, 41.79328667286014], [-87.68394254756097, 41.79358155162425]]]}, "properties": {"chi_id": "7S4W", "chi_ordinate": "\u03c7:7S4W", "name": "California\u201359th chi", "label": "Cal59", "name_canon": "California\u201359th chi", "label_canon": "Cal59", "center": [-87.693587, 41.78621], "area_sqmi": 1.012, "edge": false, "flag": false}}, {"type": "Feature", "geometry": {"type": "Polygon", "coordinates": [[[-87.70363239844501, 41.79328667286014], [-87.70323780380473, 41.778760386943084], [-87.7227806168514, 41.77839144016492], [-87.72318542058572, 41.792993843268015], [-87.70363239844501, 41.79328667286014]]]}, "properties": {"chi_id": "7S5W", "chi_ordinate": "\u03c7:7S5W", "name": "Central Park\u201359th chi", "label": "Cen59", "name_canon": "Central Park\u201359th chi", "label_canon": "Cen59", "center": [-87.71321, 41.785877], "area_sqmi": 1.01, "edge": false, "flag": false}}, {"type": "Feature", "geometry": {"type": "Polygon", "coordinates": [[[-87.72318542058572, 41.792993843268015], [-87.7227806168514, 41.77839144016492], [-87.7421806370461, 41.77802518915848], [-87.74260953564688, 41.79270294421159], [-87.72318542058572, 41.792993843268015]]]}, "properties": {"chi_id": "7S6W", "chi_ordinate": "\u03c7:7S6W", "name": "Kostner\u201359th chi", "label": "Kos59", "name_canon": "Kostner\u201359th chi", "label_canon": "Kos59", "center": [-87.73269, 41.785547], "area_sqmi": 1.008, "edge": false, "flag": false}}, {"type": "Feature", "geometry": {"type": "Polygon", "coordinates": [[[-87.74260953564688, 41.79270294421159], [-87.7421806370461, 41.77802518915848], [-87.7628877202029, 41.777634262243424], [-87.76313457652671, 41.79239555749122], [-87.74260953564688, 41.79270294421159]]]}, "properties": {"chi_id": "7S7W", "chi_ordinate": "\u03c7:7S7W", "name": "Laramie\u201359th chi", "label": "Lar59", "name_canon": "Laramie\u201359th chi", "label_canon": "Lar59", "center": [-87.752703, 41.78521], "area_sqmi": 1.076, "edge": false, "flag": false}}, {"type": "Feature", "geometry": {"type": "Polygon", "coordinates": [[[-87.76313457652671, 41.79239555749122], [-87.7628877202029, 41.777634262243424], [-87.78129213993086, 41.77728680707684], [-87.78172594288282, 41.792117129829855], [-87.76313457652671, 41.79239555749122]]]}, "properties": {"chi_id": "7S8W", "chi_ordinate": "\u03c7:7S8W", "name": "Austin\u201359th chi", "label": "Aus59", "name_canon": "Austin\u201359th chi", "label_canon": "Aus59", "center": [-87.772261, 41.784876], "area_sqmi": 0.971, "edge": false, "flag": false}}, {"type": "Feature", "geometry": {"type": "Polygon", "coordinates": [[[-87.78172594288282, 41.792117129829855], [-87.78129213993086, 41.77728680707684], [-87.80093107458404, 41.77691604562866], [-87.80122192629409, 41.78469402895001], [-87.80144154795254, 41.79182186536641], [-87.78172594288282, 41.792117129829855]]]}, "properties": {"chi_id": "7S9W", "chi_ordinate": "\u03c7:7S9W", "name": "Oak Park\u201359th chi", "label": "Oak59", "name_canon": "Oak Park\u201359th chi", "label_canon": "Oak59", "center": [-87.791242, 41.78099], "area_sqmi": 1.038, "edge": true, "flag": false}}, {"type": "Feature", "geometry": {"type": "Polygon", "coordinates": [[[-87.80753826495385, 41.99712888187654], [-87.80714995203932, 41.98264015012347], [-87.82691760075723, 41.98253488484966], [-87.8270190480789, 41.985041790457586], [-87.82393121309822, 41.98460216886346], [-87.82387231854668, 41.98459672845662], [-87.8238131744991, 41.984597112986016], [-87.82375435566577, 41.98460331871513], [-87.82369643359685, 41.98461528534209], [-87.82363997112854, 41.984632896585644], [-87.82358551691388, 41.984655981315086], [-87.82353360009147, 41.98468431521312], [-87.82348472514373, 41.98471762295564], [-87.82343936699482, 41.984755580887025], [-87.82339796639569, 41.98479782016518], [-87.82336092564127, 41.98484393034562], [-87.82332860466134, 41.984893463369794], [-87.823301317523, 41.984945937918944], [-87.82327932937889, 41.985000844091154], [-87.82326285389063, 41.985057648356076], [-87.82325205115264, 41.98511579873939], [-87.82217127899611, 41.99311053894794], [-87.82216812187895, 41.99312936055533], [-87.82143106329507, 41.99680286053744], [-87.82142261550571, 41.99685827446568], [-87.82141937589967, 41.99691423492976], [-87.82141780195522, 41.99705605612238], [-87.80753826495385, 41.99712888187654]]]}, "properties": {"chi_id": "8N10W", "chi_ordinate": "\u03c7:8N10W", "name": "Oriole\u2013Peterson chi", "label": "OriPet", "name_canon": "Oriole\u2013Peterson chi", "label_canon": "OriPet", "center": [-87.815018, 41.989113], "area_sqmi": 0.811, "edge": true, "flag": false}}, {"type": "Feature", "geometry": {"type": "Polygon", "coordinates": [[[-87.84668237316853, 41.982429634892554], [-87.84697990511802, 41.98792592133042], [-87.83658818238233, 41.98640417314628], [-87.83658581693531, 41.98640383156458], [-87.8270190480789, 41.985041790457586], [-87.82691760075723, 41.98253488484966], [-87.84668237316853, 41.982429634892554]]]}, "properties": {"chi_id": "8N11W", "chi_ordinate": "\u03c7:8N11W", "name": "Cumberland\u2013Gregory chi", "label": "CumGre", "name_canon": "Cumberland\u2013Peterson chi", "label_canon": "CumPet", "center": [-87.839332, 41.985723], "area_sqmi": 0.28, "edge": true, "flag": false}}, {"type": "Feature", "geometry": {"type": "Polygon", "coordinates": [[[-87.84697990511802, 41.98792592133042], [-87.84668237316853, 41.982429634892554], [-87.8558665778626, 41.98238072782041], [-87.85664911004966, 41.9844272117658], [-87.85665336155535, 41.98444005854674], [-87.85665151746448, 41.984453464307265], [-87.85636895478459, 41.98598597439749], [-87.8563651514053, 41.98600174589695], [-87.8563596608371, 41.98601701218528], [-87.85562321608954, 41.98776103504433], [-87.85560364387469, 41.98781427883303], [-87.85558918745791, 41.987869133045656], [-87.8555799760624, 41.98792510735067], [-87.8555760920271, 41.98798170140424], [-87.8555775700707, 41.9880384093227], [-87.8555843969812, 41.988094724204586], [-87.85559651173416, 41.98815014266171], [-87.85583717168365, 41.98904575301063], [-87.85584006092553, 41.98905908950222], [-87.85582664154097, 41.989056613650064], [-87.85417492728382, 41.988667067497175], [-87.8541277082458, 41.988657911967096], [-87.85407990757425, 41.98865256808436], [-87.84992109779334, 41.98835579194779], [-87.84989899139494, 41.9883533879165], [-87.84697990511802, 41.98792592133042]]]}, "properties": {"chi_id": "8N12W", "chi_ordinate": "\u03c7:8N12W", "name": "East River\u2013Higgins chi", "label": "EasHig", "name_canon": "\u03c7:8N12W chi", "label_canon": "\u03c7:8N12W", "center": [-87.851672, 41.98522], "area_sqmi": 0.2, "edge": true, "flag": false}}, {"type": "Feature", "geometry": {"type": "Polygon", "coordinates": [[[-87.88032729073811, 41.9822504713759], [-87.88116122002617, 41.995212969239866], [-87.88037549213564, 41.99523754668821], [-87.88036147057761, 41.99523730757378], [-87.88035608670894, 41.99522435862689], [-87.87706468099144, 41.98608602486647], [-87.87704242752929, 41.986032502390785], [-87.87701511328451, 41.98598137701536], [-87.87698299318035, 41.98593312589216], [-87.87694636699302, 41.98588819934786], [-87.87690557655391, 41.9858470166809], [-87.8768610025593, 41.98580996224818], [-87.87681306101724, 41.98577738187791], [-87.87676219936513, 41.98574957964195], [-87.8767088922936, 41.98572681501795], [-87.87665363731638, 41.98570930046763], [-87.87659695012692, 41.98569719945392], [-87.87653935978553, 41.98569062491529], [-87.87648140378155, 41.985689638211774], [-87.87587803578575, 41.98570852924011], [-87.87586371917573, 41.985708259565335], [-87.87586303266691, 41.985693956882145], [-87.87586878334727, 41.98304576858046], [-87.87586530978021, 41.98297998385143], [-87.87585464527598, 41.982914976431914], [-87.87583691839212, 41.982851529967625], [-87.87564127567978, 41.98227542500924], [-87.88032729073811, 41.9822504713759]]]}, "properties": {"chi_id": "8N13W", "chi_ordinate": "\u03c7:8N13W", "name": "Mannheim\u2013Higgins chi", "label": "ManHig", "name_canon": "\u03c7:8N13W chi", "label_canon": "\u03c7:8N13W", "center": [-87.879788, 41.990649], "area_sqmi": 0.131, "edge": true, "flag": false}}, {"type": "Feature", "geometry": {"type": "Polygon", "coordinates": [[[-87.88116122002617, 41.995212969239866], [-87.88032729073811, 41.9822504713759], [-87.89714837933083, 41.98216089691402], [-87.89815465831397, 41.99665341881284], [-87.88454377443493, 41.99672483494748], [-87.88454699398582, 41.9957280619895], [-87.88454417075418, 41.99566795490471], [-87.88453534122924, 41.99560843287712], [-87.8845205942172, 41.99555009457139], [-87.88450007804154, 41.99549352674648], [-87.88447399905125, 41.99543929835406], [-87.88444261954534, 41.99538795481612], [-87.88440625513473, 41.99534001253915], [-87.88436527156786, 41.99529595372023], [-87.88432008105198, 41.995256221497115], [-87.88427113810732, 41.99522121549123], [-87.88421893499554, 41.99519128778835], [-87.88416399676862, 41.99516673939735], [-87.88410687598794, 41.99514781722267], [-87.88404814716677, 41.99513471158106], [-87.88398840099178, 41.995127554287315], [-87.8839282383821, 41.99512641732854], [-87.88116122002617, 41.995212969239866]]]}, "properties": {"chi_id": "8N14W", "chi_ordinate": "\u03c7:8N14W", "name": "Mannheim\u2013Higgins chi", "label": "ManHig", "name_canon": "\u03c7:8N14W chi", "label_canon": "\u03c7:8N14W", "center": [-87.889172, 41.988688], "area_sqmi": 0.848, "edge": true, "flag": false}}, {"type": "Feature", "geometry": {"type": "Polygon", "coordinates": [[[-87.89815465831397, 41.99665341881284], [-87.89714837933083, 41.98216089691402], [-87.91396855456138, 41.98207132731591], [-87.91504881970937, 41.99656477536282], [-87.89815465831397, 41.99665341881284]]]}, "properties": {"chi_id": "8N15W", "chi_ordinate": "\u03c7:8N15W", "name": "\u03c7:8N15W chi", "label": "\u03c7:8N15W", "name_canon": "\u03c7:8N15W chi", "label_canon": "\u03c7:8N15W", "center": [-87.90608, 41.989363], "area_sqmi": 0.866, "edge": false, "flag": true}}, {"type": "Feature", "geometry": {"type": "Polygon", "coordinates": [[[-87.93985204851087, 41.98193349437904], [-87.93993589506432, 41.99348454362514], [-87.93993532944619, 41.99349835803606], [-87.9399215527679, 41.9934995246559], [-87.93925761601979, 41.99352363573356], [-87.93919836957348, 41.993528736025205], [-87.93913991897098, 41.99353967592669], [-87.93908283835218, 41.99355634797918], [-87.93902768840009, 41.99357858841893], [-87.93897501083342, 41.99360617878584], [-87.93892532308554, 41.99363884806939], [-87.93887911322186, 41.99367627537058], [-87.93883683514574, 41.99371809305411], [-87.93879890413997, 41.99376389035947], [-87.93876569278758, 41.993813217435694], [-87.93873752731211, 41.99386558976014], [-87.93871468437318, 41.99392049289773], [-87.93869738834903, 41.99397738755411], [-87.93839574157715, 41.995181060180066], [-87.93839259749197, 41.99519186628838], [-87.93838865066469, 41.9952024057284], [-87.93786926182763, 41.99644503679321], [-87.93194207725476, 41.996476136655296], [-87.91504881970937, 41.99656477536282], [-87.91396855456138, 41.98207132731591], [-87.93078781650415, 41.98198176258118], [-87.93985204851087, 41.98193349437904]]]}, "properties": {"chi_id": "8N16W", "chi_ordinate": "\u03c7:8N16W", "name": "\u03c7:8N16W chi", "label": "\u03c7:8N16W", "name_canon": "\u03c7:8N16W chi", "label_canon": "\u03c7:8N16W", "center": [-87.927144, 41.987778], "area_sqmi": 1.289, "edge": true, "flag": false}}, {"type": "Feature", "geometry": {"type": "Polygon", "coordinates": [[[-87.65024193764728, 41.98553582809879], [-87.6501847931614, 41.98553391973747], [-87.65012772648934, 41.98553745937732], [-87.65007125584947, 41.98554641487513], [-87.65001589404757, 41.98556070490666], [-87.64996214382022, 41.98558019970517], [-87.64991049326935, 41.985604722239785], [-87.64986141142988, 41.98563404982314], [-87.6498153440105, 41.985667916133565], [-87.64977270934612, 41.98570601363352], [-87.64973389459907, 41.98574799636235], [-87.64969925224324, 41.98579348307791], [-87.6496690968634, 41.985842060718625], [-87.64936527736542, 41.98638792495531], [-87.6493626409776, 41.98639215112511], [-87.64936461875885, 41.98638757953536], [-87.65025118528285, 41.98458994119351], [-87.6503460160472, 41.98439765847884], [-87.65036852124587, 41.98434605475566], [-87.6503860907591, 41.984292568865776], [-87.65061311001922, 41.98347372895583], [-87.66973373561905, 41.9833719091634], [-87.67012785666816, 41.99784987254152], [-87.65452923513489, 41.99793171831036], [-87.65426998734749, 41.99601469555588], [-87.65426876344766, 41.99600033110333], [-87.65427910487446, 41.995992182176565], [-87.65432300327335, 41.995953999381555], [-87.65436299713969, 41.995911744371035], [-87.65439871042057, 41.99586581445891], [-87.65442980731241, 41.995816641513336], [-87.65445599541849, 41.99576468789595], [-87.65447702849816, 41.99571044211438], [-87.65449270878239, 41.995654414228945], [-87.6545028888331, 41.99559713105666], [-87.65450747292968, 41.99553913121772], [-87.65450641796896, 41.99548096007095], [-87.6544997338705, 41.995423164585944], [-87.65449306769044, 41.99539221468842], [-87.65449059143502, 41.995377976616425], [-87.6544918174282, 41.99536485498047], [-87.65453973404615, 41.99501828564888], [-87.6545448905383, 41.99496053535986], [-87.65454444886554, 41.99490255699994], [-87.65453841315221, 41.9948448919719], [-87.65452683975988, 41.99478807875263], [-87.6545098367611, 41.994732647864794], [-87.65448756293007, 41.994679116922846], [-87.6544602262602, 41.99462798579951], [-87.65442808202168, 41.99457973195796], [-87.65440086236218, 41.99454636730266], [-87.65439666777075, 41.99454064951484], [-87.65439180935064, 41.99452663688725], [-87.6542764333402, 41.99413119491599], [-87.65427286398528, 41.9941160281856], [-87.65427741426106, 41.994101126340325], [-87.65439345360663, 41.99378235158639], [-87.65441105546701, 41.99372531745502], [-87.65442290344929, 41.99366681666062], [-87.65442888030066, 41.99360742815266], [-87.65442892687156, 41.99354773966582], [-87.65442304270111, 41.99348834190351], [-87.65441128602166, 41.99342982269198], [-87.65439377318243, 41.99337276116297], [-87.65437067749816, 41.993317722022375], [-87.65434222753385, 41.99326524996162], [-87.6543087048428, 41.99321586426718], [-87.65427044118026, 41.993170053681524], [-87.65422781522015, 41.99312827156627], [-87.65411025493714, 41.99302398421843], [-87.65409978890995, 41.99301371759668], [-87.65410136202847, 41.99299914136467], [-87.65436525280862, 41.99133910342582], [-87.6543715893927, 41.991281284226766], [-87.65437229766344, 41.99122312315361], [-87.65436737096468, 41.99116516679316], [-87.65435685559657, 41.991107959808346], [-87.65434085038059, 41.99105203981963], [-87.65431950573071, 41.9909979323525], [-87.65429302223994, 41.990946145898725], [-87.65426164879511, 41.99089716713764], [-87.65424457508236, 41.990873159803485], [-87.65424278365931, 41.990859751437526], [-87.65419594533476, 41.99031107392151], [-87.6541954118674, 41.9902999954392], [-87.65419569987523, 41.990288907859785], [-87.65429791996658, 41.98866884826078], [-87.65429868713623, 41.98860852281829], [-87.65429339234299, 41.98854842529151], [-87.65428208911939, 41.988489163291064], [-87.65426489174564, 41.98843133598007], [-87.65424197409425, 41.98837552801634], [-87.65421356787205, 41.988322303641276], [-87.6541799602776, 41.98827220097511], [-87.65414149109748, 41.988225726576346], [-87.65358969158645, 41.987623501522535], [-87.65354589715118, 41.98758036604924], [-87.65349791909009, 41.987541937839914], [-87.65106968282457, 41.98579341839259], [-87.65102548674088, 41.98576446070656], [-87.6509789143988, 41.985739503576376], [-87.6509303269722, 41.98571874054745], [-87.65088010126216, 41.98570233263947], [-87.65035438836637, 41.98555587019064], [-87.65029864102203, 41.98554316713159], [-87.65027718754384, 41.985540390440065], [-87.65024193764728, 41.98553582809879]]]}, "properties": {"chi_id": "8N2W", "chi_ordinate": "\u03c7:8N2W", "name": "Sheridan\u2013Norwood chi", "label": "SheNor", "name_canon": "Racine\u2013Peterson chi", "label_canon": "RacPet", "center": [-87.662075, 41.990585], "area_sqmi": 0.848, "edge": true, "flag": false}}, {"type": "Feature", "geometry": {"type": "Polygon", "coordinates": [[[-87.67012785666816, 41.99784987254152], [-87.66973373561905, 41.9833719091634], [-87.68929384561066, 41.983267749060026], [-87.68970232906483, 41.99774716553377], [-87.67012785666816, 41.99784987254152]]]}, "properties": {"chi_id": "8N3W", "chi_ordinate": "\u03c7:8N3W", "name": "Ridge\u2013Peterson chi", "label": "RidPet", "name_canon": "Damen\u2013Peterson chi", "label_canon": "DamPet", "center": [-87.679714, 41.99056], "area_sqmi": 1.004, "edge": false, "flag": false}}, {"type": "Feature", "geometry": {"type": "Polygon", "coordinates": [[[-87.68970232906483, 41.99774716553377], [-87.68929384561066, 41.983267749060026], [-87.70879025831907, 41.98316392815288], [-87.70918362332823, 41.99764494743049], [-87.68970232906483, 41.99774716553377]]]}, "properties": {"chi_id": "8N4W", "chi_ordinate": "\u03c7:8N4W", "name": "California\u2013Peterson chi", "label": "CalPet", "name_canon": "California\u2013Peterson chi", "label_canon": "CalPet", "center": [-87.699242, 41.990456], "area_sqmi": 1.0, "edge": false, "flag": false}}, {"type": "Feature", "geometry": {"type": "Polygon", "coordinates": [[[-87.70918362332823, 41.99764494743049], [-87.70879025831907, 41.98316392815288], [-87.72845435963698, 41.9830592142823], [-87.72884807853546, 41.99726175634758], [-87.72642881781006, 41.99725700553346], [-87.72642318226173, 41.9972570209331], [-87.71067994317197, 41.99737397813505], [-87.71067405718449, 41.9973740507382], [-87.71005047864507, 41.99738480209233], [-87.70999225421359, 41.99738864375251], [-87.70993467828852, 41.99739812297336], [-87.70987829541701, 41.997413150101394], [-87.70982363886246, 41.997433583011585], [-87.70977122556087, 41.997459228451575], [-87.70972155123187, 41.99748984386946], [-87.70967508569008, 41.99752513970777], [-87.70963226840182, 41.99756478214212], [-87.70959350432857, 41.99760839623847], [-87.70956836315688, 41.997642928705496], [-87.70918362332823, 41.99764494743049]]]}, "properties": {"chi_id": "8N5W", "chi_ordinate": "\u03c7:8N5W", "name": "Central Park\u2013Peterson chi", "label": "CenPet", "name_canon": "Central Park\u2013Peterson chi", "label_canon": "CenPet", "center": [-87.718817, 41.99021], "area_sqmi": 0.991, "edge": true, "flag": false}}, {"type": "Feature", "geometry": {"type": "Polygon", "coordinates": [[[-87.72884807853546, 41.99726175634758], [-87.72845435963698, 41.9830592142823], [-87.74816886749487, 41.982954231990405], [-87.74858808031946, 41.997300520701536], [-87.72884807853546, 41.99726175634758]]]}, "properties": {"chi_id": "8N6W", "chi_ordinate": "\u03c7:8N6W", "name": "Kostner\u2013Peterson chi", "label": "KosPet", "name_canon": "Kostner\u2013Peterson chi", "label_canon": "KosPet", "center": [-87.738515, 41.99016], "area_sqmi": 0.998, "edge": true, "flag": false}}, {"type": "Feature", "geometry": {"type": "Polygon", "coordinates": [[[-87.74858808031946, 41.997300520701536], [-87.74816886749487, 41.982954231990405], [-87.76631971394343, 41.98285757639679], [-87.76656197158901, 41.99734388396678], [-87.7531310759146, 41.997414355705594], [-87.75302632898813, 41.99736532475367], [-87.7529657285554, 41.99734088684284], [-87.7529028300491, 41.99732318368381], [-87.75283837944971, 41.997312425237205], [-87.75277314114564, 41.997308739098926], [-87.74858808031946, 41.997300520701536]]]}, "properties": {"chi_id": "8N7W", "chi_ordinate": "\u03c7:8N7W", "name": "Forest Glen\u2013Peterson chi", "label": "ForPet", "name_canon": "Laramie\u2013Peterson chi", "label_canon": "LarPet", "center": [-87.75741, 41.990127], "area_sqmi": 0.926, "edge": true, "flag": false}}, {"type": "Feature", "geometry": {"type": "Polygon", "coordinates": [[[-87.76656197158901, 41.99734388396678], [-87.76631971394343, 41.98285757639679], [-87.7873020385485, 41.98274584281753], [-87.78772579878768, 41.99723283763458], [-87.76656197158901, 41.99734388396678]]]}, "properties": {"chi_id": "8N8W", "chi_ordinate": "\u03c7:8N8W", "name": "Austin\u2013Peterson chi", "label": "AusPet", "name_canon": "Austin\u2013Peterson chi", "label_canon": "AusPet", "center": [-87.776978, 41.990045], "area_sqmi": 1.082, "edge": false, "flag": false}}, {"type": "Feature", "geometry": {"type": "Polygon", "coordinates": [[[-87.78772579878768, 41.99723283763458], [-87.7873020385485, 41.98274584281753], [-87.80714995203932, 41.98264015012347], [-87.80753826495385, 41.99712888187654], [-87.78772579878768, 41.99723283763458]]]}, "properties": {"chi_id": "8N9W", "chi_ordinate": "\u03c7:8N9W", "name": "Oak Park\u2013Peterson chi", "label": "OakPet", "name_canon": "Oak Park\u2013Peterson chi", "label_canon": "OakPet", "center": [-87.797429, 41.989937], "area_sqmi": 1.019, "edge": false, "flag": false}}, {"type": "Feature", "geometry": {"type": "Polygon", "coordinates": [[[-87.62488475620985, 41.76540081297995], [-87.62526417225786, 41.780232443195786], [-87.60590357598184, 41.780597949922075], [-87.60555163991182, 41.76568008999127], [-87.62488475620985, 41.76540081297995]]]}, "properties": {"chi_id": "8S1E", "chi_ordinate": "\u03c7:8S1E", "name": "Dr Martin Luther King Jr\u201367th chi", "label": "Dr67", "name_canon": "Martin Luther King\u201367th chi", "label_canon": "Mar67", "center": [-87.615401, 41.772956], "area_sqmi": 1.021, "edge": false, "flag": false}}, {"type": "Feature", "geometry": {"type": "Polygon", "coordinates": [[[-87.62526417225786, 41.780232443195786], [-87.62488475620985, 41.76540081297995], [-87.64424698705008, 41.76512111539378], [-87.6446503879818, 41.77986645280254], [-87.62526417225786, 41.780232443195786]]]}, "properties": {"chi_id": "8S1W", "chi_ordinate": "\u03c7:8S1W", "name": "Stewart\u201367th chi", "label": "Ste67", "name_canon": "River\u201367th chi", "label_canon": "Riv67", "center": [-87.634761, 41.772634], "area_sqmi": 1.016, "edge": false, "flag": false}}, {"type": "Feature", "geometry": {"type": "Polygon", "coordinates": [[[-87.60555163991182, 41.76568008999127], [-87.60590357598184, 41.780597949922075], [-87.58659240459248, 41.78096252356097], [-87.58612475791631, 41.76596072149731], [-87.60555163991182, 41.76568008999127]]]}, "properties": {"chi_id": "8S2E", "chi_ordinate": "\u03c7:8S2E", "name": "Woodlawn\u201367th chi", "label": "Woo67", "name_canon": "Woodlawn\u201367th chi", "label_canon": "Woo67", "center": [-87.596042, 41.773279], "area_sqmi": 1.028, "edge": false, "flag": false}}, {"type": "Feature", "geometry": {"type": "Polygon", "coordinates": [[[-87.6446503879818, 41.77986645280254], [-87.64424698705008, 41.76512111539378], [-87.66378480040575, 41.76483888142603], [-87.66418384424735, 41.7794976826701], [-87.6446503879818, 41.77986645280254]]]}, "properties": {"chi_id": "8S2W", "chi_ordinate": "\u03c7:8S2W", "name": "Racine\u201367th chi", "label": "Rac67", "name_canon": "Racine\u201367th chi", "label_canon": "Rac67", "center": [-87.654216, 41.772309], "area_sqmi": 1.019, "edge": false, "flag": false}}, {"type": "Feature", "geometry": {"type": "Polygon", "coordinates": [[[-87.58612475791631, 41.76596072149731], [-87.58659240459248, 41.78096252356097], [-87.56926408465974, 41.78128966314906], [-87.57251680445762, 41.78041141517682], [-87.5725715125401, 41.78039379223016], [-87.5726242833715, 41.78037101544612], [-87.5726746326999, 41.78034329383604], [-87.57272209849437, 41.78031088178745], [-87.57276624518467, 41.78027407672976], [-87.57280666765843, 41.78023321640483], [-87.57284299497849, 41.780188675767725], [-87.57287489378697, 41.78014086354591], [-87.57290207136423, 41.78009021848858], [-87.57292427831501, 41.78003720534046], [-87.57294131085712, 41.779982310577076], [-87.57295301269127, 41.77992603794061], [-87.57295927643551, 41.77986890381732], [-87.57296004461057, 41.77981143249887], [-87.57296003977271, 41.7798112925295], [-87.57295510424879, 41.77975249293143], [-87.57294441700185, 41.779694462466296], [-87.57292808139397, 41.77963776237771], [-87.57290625541555, 41.779582941042484], [-87.57287915015723, 41.77953052866701], [-87.57284702776849, 41.779481032159346], [-87.57281019892204, 41.779434930226635], [-87.57276901980934, 41.77939266874527], [-87.57272388869556, 41.77935465644858], [-87.57267524206779, 41.779321260973795], [-87.57262355041351, 41.779292805306355], [-87.57256931367033, 41.779269564656225], [-87.5725130563907, 41.77925176379612], [-87.57245532266884, 41.77923957488767], [-87.57239667087835, 41.779233115816304], [-87.57233766827201, 41.77923244905116], [-87.5722581615759, 41.77923546313698], [-87.57224434804887, 41.779235334133], [-87.57223635700868, 41.77922406588343], [-87.57188811051608, 41.77868029786608], [-87.57185685690415, 41.77863603383463], [-87.57182173735457, 41.77859476992816], [-87.57178303829582, 41.7785568426874], [-87.57174107535022, 41.77852256143982], [-87.56857441446704, 41.77616575104285], [-87.56856437329137, 41.776157579800376], [-87.56855592419268, 41.776147835300264], [-87.56708735973305, 41.774299411211345], [-87.56678957758311, 41.7662400283247], [-87.58612475791631, 41.76596072149731]]]}, "properties": {"chi_id": "8S3E", "chi_ordinate": "\u03c7:8S3E", "name": "Jeffery\u201367th chi", "label": "Jef67", "name_canon": "Jeffery\u201367th chi", "label_canon": "Jef67", "center": [-87.576599, 41.77027], "area_sqmi": 0.954, "edge": true, "flag": false}}, {"type": "Feature", "geometry": {"type": "Polygon", "coordinates": [[[-87.66418384424735, 41.7794976826701], [-87.66378480040575, 41.76483888142603], [-87.6831237977193, 41.76455951946035], [-87.68353491666963, 41.77913235574366], [-87.66418384424735, 41.7794976826701]]]}, "properties": {"chi_id": "8S3W", "chi_ordinate": "\u03c7:8S3W", "name": "Damen\u201367th chi", "label": "Dam67", "name_canon": "Damen\u201367th chi", "label_canon": "Dam67", "center": [-87.673656, 41.771986], "area_sqmi": 1.003, "edge": false, "flag": false}}, {"type": "Feature", "geometry": {"type": "Polygon", "coordinates": [[[-87.56678957758311, 41.7662400283247], [-87.56708735973305, 41.774299411211345], [-87.56691883242964, 41.77408729254999], [-87.56688279175142, 41.774045958421574], [-87.56684312761357, 41.77400808763039], [-87.56680017137032, 41.77397399654911], [-87.56675428187822, 41.77394396997467], [-87.56670584249818, 41.77391825874914], [-87.5664670977325, 41.773805202365395], [-87.5664544196728, 41.7737984309491], [-87.56644420512659, 41.77378831915813], [-87.56574441568684, 41.773025232181126], [-87.56569948836854, 41.77298112810068], [-87.56565018695385, 41.77294197450122], [-87.56559705425597, 41.77290820246755], [-87.56554067527091, 41.77288018383294], [-87.56360036944025, 41.7720397906267], [-87.56358760861357, 41.7720335113442], [-87.56358423482827, 41.77201969520639], [-87.5633032410148, 41.77056605727589], [-87.56328953830186, 41.770509861043074], [-87.56327048798957, 41.77045524541778], [-87.56324626712842, 41.77040271798866], [-87.56321710082311, 41.77035276693703], [-87.5624572899062, 41.76918469940805], [-87.56242360574211, 41.769137985339235], [-87.56238559799792, 41.76909471596766], [-87.56234361685449, 41.76905528995173], [-87.56229804910126, 41.76902007053944], [-87.56224931457258, 41.76898938222163], [-87.56219786227956, 41.76896350774232], [-87.56214416627323, 41.76894268549366], [-87.56083924983386, 41.76850747316381], [-87.56078206502366, 41.768491497877186], [-87.56072358127166, 41.76848125272943], [-87.56066437128202, 41.76847683804649], [-87.56060501487055, 41.7684782970593], [-87.56054609328696, 41.768485615480444], [-87.56048818352288, 41.76849872164401], [-87.56043185266164, 41.768517487207454], [-87.5603776523251, 41.76854172840835], [-87.56032611327196, 41.768571207863914], [-87.56027774020012, 41.76860563689558], [-87.55955266666331, 41.769177793813625], [-87.55954159482611, 41.76918567358742], [-87.5595401145981, 41.76917216487429], [-87.55939884302636, 41.766805125112924], [-87.55939867175137, 41.76679137248733], [-87.55941042750673, 41.7667842334216], [-87.5602075461377, 41.76635021509229], [-87.56023292400491, 41.766334742626704], [-87.56678957758311, 41.7662400283247]]]}, "properties": {"chi_id": "8S4E", "chi_ordinate": "\u03c7:8S4E", "name": "Jeffery\u201367th chi", "label": "Jef67", "name_canon": "Burnham\u201367th chi", "label_canon": "Bur67", "center": [-87.564879, 41.769769], "area_sqmi": 0.12, "edge": true, "flag": false}}, {"type": "Feature", "geometry": {"type": "Polygon", "coordinates": [[[-87.68353491666963, 41.77913235574366], [-87.6831237977193, 41.76455951946035], [-87.70284431054363, 41.76427464630289], [-87.70323780380473, 41.778760386943084], [-87.68353491666963, 41.77913235574366]]]}, "properties": {"chi_id": "8S4W", "chi_ordinate": "\u03c7:8S4W", "name": "California\u201367th chi", "label": "Cal67", "name_canon": "California\u201367th chi", "label_canon": "Cal67", "center": [-87.693185, 41.77166], "area_sqmi": 1.016, "edge": false, "flag": false}}, {"type": "Feature", "geometry": {"type": "Polygon", "coordinates": [[[-87.70323780380473, 41.778760386943084], [-87.70284431054363, 41.76427464630289], [-87.72238145129886, 41.7639924220512], [-87.7227806168514, 41.77839144016492], [-87.70323780380473, 41.778760386943084]]]}, "properties": {"chi_id": "8S5W", "chi_ordinate": "\u03c7:8S5W", "name": "Central Park\u201367th chi", "label": "Cen67", "name_canon": "Central Park\u201367th chi", "label_canon": "Cen67", "center": [-87.71281, 41.771333], "area_sqmi": 1.001, "edge": false, "flag": false}}, {"type": "Feature", "geometry": {"type": "Polygon", "coordinates": [[[-87.74182730213892, 41.76371151653025], [-87.74205999122508, 41.77113671998912], [-87.74215298302418, 41.7741953875792], [-87.74215760084111, 41.77425363931842], [-87.74216786321212, 41.77431116560021], [-87.74218367279889, 41.77436742078949], [-87.74220487964799, 41.77442187130746], [-87.74223128261306, 41.77447400069256], [-87.74226263126276, 41.774523314499106], [-87.7422986282561, 41.77456934498712], [-87.74233893216262, 41.77461165555877], [-87.74238316070101, 41.774649844899535], [-87.74243089436484, 41.77468355078466], [-87.74248168040175, 41.77471245351481], [-87.74253503710769, 41.77473627894844], [-87.74259045839585, 41.77475480110203], [-87.74264741859697, 41.774767844293486], [-87.74270537744523, 41.774775284808534], [-87.74276378520265, 41.77477705207411], [-87.76283373976025, 41.774406387667796], [-87.7628877202029, 41.777634262243424], [-87.7421806370461, 41.77802518915848], [-87.7227806168514, 41.77839144016492], [-87.72238145129886, 41.7639924220512], [-87.74176240468992, 41.76371245400796], [-87.74182730213892, 41.76371151653025]]]}, "properties": {"chi_id": "8S6W", "chi_ordinate": "\u03c7:8S6W", "name": "Kostner\u201369th chi", "label": "Kos69", "name_canon": "Kostner\u201367th chi", "label_canon": "Kos67", "center": [-87.732214, 41.767565], "area_sqmi": 1.228, "edge": true, "flag": false}}, {"type": "Feature", "geometry": {"type": "Polygon", "coordinates": [[[-87.7628877202029, 41.777634262243424], [-87.76283373976025, 41.774406387667796], [-87.78119796370122, 41.77406722575565], [-87.78129213993086, 41.77728680707684], [-87.7628877202029, 41.777634262243424]]]}, "properties": {"chi_id": "8S8W", "chi_ordinate": "\u03c7:8S8W", "name": "Austin\u201365th chi", "label": "Aus65", "name_canon": "Austin\u201367th chi", "label_canon": "Aus67", "center": [-87.772054, 41.775847], "area_sqmi": 0.21, "edge": true, "flag": false}}, {"type": "Feature", "geometry": {"type": "Polygon", "coordinates": [[[-87.78129213993086, 41.77728680707684], [-87.78119796370122, 41.77406722575565], [-87.80079645069732, 41.77370526870557], [-87.8008103510343, 41.773705686257045], [-87.80081154377271, 41.773719541620316], [-87.80093107458404, 41.77691604562866], [-87.78129213993086, 41.77728680707684]]]}, "properties": {"chi_id": "8S9W", "chi_ordinate": "\u03c7:8S9W", "name": "Oak Park\u201365th chi", "label": "Oak65", "name_canon": "Oak Park\u201367th chi", "label_canon": "Oak67", "center": [-87.791059, 41.775492], "area_sqmi": 0.224, "edge": true, "flag": false}}, {"type": "Feature", "geometry": {"type": "Polygon", "coordinates": [[[-87.82141780195522, 41.99705605612238], [-87.821259160388, 42.011350548145366], [-87.82125834168437, 42.01136434645496], [-87.82124454969393, 42.011365265491186], [-87.82069266065301, 42.01137540518485], [-87.82063489400825, 42.01137926019094], [-87.82057776783064, 42.01138866477219], [-87.82052181400395, 42.01140353136552], [-87.82046755349661, 42.01142372155275], [-87.82041549151106, 42.01144904734946], [-87.82036611278001, 42.01147927295512], [-87.82031987705324, 42.01151411694868], [-87.8202918282304, 42.011539848691875], [-87.8079266558005, 42.01162052143375], [-87.80663847408071, 42.01162892577683], [-87.80675682026586, 42.00146181061928], [-87.80675452514772, 42.00140193603366], [-87.80674626960122, 42.00134258892317], [-87.80673213595786, 42.00128436114891], [-87.80671226517062, 42.00122783340895], [-87.80668685540832, 42.00117356944715], [-87.80665616007923, 42.001122110431], [-87.80662048530391, 42.00107396955463], [-87.8065801868623, 42.00102962692081], [-87.80653566664556, 42.00098952475289], [-87.80648736864806, 42.000954062984626], [-87.80643577453951, 42.00092359527165], [-87.8063813988613, 42.00089842546455], [-87.80632478389505, 42.000878804578555], [-87.80626649425452, 42.00086492829023], [-87.80620711125478, 42.00085693498601], [-87.80614722711482, 42.000854904382095], [-87.8059037761054, 42.00085881381437], [-87.80584356233666, 42.00086281590429], [-87.8057840551371, 42.00087284625159], [-87.80572585647401, 42.000888803390545], [-87.80566955507777, 42.000910525900736], [-87.8056157204862, 42.00093779404], [-87.80556489728325, 42.00097033196725], [-87.80551759959005, 42.00100781053294], [-87.8054743058641, 42.0010498506086], [-87.80543545405928, 42.00109602692212], [-87.80540143719556, 42.001145872359736], [-87.80537259938325, 42.00119888269127], [-87.80534923234202, 42.00125452167088], [-87.80533157244993, 42.001312226461664], [-87.80531979835222, 42.001371413329224], [-87.80530220659084, 42.001490999877234], [-87.80529936432545, 42.001505271342076], [-87.80528483919828, 42.00150615103265], [-87.80109893421907, 42.00154785122457], [-87.80108471653907, 42.00154728490241], [-87.80108417884898, 42.00153306611095], [-87.80108474359417, 42.001485909887144], [-87.80108252691258, 42.00142670036246], [-87.80107448113156, 42.00136799817426], [-87.80106068471272, 42.001310375780015], [-87.80104127219727, 42.00125439510715], [-87.80101643289395, 42.0012006020732], [-87.80098640903302, 42.001149521262064], [-87.80095149340394, 42.001101650808366], [-87.80091202650021, 42.00105745753964], [-87.80086839319884, 42.00101737242392], [-87.80082101900713, 42.00098178636695], [-87.80077036591311, 42.000951046400175], [-87.80071692788034, 42.00092545229645], [-87.80066122603081, 42.00090525364674], [-87.80060380356299, 42.00089064742612], [-87.80054522045465, 42.00088177607288], [-87.800486048002, 42.000878726099515], [-87.79967968139877, 42.00087703086489], [-87.79966556618204, 42.00087630993029], [-87.7996621019509, 42.00086260744154], [-87.79958481496222, 42.000478777677515], [-87.79957029597712, 42.00042144080308], [-87.79955020227277, 42.00036581202326], [-87.79952472911076, 42.00031243191353], [-87.7994941240278, 42.00026181919778], [-87.79945868443033, 42.00021446570763], [-87.79941875470443, 42.000170831602986], [-87.7993747228692, 42.000131340900474], [-87.79932701680625, 42.00009637735296], [-87.7992761001016, 42.00006628072049], [-87.7992224675409, 42.000041343468595], [-87.79916664030128, 42.000021807926274], [-87.79910916088672, 42.000007863931145], [-87.79905058785633, 41.99999964698468], [-87.79899149039647, 41.99999723693548], [-87.79773152663923, 42.00000801046055], [-87.79767377985073, 42.00001129222038], [-87.79761661737496, 42.00002011904838], [-87.79756057041985, 42.00003440891729], [-87.79750615982691, 42.000054029032086], [-87.79745389123096, 42.00007879706405], [-87.79740425036141, 42.000108482845135], [-87.79735769852829, 42.00014281050691], [-87.79731466833539, 42.00018146104415], [-87.79727555966012, 42.00022407527941], [-87.79724073593735, 42.000270257200796], [-87.79721052078219, 42.000319577642074], [-87.7971851949825, 42.00037157827091], [-87.79716499388964, 42.00042577584813], [-87.79715010523134, 42.000481666718436], [-87.79714066736713, 42.00053873149083], [-87.79713676800259, 42.00059643986531], [-87.79713027881608, 42.00093351705317], [-87.79712934427073, 42.00094733599896], [-87.797115514696, 42.00094809724944], [-87.79118615853993, 42.000987904944346], [-87.79117229162935, 42.000987343390044], [-87.7911625775701, 42.000977431598905], [-87.79095226245347, 42.00074153761673], [-87.79091073574766, 42.00069934865049], [-87.79086525374018, 42.000661457184904], [-87.7908162591701, 42.000628232069836], [-87.79076422896911, 42.00059999673111], [-87.79070966961885, 42.00057702602221], [-87.79065311222067, 42.000559543548704], [-87.79059510732569, 42.000547719491585], [-87.79053621957549, 42.00054166895072], [-87.7904770222057, 42.00054145082434], [-87.79041809146592, 42.000547067235786], [-87.79036000101027, 42.000558463512775], [-87.79030331631319, 42.000575528719644], [-87.79024858916497, 42.000598096737214], [-87.79020065102173, 42.00062069313072], [-87.79019934971998, 42.0006213084285], [-87.78785740690545, 42.00173209439291], [-87.78772579878768, 41.99723283763458], [-87.80753826495385, 41.99712888187654], [-87.82141780195522, 41.99705605612238]]]}, "properties": {"chi_id": "9N10W", "chi_ordinate": "\u03c7:9N10W", "name": "Oriole\u2013Pratt chi", "label": "OriPra", "name_canon": "Oriole\u2013Pratt chi", "label_canon": "OriPra", "center": [-87.814005, 42.006541], "area_sqmi": 1.006, "edge": true, "flag": false}}, {"type": "Feature", "geometry": {"type": "Polygon", "coordinates": [[[-87.89815465831397, 41.99665341881284], [-87.89886976331798, 42.00695242644803], [-87.89837633800201, 42.006805853243705], [-87.89834431740503, 42.00679432613315], [-87.89622158550453, 42.005890978816566], [-87.8961631897086, 42.0058696291168], [-87.89610289802258, 42.00585443730134], [-87.89604135789183, 42.00584556650828], [-87.89597923016825, 42.005843111997095], [-87.89591718201362, 42.00584710012568], [-87.89585587973528, 42.0058574880673], [-87.8957959816309, 42.00587416427052], [-87.89576902175735, 42.00588319943119], [-87.89575532777918, 42.005877766190075], [-87.89544290951244, 42.00573531997594], [-87.89539166919992, 42.005714749323154], [-87.89533875483892, 42.00569897618832], [-87.89528461454371, 42.005688134148926], [-87.89522970681064, 42.005682315022625], [-87.89517449663518, 42.00568156808969], [-87.89431429512716, 42.00570953523232], [-87.8943006614603, 42.00570932845227], [-87.89430024837249, 42.00569569947621], [-87.89432357870042, 42.00435241097996], [-87.89432168023724, 42.00429317809147], [-87.89431394761263, 42.00423442142583], [-87.89430045626561, 42.00417671420966], [-87.89428133781699, 42.00412061943126], [-87.89425677878526, 42.00406668434805], [-87.8942270187669, 42.00401543514757], [-87.89419234809895, 42.00396737181409], [-87.89415310502646, 42.0039229632507], [-87.89410967240255, 42.0038826427048], [-87.89406247395341, 42.00384680354131], [-87.89401197014439, 42.003815795405025], [-87.89395865368773, 42.00378992080955], [-87.89390304473572, 42.00376943218594], [-87.89384568580607, 42.00375452942003], [-87.89378713648921, 42.003745357902346], [-87.8937279679889, 42.00374200710968], [-87.89366875754959, 42.00374450973217], [-87.89361008282495, 42.003752841354384], [-87.89355251624218, 42.003766920693494], [-87.89349661941755, 42.00378661039227], [-87.89344293767726, 42.00381171835916], [-87.89339199473729, 42.003841999642276], [-87.89334428759399, 42.00387715881917], [-87.89330028167552, 42.003916852878945], [-87.89328142229655, 42.00393758815861], [-87.89327066625728, 42.00394827767268], [-87.89325602768564, 42.00394950052795], [-87.89191057160262, 42.00399447943771], [-87.89189514192445, 42.00399419388073], [-87.8918805425006, 42.00398919254781], [-87.8900168063534, 42.00324054589248], [-87.89000422972325, 42.003234754394605], [-87.89001361682278, 42.00322457621036], [-87.89020972819307, 42.003032030501345], [-87.89024984739166, 42.002988553514605], [-87.8902854900248, 42.00294133697963], [-87.89031630958682, 42.00289083991964], [-87.89034200646037, 42.00283755325], [-87.8903623308291, 42.00278199500572], [-87.89037708510638, 42.002724705305305], [-87.89038612585608, 42.002666241099874], [-87.8903893651871, 42.0026071707587], [-87.89039091692023, 42.00232320359835], [-87.89039173172911, 42.00230870316365], [-87.89040618824558, 42.002307311887186], [-87.89687640509993, 42.002014174732224], [-87.89693645471779, 42.00200841846055], [-87.89699562281498, 42.001996661439634], [-87.8970533112857, 42.001979022516345], [-87.897108936981, 42.00195567999526], [-87.89716193760371, 42.00192686983629], [-87.89721177739244, 42.00189288326942], [-87.89725795253734, 42.00185406385083], [-87.89729999627298, 42.00181080398996], [-87.89733748359659, 42.00176354098289], [-87.89737003556428, 42.001712752591835], [-87.8973973231217, 42.00165895221564], [-87.89741907043016, 42.00160268370009], [-87.89743505765514, 42.001544515840365], [-87.89744512318838, 42.00148503663132], [-87.89744916528156, 42.00142484732371], [-87.89745512115965, 42.00106959671257], [-87.8974533024729, 42.00101178994038], [-87.89744592658352, 42.0009544268269], [-87.89743306202439, 42.000898040359985], [-87.89741482832623, 42.000843154453015], [-87.89739139490698, 42.000790279076945], [-87.89736297949761, 42.000739905521954], [-87.89732984611916, 42.00069250183259], [-87.89729230262957, 42.00064850845899], [-87.89725069786314, 42.00060833416442], [-87.8972054183895, 42.000572352227294], [-87.89715688492169, 42.000540896972836], [-87.89710554840711, 42.000514260666705], [-87.89705188583767, 42.00049269079945], [-87.89699639581772, 42.00047638778691], [-87.89693959393131, 42.00046550310811], [-87.88941352827327, 41.99939635358224], [-87.8893945781063, 41.9993930383439], [-87.88498001029821, 41.9984739169706], [-87.88496639985897, 41.99847039866771], [-87.88495460321654, 41.99845488499233], [-87.88494341139807, 41.998438645419924], [-87.88490575773994, 41.99839401236218], [-87.88486394368618, 41.998353250950025], [-87.88481836529807, 41.99831674727417], [-87.88476945429258, 41.99828484709619], [-87.88471767395309, 41.99825785257349], [-87.88466351474122, 41.99823601939728], [-87.8846074896512, 41.99821955437067], [-87.88455292531698, 41.99820636583491], [-87.884539661323, 41.99820248120666], [-87.88453904627339, 41.99818867376004], [-87.88454377443493, 41.99672483494748], [-87.89815465831397, 41.99665341881284]]]}, "properties": {"chi_id": "9N14W", "chi_ordinate": "\u03c7:9N14W", "name": "\u03c7:9N14W chi", "label": "\u03c7:9N14W", "name_canon": "\u03c7:9N14W chi", "label_canon": "\u03c7:9N14W", "center": [-87.897915, 42.001787], "area_sqmi": 0.235, "edge": true, "flag": false}}, {"type": "Feature", "geometry": {"type": "Polygon", "coordinates": [[[-87.89886976331798, 42.00695242644803], [-87.89815465831397, 41.99665341881284], [-87.91504881970937, 41.99656477536282], [-87.91568115425059, 42.00504853311297], [-87.91436597889742, 42.00507233895764], [-87.914307914969, 42.00507621244846], [-87.91425049937783, 42.00508569261753], [-87.91419427221703, 42.005100690287435], [-87.91413976240045, 42.0051210643791], [-87.91408748268736, 42.00514662323889], [-87.91403792485904, 42.00517712644146], [-87.91399155509274, 42.005212287051336], [-87.91394880957641, 42.005251774322055], [-87.91391009040572, 42.00529521680744], [-87.91387576180156, 42.00534220585564], [-87.91384614668391, 42.00539229945324], [-87.91382152363427, 42.005445026383185], [-87.91380212427507, 42.005499890657326], [-87.9137881310909, 42.00555637618212], [-87.91377967571191, 42.00561395161335], [-87.91377683767557, 42.00567207535432], [-87.91377600396254, 42.00869761992567], [-87.91377534095217, 42.008711364683236], [-87.91376162973528, 42.008712531075005], [-87.91333104638144, 42.00872844393808], [-87.91331671725996, 42.00872825422946], [-87.91331596943438, 42.008713943377934], [-87.91331204270219, 42.00677963510438], [-87.91330920281436, 42.00672253266059], [-87.91330094080016, 42.00666595975921], [-87.91328733167762, 42.00661043007496], [-87.91326849901584, 42.006556447810276], [-87.91324461381298, 42.00650450311725], [-87.91321589294364, 42.006455067647046], [-87.91318259718965, 42.00640859026744], [-87.9131450288722, 42.00636549298709], [-87.9131035291068, 42.00632616712382], [-87.91305847470606, 42.006290969751426], [-87.91303673386746, 42.00627559528527], [-87.91303596174684, 42.00626095375599], [-87.91303452784963, 42.00569695418797], [-87.91303148317112, 42.00563809203149], [-87.91302267785345, 42.00557981261906], [-87.91300819686849, 42.00552267835082], [-87.91298817995872, 42.005467240576195], [-87.91296282028863, 42.00541403427332], [-87.91293236258066, 42.005363572886516], [-87.91289710075372, 42.005316343371454], [-87.91285737508673, 42.00527280149604], [-87.91281356893498, 42.00523336744222], [-87.91276610503068, 42.005198421751196], [-87.91271544140362, 42.00516830165116], [-87.91266206696112, 42.00514329780305], [-87.91260649677004, 42.005123651495644], [-87.91254926708633, 42.00510955231709], [-87.91249093018021, 42.005101136325365], [-87.91243204900663, 42.005098484735356], [-87.91135137293735, 42.00510295297663], [-87.9113286370139, 42.005103477984115], [-87.9082548806863, 42.005232775573425], [-87.90819773432264, 42.00523792538483], [-87.90814134117552, 42.005248510298415], [-87.90808621696459, 42.005264433514334], [-87.90803286580493, 42.005285549413564], [-87.90798177559698, 42.0053116648896], [-87.90793341356458, 42.005342541114416], [-87.9078882219822, 42.00537789572259], [-87.9078466141303, 42.00541740539353], [-87.90780897051589, 42.005460708808286], [-87.90777563539264, 42.005507409953836], [-87.90774691361283, 42.00555708174464], [-87.90772306783931, 42.005609269928385], [-87.90770431614351, 42.00566349724015], [-87.9076908300111, 42.00571926776704], [-87.90768273277381, 42.00577607148334], [-87.90768009848146, 42.00583338891472], [-87.90768597252475, 42.008915583344645], [-87.9076853363841, 42.00892936057421], [-87.90767159225841, 42.008930507630275], [-87.90577219234095, 42.00899742949265], [-87.90575611119786, 42.00899712751365], [-87.90574046838337, 42.00899338629506], [-87.89886976331798, 42.00695242644803]]]}, "properties": {"chi_id": "9N15W", "chi_ordinate": "\u03c7:9N15W", "name": "\u03c7:9N15W chi", "label": "\u03c7:9N15W", "name_canon": "\u03c7:9N15W chi", "label_canon": "\u03c7:9N15W", "center": [-87.906907, 42.000851], "area_sqmi": 0.615, "edge": true, "flag": false}}, {"type": "Feature", "geometry": {"type": "Polygon", "coordinates": [[[-87.91504881970937, 41.99656477536282], [-87.93194207725476, 41.996476136655296], [-87.93786926182763, 41.99644503679321], [-87.93762710931088, 41.99702438355285], [-87.93762026594862, 41.99703859756141], [-87.93761196265967, 41.9970520111756], [-87.93727858172781, 41.997531984010045], [-87.93724760998101, 41.99758156695878], [-87.93722161065067, 41.99763392870748], [-87.93720083056562, 41.99768857215146], [-87.93718546700491, 41.99774497852439], [-87.93717566582501, 41.997802612323305], [-87.93717152007498, 41.99786092639246], [-87.93717306911317, 41.997919367117866], [-87.93718029823354, 41.997977379683086], [-87.93719313880527, 41.99803441333651], [-87.93721146892432, 41.99808992661997], [-87.93723511457075, 41.998143392509185], [-87.93726385126084, 41.99819430341713], [-87.93729740617817, 41.998242176012916], [-87.93733546076376, 41.998286555810346], [-87.93737765374027, 41.998327021482694], [-87.9374235845419, 41.99836318886257], [-87.93747281711718, 41.99839471458915], [-87.93752488406874, 41.99842129936787], [-87.93757929109061, 41.99844269081186], [-87.93763552166098, 41.99845868583801], [-87.93769304194586, 41.998469132594956], [-87.93775130586721, 41.99847393190474], [-87.9378097602871, 41.99847303820434], [-87.9378678502591, 41.99846645997824], [-87.94001353419226, 41.998116890475835], [-87.94002533437929, 41.99811579519043], [-87.94002651860504, 41.998129796794665], [-87.94011947918067, 42.00078214002708], [-87.94011927339209, 42.00079631240027], [-87.94010513391187, 42.000797299116456], [-87.93570350970354, 42.000885862983836], [-87.93564452761163, 42.00088996341981], [-87.93558623545533, 42.00089984902832], [-87.93552919926779, 42.00091542381735], [-87.93547397288636, 42.00093653655133], [-87.93542109257466, 42.000962982219704], [-87.9353710718153, 42.00099450402763], [-87.93532439632386, 42.00103079588955], [-87.93528151933243, 42.001071505401306], [-87.93524285718858, 42.00111623726216], [-87.93520878531257, 42.00116455711321], [-87.93517963455182, 42.00121599575521], [-87.9351556879684, 42.00127005370452], [-87.93513717809032, 42.00132620604335], [-87.93512428465368, 42.00138390751676], [-87.93511713285737, 42.0014425978273], [-87.93511579214731, 42.00150170707563], [-87.93529260464287, 42.00814414733839], [-87.93529228024781, 42.008158308130746], [-87.93527814331114, 42.008159191474604], [-87.93360052481314, 42.00818081280264], [-87.93358664879825, 42.008180319674565], [-87.93358549830901, 42.008166482646864], [-87.93349145843267, 42.00544526559369], [-87.93349158672038, 42.0054320316733], [-87.93349403746903, 42.005419078703156], [-87.93361364928776, 42.00491025382346], [-87.93361752600732, 42.004896755911595], [-87.93363152987736, 42.00489781146765], [-87.93368858447957, 42.00490492457423], [-87.933745673944, 42.00490928899879], [-87.93380291948105, 42.004908191894344], [-87.93385979979774, 42.004901643251394], [-87.93391579692687, 42.00488970270363], [-87.93397040094378, 42.00487247898483], [-87.93402311460984, 42.00485012893872], [-87.9340734579005, 42.00482285609074], [-87.93412097237643, 42.00479090879465], [-87.93416522535827, 42.004754577970964], [-87.93420581386667, 42.004714194457776], [-87.93424236829193, 42.004670125998025], [-87.9342745557598, 42.00462277389075], [-87.93430208316269, 42.004572569336766], [-87.9343246998288, 42.004519969512], [-87.93434219980479, 42.004465453404364], [-87.93435442373124, 42.00440951745195], [-87.93436126029385, 42.0043526710223], [-87.93436264723708, 42.00429543177406], [-87.93432137180619, 42.00253977260105], [-87.9343168092852, 42.002478697777654], [-87.93430604444508, 42.00241840624536], [-87.934289189448, 42.00235952620016], [-87.93426641991132, 42.002302671131346], [-87.93423797307788, 42.00224843342935], [-87.93420414534398, 42.002197378213474], [-87.93416528917116, 42.00215003744369], [-87.93412180941384, 42.00210690437804], [-87.93407415910096, 42.002068428433184], [-87.93402283471579, 42.00203501050182], [-87.93396837102286, 42.00200699877565], [-87.93391133549615, 42.00198468511745], [-87.9338952623586, 42.00197932548204], [-87.93387833301242, 42.00197176442873], [-87.93382493409317, 42.00195091437634], [-87.9337697891146, 42.00193525549383], [-87.93371340145377, 42.001924930719355], [-87.93365628583122, 42.00192003430003], [-87.93359896361251, 42.00192061093157], [-87.93354195804908, 42.00192665535035], [-87.93348578950182, 42.00193811238142], [-87.93343097069118, 42.001954877442145], [-87.93337800201684, 42.0019767974969], [-87.93332736699, 42.002003672454], [-87.93327952781974, 42.00203525699216], [-87.93243400783746, 42.00265344614141], [-87.9304210053354, 42.00412522248055], [-87.9304096458348, 42.00413269339159], [-87.9304086824957, 42.00411913150574], [-87.9303806779519, 42.00280769921134], [-87.93037657994924, 42.002749348591], [-87.93036681954791, 42.00269167430657], [-87.93035148951479, 42.00263522451823], [-87.93033073555286, 42.00258053574806], [-87.93030475491632, 42.002528127780685], [-87.93027379453585, 42.00247849872306], [-87.9302381486717, 42.00243212027022], [-87.93019815611686, 42.00238943322211], [-87.93015419697707, 42.00235084329405], [-87.93010668905812, 42.00231671726064], [-87.93005608389488, 42.00228737946977], [-87.9300028624597, 42.00226310875992], [-87.92994753059106, 42.00224413580992], [-87.92989061418587, 42.002230640946514], [-87.9298326542011, 42.00222275243046], [-87.92977420151239, 42.00222054523746], [-87.92548369271388, 42.002267838047246], [-87.92546967637723, 42.002267305918245], [-87.92546878234083, 42.00225330800579], [-87.9254599113397, 42.00165451543009], [-87.92545614018744, 42.001595656317065], [-87.92544660841664, 42.00153745183166], [-87.92543140813116, 42.001480464393595], [-87.92541068620869, 42.00142524466248], [-87.92538464288153, 42.00137232621687], [-87.92535352980175, 42.001322220398414], [-87.9253176476096, 42.00127541137085], [-87.9252773430284, 42.001232351441566], [-87.92523300551422, 42.00119345669112], [-87.92518506349269, 42.00115910295264], [-87.92513398021914, 42.00112962218027], [-87.92508024930228, 42.001105299241544], [-87.9250243899345, 42.00108636916473], [-87.9249669418751, 42.001073014867856], [-87.92490846023455, 42.00106536539114], [-87.92484951011068, 42.001063494650126], [-87.92111076208046, 42.0011287274216], [-87.92105270978206, 42.001132561373815], [-87.92099530171191, 42.001141999701126], [-87.92093907762845, 42.00115695366309], [-87.92088456615808, 42.00117728266056], [-87.92083227982499, 42.00120279555754], [-87.92078271023236, 42.00123325247835], [-87.92073632344015, 42.0012683670629], [-87.92069355558326, 42.001307809159144], [-87.92065480877082, 42.00135120792717], [-87.92062044730561, 42.00139815532591], [-87.92059079425874, 42.00144820994959], [-87.92056612843218, 42.001500901177884], [-87.92054668173733, 42.00155573360077], [-87.92053263701466, 42.00161219167641], [-87.92052412631453, 42.00166974457836], [-87.9205212296557, 42.00172785118648], [-87.92051701903075, 42.004946452889385], [-87.92051632711545, 42.004960338319854], [-87.92050245525935, 42.004961263272754], [-87.91568115425059, 42.00504853311297], [-87.91504881970937, 41.99656477536282]]]}, "properties": {"chi_id": "9N16W", "chi_ordinate": "\u03c7:9N16W", "name": "\u03c7:9N15W chi", "label": "\u03c7:9N15W", "name_canon": "\u03c7:9N15W chi", "label_canon": "\u03c7:9N15W", "center": [-87.917999, 42.00231], "area_sqmi": 0.528, "edge": true, "flag": false}}, {"type": "Feature", "geometry": {"type": "Polygon", "coordinates": [[[-87.67012785666816, 41.99784987254152], [-87.67052712559253, 42.01251694215876], [-87.66115496021142, 42.01257808795215], [-87.66094655159661, 42.01224699694055], [-87.66093966209131, 42.012234810804294], [-87.66093962576558, 42.01223394883349], [-87.66093992995596, 42.01218002762328], [-87.6609350138376, 42.01212418959871], [-87.66092490829108, 42.012069054028174], [-87.66090970151681, 42.01201510213085], [-87.66088952623844, 42.01196280479488], [-87.66086455854425, 42.011912618467505], [-87.66083501635042, 42.011864981171264], [-87.66080115749905, 42.011820308680946], [-87.66076327750766, 42.0117789908947], [-87.6592322007318, 42.010258132651266], [-87.659222552871, 42.01024758405528], [-87.65921509117189, 42.01023539073196], [-87.65900499921892, 42.009851952947095], [-87.65897172142904, 42.009798157225376], [-87.6589329649126, 42.009748163991745], [-87.65888916044732, 42.009702528919746], [-87.65650305392333, 42.007465673645854], [-87.65646360109383, 42.00743177881673], [-87.65642136096481, 42.00740142825337], [-87.65569417295018, 42.00692531709226], [-87.6556432246004, 42.006895434666816], [-87.65558958499777, 42.00687070640921], [-87.65553377395378, 42.00685137195643], [-87.65547633232299, 42.0068376186751], [-87.65541781676166, 42.006829579845736], [-87.65535879433331, 42.00682733337115], [-87.65529983701344, 42.00683090102151], [-87.65524151614657, 42.006840248223384], [-87.65518439690948, 42.00685528439475], [-87.65512903283417, 42.00687586382285], [-87.65507596044371, 42.00690178707623], [-87.65507418477634, 42.00690276545944], [-87.65507975487972, 42.00689810116522], [-87.65583744113795, 42.00632450747614], [-87.65585027976259, 42.006315808777096], [-87.65586574916435, 42.00631471549897], [-87.65682409584863, 42.00629740342983], [-87.65688139015533, 42.00629362053107], [-87.65693806050321, 42.006284378259984], [-87.65699358789452, 42.00626976125904], [-87.65704746379896, 42.006249903393496], [-87.65709919481081, 42.00622498652541], [-87.65714830716773, 42.00619523884818], [-87.65719435108949, 42.00616093279663], [-87.65723690489715, 42.006122382552064], [-87.65727557887492, 42.006079941164884], [-87.65731001883923, 42.006033997321325], [-87.65733990938237, 42.00598497178376], [-87.65736497676114, 42.00593331353733], [-87.65738499140373, 42.00587949567797], [-87.65739977001228, 42.005824011079824], [-87.65740917724149, 42.005767367881276], [-87.6574131269382, 42.005710084831435], [-87.65741158293032, 42.00565268653928], [-87.65740455935818, 42.00559569866919], [-87.657392120545, 42.00553964312683], [-87.65737438040773, 42.005485033279435], [-87.65705857551573, 42.00465100229816], [-87.65703569975858, 42.0045983448438], [-87.6570078959015, 42.00454811483986], [-87.65697541851257, 42.004500772184954], [-87.65693856495005, 42.004456750341575], [-87.65689767263981, 42.00441645236733], [-87.65685311598592, 42.00438024722462], [-87.65680530294263, 42.004348466402476], [-87.65675467127922, 42.00432140088151], [-87.65673131195764, 42.004310316654404], [-87.65671988251492, 42.00430418866909], [-87.65672939709745, 42.00430132474639], [-87.6567864694688, 42.0042809498022], [-87.6568411954867, 42.00425492180025], [-87.6568930168859, 42.00422350625465], [-87.65694140503145, 42.00418702363832], [-87.65698586631126, 42.00414584611389], [-87.65702594717168, 42.00410039373717], [-87.65706123874403, 42.004051130172115], [-87.6570913810157, 42.003998557961005], [-87.6571160665025, 42.003943213397925], [-87.65713504338548, 42.00388566105797], [-87.65714811807965, 42.00382648803799], [-87.65715515720882, 42.00376629796753], [-87.65715608896619, 42.00370570485117], [-87.65715090384681, 42.00364532680501], [-87.65713965474455, 42.00358577975118], [-87.6569255947942, 42.00270044975141], [-87.65690741781333, 42.00263958082634], [-87.65688290724654, 42.00258097484723], [-87.65685233784562, 42.002525288759195], [-87.65605613311266, 42.001241117616786], [-87.65604873456637, 42.00122768882699], [-87.6560442355326, 42.00121303176066], [-87.65565842252582, 41.99967896575751], [-87.6556403980488, 41.999620204435494], [-87.65561645657453, 41.99956359542079], [-87.65558684934051, 41.99950973275813], [-87.65555188703966, 41.99945918167252], [-87.654571556292, 41.998186407043264], [-87.65456277067469, 41.99817367836046], [-87.65455990123658, 41.998158480572506], [-87.65452923513489, 41.99793171831036], [-87.67012785666816, 41.99784987254152]]]}, "properties": {"chi_id": "9N2W", "chi_ordinate": "\u03c7:9N2W", "name": "Sheridan\u2013Pratt chi", "label": "ShePra", "name_canon": "Racine\u2013Pratt chi", "label_canon": "RacPra", "center": [-87.66377, 42.005068], "area_sqmi": 0.68, "edge": true, "flag": false}}, {"type": "Feature", "geometry": {"type": "Polygon", "coordinates": [[[-87.67052712559253, 42.01251694215876], [-87.67012785666816, 41.99784987254152], [-87.68970232906483, 41.99774716553377], [-87.69011539862242, 42.01238914453177], [-87.67052712559253, 42.01251694215876]]]}, "properties": {"chi_id": "9N3W", "chi_ordinate": "\u03c7:9N3W", "name": "Ridge\u2013Pratt chi", "label": "RidPra", "name_canon": "Damen\u2013Pratt chi", "label_canon": "DamPra", "center": [-87.680118, 42.00512], "area_sqmi": 1.017, "edge": false, "flag": false}}, {"type": "Feature", "geometry": {"type": "Polygon", "coordinates": [[[-87.69011539862242, 42.01238914453177], [-87.68970232906483, 41.99774716553377], [-87.70918362332823, 41.99764494743049], [-87.70942166034236, 42.006407848324244], [-87.70923688982752, 42.01226439227837], [-87.69011539862242, 42.01238914453177]]]}, "properties": {"chi_id": "9N4W", "chi_ordinate": "\u03c7:9N4W", "name": "California\u2013Pratt chi", "label": "CalPra", "name_canon": "California\u2013Pratt chi", "label_canon": "CalPra", "center": [-87.699564, 42.002078], "area_sqmi": 1.006, "edge": true, "flag": false}}, {"type": "Feature", "geometry": {"type": "Polygon", "coordinates": [[[-87.70942166034236, 42.006407848324244], [-87.70918362332823, 41.99764494743049], [-87.70956836315688, 41.997642928705496], [-87.70955916009692, 41.997655569499194], [-87.70952956053105, 41.99770585576448], [-87.70950498558064, 41.99775877943203], [-87.70948566767298, 41.99781383995527], [-87.70947178951486, 41.99787051657746], [-87.70946348236448, 41.99792827325696], [-87.70946082478999, 41.997986563737086], [-87.7094809839792, 42.00452180635082], [-87.70948083622413, 42.004532191091], [-87.70942166034236, 42.006407848324244]]]}, "properties": {"chi_id": "9N5W", "chi_ordinate": "\u03c7:9N5W", "name": "Troy\u2013Pratt chi", "label": "TroPra", "name_canon": "Central Park\u2013Pratt chi", "label_canon": "CenPra", "center": [-87.709376, 42.001254], "area_sqmi": 0.005, "edge": true, "flag": false}}, {"type": "Feature", "geometry": {"type": "Polygon", "coordinates": [[[-87.76168505944767, 42.00828012986761], [-87.76167075106304, 42.00827928737788], [-87.76167066078227, 42.00826495449578], [-87.76189034461987, 42.00326292250163], [-87.76189173651966, 42.00324810638405], [-87.76189459416446, 42.00323350198078], [-87.76215732639565, 42.002173701578094], [-87.76216868291175, 42.002115857757275], [-87.76217430850788, 42.002057178708775], [-87.76217414888335, 42.001998230828534], [-87.7621682055789, 42.00193958310737], [-87.76215653596192, 42.00188180163885], [-87.7621392526727, 42.001825444155074], [-87.76211652253708, 42.001771054643214], [-87.76208856495637, 42.00171915809472], [-87.76205564978939, 42.00167025543787], [-87.76201809474777, 42.001624818702574], [-87.76197626232928, 42.001583286464154], [-87.76193055631879, 42.001546059610014], [-87.76188141789076, 42.00151349747009], [-87.7618293213509, 42.00148591434846], [-87.7531310759146, 41.997414355705594], [-87.76656197158901, 41.99734388396678], [-87.78772579878768, 41.99723283763458], [-87.78785740690545, 42.00173209439291], [-87.78285292654702, 42.00410572474238], [-87.78280010017751, 42.00413409661614], [-87.7827503695225, 42.00416759960836], [-87.78270423127911, 42.00420589909965], [-87.78266214626443, 42.00424861256444], [-87.78262453481285, 42.00429531339148], [-87.78259177257802, 42.004345535144786], [-87.78256418678082, 42.00439877622224], [-87.78254205294117, 42.004454504865485], [-87.78252559212623, 42.004512164470995], [-87.78251496874248, 42.00457117914928], [-87.78251028889353, 42.00463095947673], [-87.78251159932054, 42.004690908382614], [-87.7825188869353, 42.0047504271125], [-87.78253207895096, 42.00480892120843], [-87.78255104360903, 42.00486580644623], [-87.78257559149532, 42.004920514670616], [-87.78260547743177, 42.00497249946972], [-87.78264040292525, 42.00502124163259], [-87.78268001914878, 42.005066254334885], [-87.78272393042563, 42.00510708800117], [-87.7830985637378, 42.00542206632731], [-87.78310764309107, 42.00543035985745], [-87.78311601103503, 42.00543937067343], [-87.78813766770017, 42.01131330637406], [-87.7881504281601, 42.011749545312455], [-87.7732929995223, 42.011846478008884], [-87.77061900787692, 42.00669166602092], [-87.77058967870134, 42.00664127802867], [-87.77055559755155, 42.00659397448195], [-87.7705170862246, 42.00655020202485], [-87.77047450834772, 42.00651037396058], [-87.77042826594479, 42.00647486634908], [-87.77037879564047, 42.00644401445621], [-87.77032656453754, 42.006418109588125], [-87.77027206580648, 42.00639739634079], [-87.77021581402887, 42.006382070290414], [-87.77015834033877, 42.00637227614686], [-87.77010018740755, 42.006368106387264], [-87.77004190432012, 42.00636960038283], [-87.76998404139029, 42.00637674402714], [-87.76995424451046, 42.00638190307234], [-87.7699470955562, 42.00636955307539], [-87.76928551296118, 42.005081071114425], [-87.76925714749986, 42.005031735762884], [-87.76922423555793, 42.00498530968846], [-87.76918707321273, 42.00494221054221], [-87.76914599477838, 42.00490282604602], [-87.76910136979836, 42.0048675105046], [-87.769053599721, 42.00483658161816], [-87.76900311428808, 42.004810317624354], [-87.76839243316454, 42.004528575654675], [-87.76833733514069, 42.00450639346106], [-87.76828031390059, 42.0044897675739], [-87.76822192822738, 42.004478860919605], [-87.76816275027498, 42.00447378037858], [-87.76810335996139, 42.00447457573791], [-87.76804433928558, 42.004481239203415], [-87.76798626662426, 42.00449370547606], [-87.76792971106403, 42.00451185239184], [-87.76787522682454, 42.00453550211897], [-87.76782334782743, 42.00456442290048], [-87.76777458246407, 42.004598331325425], [-87.76772940861362, 42.004636895106124], [-87.76768826896, 42.00467973633446], [-87.76765156665373, 42.0047264351852], [-87.76761966136131, 42.00477653403011], [-87.7675928657406, 42.0048295419225], [-87.76757144237689, 42.004884939408306], [-87.76755560120978, 42.004942183616485], [-87.76754549747574, 42.00500071357893], [-87.76754123018691, 42.00505995572771], [-87.76746832687475, 42.00831540362964], [-87.76746733677524, 42.00832931588033], [-87.76745340051289, 42.00832987409894], [-87.76674559059413, 42.0083237701845], [-87.76168505944767, 42.00828012986761]]]}, "properties": {"chi_id": "9N8W", "chi_ordinate": "\u03c7:9N8W", "name": "Mason\u2013Pratt chi", "label": "MasPra", "name_canon": "Austin\u2013Pratt chi", "label_canon": "AusPra", "center": [-87.775479, 42.00455], "area_sqmi": 1.142, "edge": true, "flag": false}}, {"type": "Feature", "geometry": {"type": "Polygon", "coordinates": [[[-87.78813766770017, 42.01131330637406], [-87.788508612728, 42.01174720844806], [-87.78871934130892, 42.0119937020292], [-87.78872755537468, 42.0120043339728], [-87.78871413613784, 42.01200499214134], [-87.78815789165314, 42.012004698049935], [-87.7881504281601, 42.011749545312455], [-87.78813766770017, 42.01131330637406]]]}, "properties": {"chi_id": "9N9W", "chi_ordinate": "\u03c7:9N9W", "name": "Nagle\u2013Pratt chi", "label": "NagPra", "name_canon": "Oak Park\u2013Pratt chi", "label_canon": "OakPra", "center": [-87.788234, 42.01153], "area_sqmi": 0.001, "edge": true, "flag": false}}, {"type": "Feature", "geometry": {"type": "Polygon", "coordinates": [[[-87.62451320409961, 41.7508765894158], [-87.62488475620985, 41.76540081297995], [-87.60555163991182, 41.76568008999127], [-87.60520954313164, 41.751179297705], [-87.62451320409961, 41.7508765894158]]]}, "properties": {"chi_id": "9S1E", "chi_ordinate": "\u03c7:9S1E", "name": "Dr Martin Luther King Jr\u201375th chi", "label": "Dr75", "name_canon": "Martin Luther King\u201375th chi", "label_canon": "Mar75", "center": [-87.61504, 41.75829], "area_sqmi": 0.994, "edge": false, "flag": false}}, {"type": "Feature", "geometry": {"type": "Polygon", "coordinates": [[[-87.62488475620985, 41.76540081297995], [-87.62451320409961, 41.7508765894158], [-87.64384899201434, 41.750573377331335], [-87.64424698705008, 41.76512111539378], [-87.62488475620985, 41.76540081297995]]]}, "properties": {"chi_id": "9S1W", "chi_ordinate": "\u03c7:9S1W", "name": "Stewart\u201375th chi", "label": "Ste75", "name_canon": "River\u201375th chi", "label_canon": "Riv75", "center": [-87.634374, 41.757999], "area_sqmi": 0.997, "edge": false, "flag": false}}, {"type": "Feature", "geometry": {"type": "Polygon", "coordinates": [[[-87.60520954313164, 41.751179297705], [-87.60555163991182, 41.76568008999127], [-87.58612475791631, 41.76596072149731], [-87.58567353084122, 41.75148564958655], [-87.60520954313164, 41.751179297705]]]}, "properties": {"chi_id": "9S2E", "chi_ordinate": "\u03c7:9S2E", "name": "Woodlawn\u201375th chi", "label": "Woo75", "name_canon": "Woodlawn\u201375th chi", "label_canon": "Woo75", "center": [-87.595639, 41.758583], "area_sqmi": 1.001, "edge": false, "flag": false}}, {"type": "Feature", "geometry": {"type": "Polygon", "coordinates": [[[-87.64424698705008, 41.76512111539378], [-87.64384899201434, 41.750573377331335], [-87.6633881220689, 41.750266976558905], [-87.66378480040575, 41.76483888142603], [-87.64424698705008, 41.76512111539378]]]}, "properties": {"chi_id": "9S2W", "chi_ordinate": "\u03c7:9S2W", "name": "Racine\u201375th chi", "label": "Rac75", "name_canon": "Racine\u201375th chi", "label_canon": "Rac75", "center": [-87.653817, 41.757706], "area_sqmi": 1.009, "edge": false, "flag": false}}, {"type": "Feature", "geometry": {"type": "Polygon", "coordinates": [[[-87.58567353084122, 41.75148564958655], [-87.58612475791631, 41.76596072149731], [-87.56678957758311, 41.7662400283247], [-87.5662556761277, 41.75179014859272], [-87.58567353084122, 41.75148564958655]]]}, "properties": {"chi_id": "9S3E", "chi_ordinate": "\u03c7:9S3E", "name": "Jeffery\u201375th chi", "label": "Jef75", "name_canon": "Jeffery\u201375th chi", "label_canon": "Jef75", "center": [-87.576211, 41.758875], "area_sqmi": 0.994, "edge": false, "flag": false}}, {"type": "Feature", "geometry": {"type": "Polygon", "coordinates": [[[-87.66378480040575, 41.76483888142603], [-87.6633881220689, 41.750266976558905], [-87.68271203745444, 41.74996395065223], [-87.6831237977193, 41.76455951946035], [-87.66378480040575, 41.76483888142603]]]}, "properties": {"chi_id": "9S3W", "chi_ordinate": "\u03c7:9S3W", "name": "Damen\u201375th chi", "label": "Dam75", "name_canon": "Damen\u201375th chi", "label_canon": "Dam75", "center": [-87.673252, 41.757413], "area_sqmi": 1.0, "edge": false, "flag": false}}, {"type": "Feature", "geometry": {"type": "Polygon", "coordinates": [[[-87.5662556761277, 41.75179014859272], [-87.56678957758311, 41.7662400283247], [-87.56023292400491, 41.766334742626704], [-87.56025763967355, 41.766319673892625], [-87.56030451089482, 41.76628438627685], [-87.560347711644, 41.766244689646264], [-87.56038682885867, 41.76620096355878], [-87.56042148852096, 41.76615362609983], [-87.56045135923375, 41.76610312988485], [-87.56047615538928, 41.766049957731596], [-87.56049563989998, 41.765994618043734], [-87.5605096264654, 41.76593763994972], [-87.5605179813535, 41.76587956824357], [-87.5605206246793, 41.765820958175844], [-87.56051985780584, 41.76562131545379], [-87.56051651715575, 41.76556035168036], [-87.5605069982407, 41.76550004304192], [-87.5604913996275, 41.76544101402464], [-87.56046988283727, 41.76538387586443], [-87.56044267067287, 41.765329220217666], [-87.56041004491186, 41.765277613034705], [-87.5603723433887, 41.765229588699555], [-87.56032133248331, 41.765171010959094], [-87.56028149457345, 41.76512946746776], [-87.56023785929034, 41.765091932380145], [-87.5601908281902, 41.76505875111504], [-87.56014083407943, 41.76503022902496], [-87.56008833703171, 41.76500662858608], [-87.56003382015416, 41.764988166982796], [-87.55997778514147, 41.76497501410907], [-87.55992074765908, 41.76496729100499], [-87.55986323259769, 41.76496506874287], [-87.559848288456, 41.76496520869414], [-87.55983684521676, 41.76495540295593], [-87.55961961979757, 41.7647490388077], [-87.55960871662992, 41.764737512471406], [-87.55960199951474, 41.76472313833302], [-87.55952741450469, 41.764538410343], [-87.55952270270733, 41.7645248990011], [-87.5595240556285, 41.76449788526399], [-87.55952471795429, 41.764491060881205], [-87.55952456157702, 41.76443146143535], [-87.55951849310058, 41.76437217153744], [-87.55950657240261, 41.76431377620064], [-87.55948891710457, 41.76425685161147], [-87.55946570141121, 41.764201959444605], [-87.5594371543917, 41.76414964132081], [-87.55940355771932, 41.76410041346279], [-87.5593652428923, 41.76405476160159], [-87.55932258796288, 41.76401313618392], [-87.55927601380704, 41.7639759479276], [-87.55922597997177, 41.76394356376898], [-87.55917298014072, 41.763916303242425], [-87.55911753726296, 41.76389443532741], [-87.55906019839314, 41.76387817579457], [-87.55900152929364, 41.763867685076626], [-87.55894210885216, 41.76386306668547], [-87.55888252336999, 41.763864366190724], [-87.55882336077678, 41.76387157077019], [-87.55876520482958, 41.76388460933631], [-87.55870862935288, 41.76390335323761], [-87.55865419257664, 41.7639276175281], [-87.55847501719832, 41.764018404287654], [-87.55846213816274, 41.76402416117745], [-87.55845178582099, 41.764014577839966], [-87.55758835322847, 41.76313356404081], [-87.55757871898, 41.76312271202949], [-87.55757801682579, 41.76310315919246], [-87.55757319778678, 41.76304582757495], [-87.55756290971594, 41.762989221099154], [-87.5575472472103, 41.7629338602518], [-87.55752635428385, 41.76288025406626], [-87.55750042304346, 41.762828895442105], [-87.55746969192238, 41.76278025661296], [-87.5574344434879, 41.76273478480444], [-87.5573950018433, 41.762692898121905], [-87.55735172964762, 41.76265498170614], [-87.5573050247812, 41.762621384192], [-87.55611242028807, 41.76184744334967], [-87.55605368411072, 41.761813873308846], [-87.55579526400265, 41.7616849296673], [-87.5557402514133, 41.76166083908472], [-87.55568310611089, 41.76164236868758], [-87.55562440061854, 41.76162970352573], [-87.55556472309044, 41.761622970487934], [-87.55550467141938, 41.761622237030664], [-87.55544484724655, 41.76162751050222], [-87.55538584993391, 41.76163873806914], [-87.55482206376311, 41.76177558629264], [-87.55480827026499, 41.76177823754352], [-87.55479922582504, 41.76176749101725], [-87.5541414743704, 41.76090472612221], [-87.55410588379803, 41.760862261958344], [-87.55406652783012, 41.76082326193469], [-87.55402374207405, 41.7607880586233], [-87.55397789138466, 41.76075695221983], [-87.55392936675293, 41.76073020798363], [-87.55387858197186, 41.76070805397572], [-87.54882584776111, 41.75877637745516], [-87.54877019661502, 41.758758160947494], [-87.54871303478501, 41.75874545597198], [-87.54865490672024, 41.758738383539686], [-87.54859636607296, 41.75873701101337], [-87.5470532162857, 41.758776177251626], [-87.546998373485, 41.75878008920899], [-87.54694411905385, 41.75878900508802], [-87.5468909085842, 41.7588028500192], [-87.54683918890156, 41.75882150774218], [-87.54583961187014, 41.75923478766407], [-87.54574802171233, 41.75211173717604], [-87.5662556761277, 41.75179014859272]]]}, "properties": {"chi_id": "9S4E", "chi_ordinate": "\u03c7:9S4E", "name": "Saginaw\u201375th chi", "label": "Sag75", "name_canon": "Burnham\u201375th chi", "label_canon": "Bur75", "center": [-87.558004, 41.759028], "area_sqmi": 0.776, "edge": true, "flag": false}}, {"type": "Feature", "geometry": {"type": "Polygon", "coordinates": [[[-87.6831237977193, 41.76455951946035], [-87.68271203745444, 41.74996395065223], [-87.7024471656207, 41.74965447635643], [-87.70284431054363, 41.76427464630289], [-87.6831237977193, 41.76455951946035]]]}, "properties": {"chi_id": "9S4W", "chi_ordinate": "\u03c7:9S4W", "name": "California\u201375th chi", "label": "Cal75", "name_canon": "California\u201375th chi", "label_canon": "Cal75", "center": [-87.692782, 41.757119], "area_sqmi": 1.022, "edge": false, "flag": false}}, {"type": "Feature", "geometry": {"type": "Polygon", "coordinates": [[[-87.54583961187014, 41.75923478766407], [-87.5455713916232, 41.7593456846127], [-87.54551646589486, 41.75937172587602], [-87.54546445691055, 41.759403190913446], [-87.5452520727135, 41.75954686257616], [-87.54520540036901, 41.759581858838466], [-87.54516234714484, 41.75962122209548], [-87.54512332001904, 41.75966458025005], [-87.54508868791137, 41.75971152344162], [-87.5450587781959, 41.759761607920595], [-87.54503387360633, 41.75981436024314], [-87.54501420956342, 41.7598692817465], [-87.5449999719495, 41.75992585326287], [-87.5449912953514, 41.759983540027044], [-87.54498826178818, 41.760041796731464], [-87.54499089993584, 41.76010007268098], [-87.54499918485621, 41.76015781699853], [-87.54501303823272, 41.76021448383252], [-87.54503232911073, 41.76026953751669], [-87.54505687513533, 41.76032245763377], [-87.54508644427531, 41.760372743934845], [-87.54512075701635, 41.76041992106826], [-87.54515948900334, 41.760463543073016], [-87.54520227410646, 41.7605031975944], [-87.54524870788215, 41.76053850978196], [-87.54529835139631, 41.7605691458329], [-87.54535073537346, 41.760594816147524], [-87.5454053646328, 41.760615278066766], [-87.54546172276909, 41.760630338166024], [-87.54551927703416, 41.76063985408359], [-87.54557748337297, 41.76064373586641], [-87.54585779325417, 41.760648770558454], [-87.54646838850822, 41.76065973756059], [-87.54647132913269, 41.76065993388066], [-87.5464683864726, 41.76066009686998], [-87.54585799091797, 41.76066414305263], [-87.54438566048889, 41.76067390281873], [-87.5443712461767, 41.76067329372639], [-87.54435957628212, 41.76066481098222], [-87.54305986145967, 41.75961934550948], [-87.54303535212637, 41.759597304968985], [-87.54256356621936, 41.75912360899757], [-87.54255379576885, 41.75911276739833], [-87.5425561890194, 41.759098370373586], [-87.5425603545561, 41.75907926097393], [-87.54256975993665, 41.75902368073537], [-87.54257390777022, 41.758967463126226], [-87.542572761445, 41.75891110436435], [-87.54256633107929, 41.75885510191353], [-87.5425546734322, 41.758799950092474], [-87.5425378914027, 41.75874613571162], [-87.54251613312128, 41.75869413377616], [-87.5424895906425, 41.75864440329334], [-87.54245849824976, 41.75859738322088], [-87.5424231303873, 41.758553488592426], [-87.54238379923784, 41.75851310685419], [-87.54181297584294, 41.757979637955486], [-87.54176772597559, 41.757941356210104], [-87.54171891985084, 41.75790772579661], [-87.5416670337409, 41.75787907489576], [-87.54161257397384, 41.757855683095976], [-87.54155607199266, 41.75783777866501], [-87.54149807916922, 41.75782553632236], [-87.54143916142364, 41.75781907553435], [-87.5411689875359, 41.75780289745724], [-87.5411543134111, 41.75780127904401], [-87.54114312048841, 41.75779165263844], [-87.54061242470449, 41.75728691480047], [-87.54060305524462, 41.75727710643388], [-87.5406141946449, 41.75726936662826], [-87.54382375535269, 41.75526030689483], [-87.5438736009881, 41.755225469635754], [-87.54391966420154, 41.755185765701974], [-87.54396147179304, 41.755141602965615], [-87.54399859427996, 41.75509343510335], [-87.54403065030895, 41.75504175693585], [-87.5440573105736, 41.75498709934463], [-87.54431744938906, 41.75437711867393], [-87.54433851687632, 41.75431979598369], [-87.5443536481521, 41.75426062864194], [-87.54436268645088, 41.75420022964367], [-87.54436553813265, 41.7541392247443], [-87.54436217365294, 41.75407824597658], [-87.544352627869, 41.75401792510254], [-87.54433699967858, 41.75395888706819], [-87.54431545099537, 41.75390174352885], [-87.54376554669228, 41.752641776280605], [-87.54374182355201, 41.75259345711028], [-87.54371386531469, 41.75254745856061], [-87.54368189700759, 41.752504150859835], [-87.54364617593383, 41.75246388257833], [-87.54335846080274, 41.75216746528827], [-87.54333930830764, 41.752149509156965], [-87.54574802171233, 41.75211173717604], [-87.54583961187014, 41.75923478766407]]]}, "properties": {"chi_id": "9S5E", "chi_ordinate": "\u03c7:9S5E", "name": "Harbor\u2013South Chicago chi", "label": "HarSou", "name_canon": "Avenue L\u201375th chi", "label_canon": "L75", "center": [-87.54401, 41.756265], "area_sqmi": 0.081, "edge": true, "flag": false}}, {"type": "Feature", "geometry": {"type": "Polygon", "coordinates": [[[-87.70284431054363, 41.76427464630289], [-87.7024471656207, 41.74965447635643], [-87.72197548951993, 41.74934824503958], [-87.72238145129886, 41.7639924220512], [-87.70284431054363, 41.76427464630289]]]}, "properties": {"chi_id": "9S5W", "chi_ordinate": "\u03c7:9S5W", "name": "Central Park\u201375th chi", "label": "Cen75", "name_canon": "Central Park\u201375th chi", "label_canon": "Cen75", "center": [-87.712412, 41.756823], "area_sqmi": 1.014, "edge": false, "flag": false}}, {"type": "Feature", "geometry": {"type": "Polygon", "coordinates": [[[-87.74135517198498, 41.74904434462742], [-87.74150096984854, 41.753298120305814], [-87.74182730213892, 41.76371151653025], [-87.74176240468992, 41.76371245400796], [-87.72238145129886, 41.7639924220512], [-87.72197548951993, 41.74934824503958], [-87.74133379773953, 41.74904467980536], [-87.74135517198498, 41.74904434462742]]]}, "properties": {"chi_id": "9S6W", "chi_ordinate": "\u03c7:9S6W", "name": "Kostner\u201374th chi", "label": "Kos74", "name_canon": "Kostner\u201375th chi", "label_canon": "Kos75", "center": [-87.731947, 41.758505], "area_sqmi": 1.009, "edge": true, "flag": false}}]}