{"type": "FeatureCollection", "properties": {"system": "chiGRID", "origin": "State & Madison", "cell_miles": 1, "count": 302}, "features": [{"type": "Feature", "geometry": {"type": "Polygon", "coordinates": [[[-87.82233858829477, 42.0124047826087], [-87.80287272946529, 42.0124047826087], [-87.80287272946529, 42.026897536231886], [-87.82233858829477, 42.026897536231886], [-87.82233858829477, 42.0124047826087]]]}, "properties": {"chi_id": "10N10W", "chi_ordinate": "\u03c7:10N10W", "name": "Oriole\u2013Howard chi", "label": "OriHow", "center": [-87.812606, 42.019651]}}, {"type": "Feature", "geometry": {"type": "Polygon", "coordinates": [[[-87.66661171765895, 42.0124047826087], [-87.64714585882948, 42.0124047826087], [-87.64714585882948, 42.026897536231886], [-87.66661171765895, 42.026897536231886], [-87.66661171765895, 42.0124047826087]]]}, "properties": {"chi_id": "10N2W", "chi_ordinate": "\u03c7:10N2W", "name": "Sheridan\u2013Greenleaf chi", "label": "SheGre", "center": [-87.656879, 42.019651]}}, {"type": "Feature", "geometry": {"type": "Polygon", "coordinates": [[[-87.68607757648843, 42.0124047826087], [-87.66661171765895, 42.0124047826087], [-87.66661171765895, 42.026897536231886], [-87.68607757648843, 42.026897536231886], [-87.68607757648843, 42.0124047826087]]]}, "properties": {"chi_id": "10N3W", "chi_ordinate": "\u03c7:10N3W", "name": "Damen\u2013Howard chi", "label": "DamHow", "center": [-87.676345, 42.019651]}}, {"type": "Feature", "geometry": {"type": "Polygon", "coordinates": [[[-87.7055434353179, 42.0124047826087], [-87.68607757648843, 42.0124047826087], [-87.68607757648843, 42.026897536231886], [-87.7055434353179, 42.026897536231886], [-87.7055434353179, 42.0124047826087]]]}, "properties": {"chi_id": "10N4W", "chi_ordinate": "\u03c7:10N4W", "name": "California\u2013Howard chi", "label": "CalHow", "center": [-87.695811, 42.019651]}}, {"type": "Feature", "geometry": {"type": "Polygon", "coordinates": [[[-87.72500929414738, 42.0124047826087], [-87.7055434353179, 42.0124047826087], [-87.7055434353179, 42.026897536231886], [-87.72500929414738, 42.026897536231886], [-87.72500929414738, 42.0124047826087]]]}, "properties": {"chi_id": "10N5W", "chi_ordinate": "\u03c7:10N5W", "name": "Milwaukee\u2013Howard chi", "label": "MilHow", "center": [-87.715276, 42.019651]}}, {"type": "Feature", "geometry": {"type": "Polygon", "coordinates": [[[-87.78340687063582, 42.0124047826087], [-87.76394101180634, 42.0124047826087], [-87.76394101180634, 42.026897536231886], [-87.78340687063582, 42.026897536231886], [-87.78340687063582, 42.0124047826087]]]}, "properties": {"chi_id": "10N8W", "chi_ordinate": "\u03c7:10N8W", "name": "Austin\u2013Howard chi", "label": "AusHow", "center": [-87.773674, 42.019651]}}, {"type": "Feature", "geometry": {"type": "Polygon", "coordinates": [[[-87.62768, 41.73704246376812], [-87.60821414117052, 41.73704246376812], [-87.60821414117052, 41.75153521739131], [-87.62768, 41.75153521739131], [-87.62768, 41.73704246376812]]]}, "properties": {"chi_id": "10S1E", "chi_ordinate": "\u03c7:10S1E", "name": "Prairie\u201383rd chi", "label": "Pra83", "center": [-87.617947, 41.744289]}}, {"type": "Feature", "geometry": {"type": "Polygon", "coordinates": [[[-87.64714585882948, 41.73704246376812], [-87.62768, 41.73704246376812], [-87.62768, 41.75153521739131], [-87.64714585882948, 41.75153521739131], [-87.64714585882948, 41.73704246376812]]]}, "properties": {"chi_id": "10S1W", "chi_ordinate": "\u03c7:10S1W", "name": "Parnell\u201383rd chi", "label": "Par83", "center": [-87.637413, 41.744289]}}, {"type": "Feature", "geometry": {"type": "Polygon", "coordinates": [[[-87.60821414117052, 41.73704246376812], [-87.58874828234104, 41.73704246376812], [-87.58874828234104, 41.75153521739131], [-87.60821414117052, 41.75153521739131], [-87.60821414117052, 41.73704246376812]]]}, "properties": {"chi_id": "10S2E", "chi_ordinate": "\u03c7:10S2E", "name": "Woodlawn\u201383rd chi", "label": "Woo83", "center": [-87.598481, 41.744289]}}, {"type": "Feature", "geometry": {"type": "Polygon", "coordinates": [[[-87.66661171765895, 41.73704246376812], [-87.64714585882948, 41.73704246376812], [-87.64714585882948, 41.75153521739131], [-87.66661171765895, 41.75153521739131], [-87.66661171765895, 41.73704246376812]]]}, "properties": {"chi_id": "10S2W", "chi_ordinate": "\u03c7:10S2W", "name": "Racine\u201383rd chi", "label": "Rac83", "center": [-87.656879, 41.744289]}}, {"type": "Feature", "geometry": {"type": "Polygon", "coordinates": [[[-87.58874828234104, 41.73704246376812], [-87.56928242351157, 41.73704246376812], [-87.56928242351157, 41.75153521739131], [-87.58874828234104, 41.75153521739131], [-87.58874828234104, 41.73704246376812]]]}, "properties": {"chi_id": "10S3E", "chi_ordinate": "\u03c7:10S3E", "name": "Jeffery\u201383rd chi", "label": "Jef83", "center": [-87.579015, 41.744289]}}, {"type": "Feature", "geometry": {"type": "Polygon", "coordinates": [[[-87.68607757648843, 41.73704246376812], [-87.66661171765895, 41.73704246376812], [-87.66661171765895, 41.75153521739131], [-87.68607757648843, 41.75153521739131], [-87.68607757648843, 41.73704246376812]]]}, "properties": {"chi_id": "10S3W", "chi_ordinate": "\u03c7:10S3W", "name": "Damen\u201383rd chi", "label": "Dam83", "center": [-87.676345, 41.744289]}}, {"type": "Feature", "geometry": {"type": "Polygon", "coordinates": [[[-87.56928242351157, 41.73704246376812], [-87.54981656468209, 41.73704246376812], [-87.54981656468209, 41.75153521739131], [-87.56928242351157, 41.75153521739131], [-87.56928242351157, 41.73704246376812]]]}, "properties": {"chi_id": "10S4E", "chi_ordinate": "\u03c7:10S4E", "name": "Burnham\u201383rd chi", "label": "Bur83", "center": [-87.559549, 41.744289]}}, {"type": "Feature", "geometry": {"type": "Polygon", "coordinates": [[[-87.7055434353179, 41.73704246376812], [-87.68607757648843, 41.73704246376812], [-87.68607757648843, 41.75153521739131], [-87.7055434353179, 41.75153521739131], [-87.7055434353179, 41.73704246376812]]]}, "properties": {"chi_id": "10S4W", "chi_ordinate": "\u03c7:10S4W", "name": "California\u201383rd chi", "label": "Cal83", "center": [-87.695811, 41.744289]}}, {"type": "Feature", "geometry": {"type": "Polygon", "coordinates": [[[-87.54981656468209, 41.73704246376812], [-87.53035070585261, 41.73704246376812], [-87.53035070585261, 41.75153521739131], [-87.54981656468209, 41.75153521739131], [-87.54981656468209, 41.73704246376812]]]}, "properties": {"chi_id": "10S5E", "chi_ordinate": "\u03c7:10S5E", "name": "Green Bay\u201383rd chi", "label": "Gre83", "center": [-87.540084, 41.744289]}}, {"type": "Feature", "geometry": {"type": "Polygon", "coordinates": [[[-87.72500929414738, 41.73704246376812], [-87.7055434353179, 41.73704246376812], [-87.7055434353179, 41.75153521739131], [-87.72500929414738, 41.75153521739131], [-87.72500929414738, 41.73704246376812]]]}, "properties": {"chi_id": "10S5W", "chi_ordinate": "\u03c7:10S5W", "name": "Central Park\u201383rd chi", "label": "Cen83", "center": [-87.715276, 41.744289]}}, {"type": "Feature", "geometry": {"type": "Polygon", "coordinates": [[[-87.53035070585261, 41.73704246376812], [-87.51088484702314, 41.73704246376812], [-87.51088484702314, 41.75153521739131], [-87.53035070585261, 41.75153521739131], [-87.53035070585261, 41.73704246376812]]]}, "properties": {"chi_id": "10S6E", "chi_ordinate": "\u03c7:10S6E", "name": "Green Bay\u201383rd chi", "label": "Gre83", "center": [-87.520618, 41.744289]}}, {"type": "Feature", "geometry": {"type": "Polygon", "coordinates": [[[-87.74447515297686, 41.73704246376812], [-87.72500929414738, 41.73704246376812], [-87.72500929414738, 41.75153521739131], [-87.74447515297686, 41.75153521739131], [-87.74447515297686, 41.73704246376812]]]}, "properties": {"chi_id": "10S6W", "chi_ordinate": "\u03c7:10S6W", "name": "Kostner\u201383rd chi", "label": "Kos83", "center": [-87.734742, 41.744289]}}, {"type": "Feature", "geometry": {"type": "Polygon", "coordinates": [[[-87.62768, 41.72254971014493], [-87.60821414117052, 41.72254971014493], [-87.60821414117052, 41.73704246376812], [-87.62768, 41.73704246376812], [-87.62768, 41.72254971014493]]]}, "properties": {"chi_id": "11S1E", "chi_ordinate": "\u03c7:11S1E", "name": "Prairie\u201391st chi", "label": "Pra91", "center": [-87.617947, 41.729796]}}, {"type": "Feature", "geometry": {"type": "Polygon", "coordinates": [[[-87.64714585882948, 41.72254971014493], [-87.62768, 41.72254971014493], [-87.62768, 41.73704246376812], [-87.64714585882948, 41.73704246376812], [-87.64714585882948, 41.72254971014493]]]}, "properties": {"chi_id": "11S1W", "chi_ordinate": "\u03c7:11S1W", "name": "Parnell\u201391st chi", "label": "Par91", "center": [-87.637413, 41.729796]}}, {"type": "Feature", "geometry": {"type": "Polygon", "coordinates": [[[-87.60821414117052, 41.72254971014493], [-87.58874828234104, 41.72254971014493], [-87.58874828234104, 41.73704246376812], [-87.60821414117052, 41.73704246376812], [-87.60821414117052, 41.72254971014493]]]}, "properties": {"chi_id": "11S2E", "chi_ordinate": "\u03c7:11S2E", "name": "Woodlawn\u201391st chi", "label": "Woo91", "center": [-87.598481, 41.729796]}}, {"type": "Feature", "geometry": {"type": "Polygon", "coordinates": [[[-87.66661171765895, 41.72254971014493], [-87.64714585882948, 41.72254971014493], [-87.64714585882948, 41.73704246376812], [-87.66661171765895, 41.73704246376812], [-87.66661171765895, 41.72254971014493]]]}, "properties": {"chi_id": "11S2W", "chi_ordinate": "\u03c7:11S2W", "name": "Racine\u201391st chi", "label": "Rac91", "center": [-87.656879, 41.729796]}}, {"type": "Feature", "geometry": {"type": "Polygon", "coordinates": [[[-87.58874828234104, 41.72254971014493], [-87.56928242351157, 41.72254971014493], [-87.56928242351157, 41.73704246376812], [-87.58874828234104, 41.73704246376812], [-87.58874828234104, 41.72254971014493]]]}, "properties": {"chi_id": "11S3E", "chi_ordinate": "\u03c7:11S3E", "name": "Jeffery\u201391st chi", "label": "Jef91", "center": [-87.579015, 41.729796]}}, {"type": "Feature", "geometry": {"type": "Polygon", "coordinates": [[[-87.68607757648843, 41.72254971014493], [-87.66661171765895, 41.72254971014493], [-87.66661171765895, 41.73704246376812], [-87.68607757648843, 41.73704246376812], [-87.68607757648843, 41.72254971014493]]]}, "properties": {"chi_id": "11S3W", "chi_ordinate": "\u03c7:11S3W", "name": "Damen\u201391st chi", "label": "Dam91", "center": [-87.676345, 41.729796]}}, {"type": "Feature", "geometry": {"type": "Polygon", "coordinates": [[[-87.56928242351157, 41.72254971014493], [-87.54981656468209, 41.72254971014493], [-87.54981656468209, 41.73704246376812], [-87.56928242351157, 41.73704246376812], [-87.56928242351157, 41.72254971014493]]]}, "properties": {"chi_id": "11S4E", "chi_ordinate": "\u03c7:11S4E", "name": "Saginaw\u201391st chi", "label": "Sag91", "center": [-87.559549, 41.729796]}}, {"type": "Feature", "geometry": {"type": "Polygon", "coordinates": [[[-87.7055434353179, 41.72254971014493], [-87.68607757648843, 41.72254971014493], [-87.68607757648843, 41.73704246376812], [-87.7055434353179, 41.73704246376812], [-87.7055434353179, 41.72254971014493]]]}, "properties": {"chi_id": "11S4W", "chi_ordinate": "\u03c7:11S4W", "name": "California\u201387th chi", "label": "Cal87", "center": [-87.695811, 41.729796]}}, {"type": "Feature", "geometry": {"type": "Polygon", "coordinates": [[[-87.54981656468209, 41.72254971014493], [-87.53035070585261, 41.72254971014493], [-87.53035070585261, 41.73704246376812], [-87.54981656468209, 41.73704246376812], [-87.54981656468209, 41.72254971014493]]]}, "properties": {"chi_id": "11S5E", "chi_ordinate": "\u03c7:11S5E", "name": "Green Bay\u201391st chi", "label": "Gre91", "center": [-87.540084, 41.729796]}}, {"type": "Feature", "geometry": {"type": "Polygon", "coordinates": [[[-87.72500929414738, 41.72254971014493], [-87.7055434353179, 41.72254971014493], [-87.7055434353179, 41.73704246376812], [-87.72500929414738, 41.73704246376812], [-87.72500929414738, 41.72254971014493]]]}, "properties": {"chi_id": "11S5W", "chi_ordinate": "\u03c7:11S5W", "name": "Central Park\u201387th chi", "label": "Cen87", "center": [-87.715276, 41.729796]}}, {"type": "Feature", "geometry": {"type": "Polygon", "coordinates": [[[-87.53035070585261, 41.72254971014493], [-87.51088484702314, 41.72254971014493], [-87.51088484702314, 41.73704246376812], [-87.53035070585261, 41.73704246376812], [-87.53035070585261, 41.72254971014493]]]}, "properties": {"chi_id": "11S6E", "chi_ordinate": "\u03c7:11S6E", "name": "Ewing\u201391st chi", "label": "Ewi91", "center": [-87.520618, 41.729796]}}, {"type": "Feature", "geometry": {"type": "Polygon", "coordinates": [[[-87.74447515297686, 41.72254971014493], [-87.72500929414738, 41.72254971014493], [-87.72500929414738, 41.73704246376812], [-87.74447515297686, 41.73704246376812], [-87.74447515297686, 41.72254971014493]]]}, "properties": {"chi_id": "11S6W", "chi_ordinate": "\u03c7:11S6W", "name": "Harding\u201387th chi", "label": "Har87", "center": [-87.734742, 41.729796]}}, {"type": "Feature", "geometry": {"type": "Polygon", "coordinates": [[[-87.62768, 41.708056956521744], [-87.60821414117052, 41.708056956521744], [-87.60821414117052, 41.72254971014493], [-87.62768, 41.72254971014493], [-87.62768, 41.708056956521744]]]}, "properties": {"chi_id": "12S1E", "chi_ordinate": "\u03c7:12S1E", "name": "Prairie\u201399th chi", "label": "Pra99", "center": [-87.617947, 41.715303]}}, {"type": "Feature", "geometry": {"type": "Polygon", "coordinates": [[[-87.64714585882948, 41.708056956521744], [-87.62768, 41.708056956521744], [-87.62768, 41.72254971014493], [-87.64714585882948, 41.72254971014493], [-87.64714585882948, 41.708056956521744]]]}, "properties": {"chi_id": "12S1W", "chi_ordinate": "\u03c7:12S1W", "name": "Parnell\u201399th chi", "label": "Par99", "center": [-87.637413, 41.715303]}}, {"type": "Feature", "geometry": {"type": "Polygon", "coordinates": [[[-87.60821414117052, 41.708056956521744], [-87.58874828234104, 41.708056956521744], [-87.58874828234104, 41.72254971014493], [-87.60821414117052, 41.72254971014493], [-87.60821414117052, 41.708056956521744]]]}, "properties": {"chi_id": "12S2E", "chi_ordinate": "\u03c7:12S2E", "name": "Woodlawn\u201399th chi", "label": "Woo99", "center": [-87.598481, 41.715303]}}, {"type": "Feature", "geometry": {"type": "Polygon", "coordinates": [[[-87.66661171765895, 41.708056956521744], [-87.64714585882948, 41.708056956521744], [-87.64714585882948, 41.72254971014493], [-87.66661171765895, 41.72254971014493], [-87.66661171765895, 41.708056956521744]]]}, "properties": {"chi_id": "12S2W", "chi_ordinate": "\u03c7:12S2W", "name": "Racine\u201399th chi", "label": "Rac99", "center": [-87.656879, 41.715303]}}, {"type": "Feature", "geometry": {"type": "Polygon", "coordinates": [[[-87.58874828234104, 41.708056956521744], [-87.56928242351157, 41.708056956521744], [-87.56928242351157, 41.72254971014493], [-87.58874828234104, 41.72254971014493], [-87.58874828234104, 41.708056956521744]]]}, "properties": {"chi_id": "12S3E", "chi_ordinate": "\u03c7:12S3E", "name": "Jeffery\u201399th chi", "label": "Jef99", "center": [-87.579015, 41.715303]}}, {"type": "Feature", "geometry": {"type": "Polygon", "coordinates": [[[-87.68607757648843, 41.708056956521744], [-87.66661171765895, 41.708056956521744], [-87.66661171765895, 41.72254971014493], [-87.68607757648843, 41.72254971014493], [-87.68607757648843, 41.708056956521744]]]}, "properties": {"chi_id": "12S3W", "chi_ordinate": "\u03c7:12S3W", "name": "Damen\u201399th chi", "label": "Dam99", "center": [-87.676345, 41.715303]}}, {"type": "Feature", "geometry": {"type": "Polygon", "coordinates": [[[-87.56928242351157, 41.708056956521744], [-87.54981656468209, 41.708056956521744], [-87.54981656468209, 41.72254971014493], [-87.56928242351157, 41.72254971014493], [-87.56928242351157, 41.708056956521744]]]}, "properties": {"chi_id": "12S4E", "chi_ordinate": "\u03c7:12S4E", "name": "Torrence\u201399th chi", "label": "Tor99", "center": [-87.559549, 41.715303]}}, {"type": "Feature", "geometry": {"type": "Polygon", "coordinates": [[[-87.7055434353179, 41.708056956521744], [-87.68607757648843, 41.708056956521744], [-87.68607757648843, 41.72254971014493], [-87.7055434353179, 41.72254971014493], [-87.7055434353179, 41.708056956521744]]]}, "properties": {"chi_id": "12S4W", "chi_ordinate": "\u03c7:12S4W", "name": "California\u201399th chi", "label": "Cal99", "center": [-87.695811, 41.715303]}}, {"type": "Feature", "geometry": {"type": "Polygon", "coordinates": [[[-87.54981656468209, 41.708056956521744], [-87.53035070585261, 41.708056956521744], [-87.53035070585261, 41.72254971014493], [-87.54981656468209, 41.72254971014493], [-87.54981656468209, 41.708056956521744]]]}, "properties": {"chi_id": "12S5E", "chi_ordinate": "\u03c7:12S5E", "name": "Avenue L\u201399th chi", "label": "L99", "center": [-87.540084, 41.715303]}}, {"type": "Feature", "geometry": {"type": "Polygon", "coordinates": [[[-87.72500929414738, 41.708056956521744], [-87.7055434353179, 41.708056956521744], [-87.7055434353179, 41.72254971014493], [-87.72500929414738, 41.72254971014493], [-87.72500929414738, 41.708056956521744]]]}, "properties": {"chi_id": "12S5W", "chi_ordinate": "\u03c7:12S5W", "name": "Central Park\u201399th chi", "label": "Cen99", "center": [-87.715276, 41.715303]}}, {"type": "Feature", "geometry": {"type": "Polygon", "coordinates": [[[-87.53035070585261, 41.708056956521744], [-87.51088484702314, 41.708056956521744], [-87.51088484702314, 41.72254971014493], [-87.53035070585261, 41.72254971014493], [-87.53035070585261, 41.708056956521744]]]}, "properties": {"chi_id": "12S6E", "chi_ordinate": "\u03c7:12S6E", "name": "Indianapolis\u201399th chi", "label": "Ind99", "center": [-87.520618, 41.715303]}}, {"type": "Feature", "geometry": {"type": "Polygon", "coordinates": [[[-87.62768, 41.69356420289856], [-87.60821414117052, 41.69356420289856], [-87.60821414117052, 41.708056956521744], [-87.62768, 41.708056956521744], [-87.62768, 41.69356420289856]]]}, "properties": {"chi_id": "13S1E", "chi_ordinate": "\u03c7:13S1E", "name": "Prairie\u2013107th chi", "label": "Pra107", "center": [-87.617947, 41.700811]}}, {"type": "Feature", "geometry": {"type": "Polygon", "coordinates": [[[-87.64714585882948, 41.69356420289856], [-87.62768, 41.69356420289856], [-87.62768, 41.708056956521744], [-87.64714585882948, 41.708056956521744], [-87.64714585882948, 41.69356420289856]]]}, "properties": {"chi_id": "13S1W", "chi_ordinate": "\u03c7:13S1W", "name": "Parnell\u2013107th chi", "label": "Par107", "center": [-87.637413, 41.700811]}}, {"type": "Feature", "geometry": {"type": "Polygon", "coordinates": [[[-87.60821414117052, 41.69356420289856], [-87.58874828234104, 41.69356420289856], [-87.58874828234104, 41.708056956521744], [-87.60821414117052, 41.708056956521744], [-87.60821414117052, 41.69356420289856]]]}, "properties": {"chi_id": "13S2E", "chi_ordinate": "\u03c7:13S2E", "name": "Woodlawn\u2013107th chi", "label": "Woo107", "center": [-87.598481, 41.700811]}}, {"type": "Feature", "geometry": {"type": "Polygon", "coordinates": [[[-87.66661171765895, 41.69356420289856], [-87.64714585882948, 41.69356420289856], [-87.64714585882948, 41.708056956521744], [-87.66661171765895, 41.708056956521744], [-87.66661171765895, 41.69356420289856]]]}, "properties": {"chi_id": "13S2W", "chi_ordinate": "\u03c7:13S2W", "name": "Racine\u2013107th chi", "label": "Rac107", "center": [-87.656879, 41.700811]}}, {"type": "Feature", "geometry": {"type": "Polygon", "coordinates": [[[-87.58874828234104, 41.69356420289856], [-87.56928242351157, 41.69356420289856], [-87.56928242351157, 41.708056956521744], [-87.58874828234104, 41.708056956521744], [-87.58874828234104, 41.69356420289856]]]}, "properties": {"chi_id": "13S3E", "chi_ordinate": "\u03c7:13S3E", "name": "Jeffery\u2013107th chi", "label": "Jef107", "center": [-87.579015, 41.700811]}}, {"type": "Feature", "geometry": {"type": "Polygon", "coordinates": [[[-87.68607757648843, 41.69356420289856], [-87.66661171765895, 41.69356420289856], [-87.66661171765895, 41.708056956521744], [-87.68607757648843, 41.708056956521744], [-87.68607757648843, 41.69356420289856]]]}, "properties": {"chi_id": "13S3W", "chi_ordinate": "\u03c7:13S3W", "name": "Seeley\u2013107th chi", "label": "See107", "center": [-87.676345, 41.700811]}}, {"type": "Feature", "geometry": {"type": "Polygon", "coordinates": [[[-87.56928242351157, 41.69356420289856], [-87.54981656468209, 41.69356420289856], [-87.54981656468209, 41.708056956521744], [-87.56928242351157, 41.708056956521744], [-87.56928242351157, 41.69356420289856]]]}, "properties": {"chi_id": "13S4E", "chi_ordinate": "\u03c7:13S4E", "name": "Torrence\u2013107th chi", "label": "Tor107", "center": [-87.559549, 41.700811]}}, {"type": "Feature", "geometry": {"type": "Polygon", "coordinates": [[[-87.7055434353179, 41.69356420289856], [-87.68607757648843, 41.69356420289856], [-87.68607757648843, 41.708056956521744], [-87.7055434353179, 41.708056956521744], [-87.7055434353179, 41.69356420289856]]]}, "properties": {"chi_id": "13S4W", "chi_ordinate": "\u03c7:13S4W", "name": "California\u2013107th chi", "label": "Cal107", "center": [-87.695811, 41.700811]}}, {"type": "Feature", "geometry": {"type": "Polygon", "coordinates": [[[-87.54981656468209, 41.69356420289856], [-87.53035070585261, 41.69356420289856], [-87.53035070585261, 41.708056956521744], [-87.54981656468209, 41.708056956521744], [-87.54981656468209, 41.69356420289856]]]}, "properties": {"chi_id": "13S5E", "chi_ordinate": "\u03c7:13S5E", "name": "Avenue O\u2013107th chi", "label": "O107", "center": [-87.540084, 41.700811]}}, {"type": "Feature", "geometry": {"type": "Polygon", "coordinates": [[[-87.72500929414738, 41.69356420289856], [-87.7055434353179, 41.69356420289856], [-87.7055434353179, 41.708056956521744], [-87.72500929414738, 41.708056956521744], [-87.72500929414738, 41.69356420289856]]]}, "properties": {"chi_id": "13S5W", "chi_ordinate": "\u03c7:13S5W", "name": "Central Park\u2013107th chi", "label": "Cen107", "center": [-87.715276, 41.700811]}}, {"type": "Feature", "geometry": {"type": "Polygon", "coordinates": [[[-87.53035070585261, 41.69356420289856], [-87.51088484702314, 41.69356420289856], [-87.51088484702314, 41.708056956521744], [-87.53035070585261, 41.708056956521744], [-87.53035070585261, 41.69356420289856]]]}, "properties": {"chi_id": "13S6E", "chi_ordinate": "\u03c7:13S6E", "name": "Indianapolis\u2013107th chi", "label": "Ind107", "center": [-87.520618, 41.700811]}}, {"type": "Feature", "geometry": {"type": "Polygon", "coordinates": [[[-87.62768, 41.67907144927536], [-87.60821414117052, 41.67907144927536], [-87.60821414117052, 41.69356420289855], [-87.62768, 41.69356420289855], [-87.62768, 41.67907144927536]]]}, "properties": {"chi_id": "14S1E", "chi_ordinate": "\u03c7:14S1E", "name": "Prairie\u2013115th chi", "label": "Pra115", "center": [-87.617947, 41.686318]}}, {"type": "Feature", "geometry": {"type": "Polygon", "coordinates": [[[-87.64714585882948, 41.67907144927536], [-87.62768, 41.67907144927536], [-87.62768, 41.69356420289855], [-87.64714585882948, 41.69356420289855], [-87.64714585882948, 41.67907144927536]]]}, "properties": {"chi_id": "14S1W", "chi_ordinate": "\u03c7:14S1W", "name": "Parnell\u2013115th chi", "label": "Par115", "center": [-87.637413, 41.686318]}}, {"type": "Feature", "geometry": {"type": "Polygon", "coordinates": [[[-87.60821414117052, 41.67907144927536], [-87.58874828234104, 41.67907144927536], [-87.58874828234104, 41.69356420289855], [-87.60821414117052, 41.69356420289855], [-87.60821414117052, 41.67907144927536]]]}, "properties": {"chi_id": "14S2E", "chi_ordinate": "\u03c7:14S2E", "name": "Greenwood\u2013115th chi", "label": "Gre115", "center": [-87.598481, 41.686318]}}, {"type": "Feature", "geometry": {"type": "Polygon", "coordinates": [[[-87.66661171765895, 41.67907144927536], [-87.64714585882948, 41.67907144927536], [-87.64714585882948, 41.69356420289855], [-87.66661171765895, 41.69356420289855], [-87.66661171765895, 41.67907144927536]]]}, "properties": {"chi_id": "14S2W", "chi_ordinate": "\u03c7:14S2W", "name": "Racine\u2013115th chi", "label": "Rac115", "center": [-87.656879, 41.686318]}}, {"type": "Feature", "geometry": {"type": "Polygon", "coordinates": [[[-87.58874828234104, 41.67907144927536], [-87.56928242351157, 41.67907144927536], [-87.56928242351157, 41.69356420289855], [-87.58874828234104, 41.69356420289855], [-87.58874828234104, 41.67907144927536]]]}, "properties": {"chi_id": "14S3E", "chi_ordinate": "\u03c7:14S3E", "name": "Jeffery\u2013115th chi", "label": "Jef115", "center": [-87.579015, 41.686318]}}, {"type": "Feature", "geometry": {"type": "Polygon", "coordinates": [[[-87.68607757648843, 41.67907144927536], [-87.66661171765895, 41.67907144927536], [-87.66661171765895, 41.69356420289855], [-87.68607757648843, 41.69356420289855], [-87.68607757648843, 41.67907144927536]]]}, "properties": {"chi_id": "14S3W", "chi_ordinate": "\u03c7:14S3W", "name": "Bell\u2013115th chi", "label": "Bel115", "center": [-87.676345, 41.686318]}}, {"type": "Feature", "geometry": {"type": "Polygon", "coordinates": [[[-87.56928242351157, 41.67907144927536], [-87.54981656468209, 41.67907144927536], [-87.54981656468209, 41.69356420289855], [-87.56928242351157, 41.69356420289855], [-87.56928242351157, 41.67907144927536]]]}, "properties": {"chi_id": "14S4E", "chi_ordinate": "\u03c7:14S4E", "name": "Torrence\u2013115th chi", "label": "Tor115", "center": [-87.559549, 41.686318]}}, {"type": "Feature", "geometry": {"type": "Polygon", "coordinates": [[[-87.7055434353179, 41.67907144927536], [-87.68607757648843, 41.67907144927536], [-87.68607757648843, 41.69356420289855], [-87.7055434353179, 41.69356420289855], [-87.7055434353179, 41.67907144927536]]]}, "properties": {"chi_id": "14S4W", "chi_ordinate": "\u03c7:14S4W", "name": "Washtenaw\u2013115th chi", "label": "Was115", "center": [-87.695811, 41.686318]}}, {"type": "Feature", "geometry": {"type": "Polygon", "coordinates": [[[-87.54981656468209, 41.67907144927536], [-87.53035070585261, 41.67907144927536], [-87.53035070585261, 41.69356420289855], [-87.54981656468209, 41.69356420289855], [-87.54981656468209, 41.67907144927536]]]}, "properties": {"chi_id": "14S5E", "chi_ordinate": "\u03c7:14S5E", "name": "Avenue O\u2013115th chi", "label": "O115", "center": [-87.540084, 41.686318]}}, {"type": "Feature", "geometry": {"type": "Polygon", "coordinates": [[[-87.72500929414738, 41.67907144927536], [-87.7055434353179, 41.67907144927536], [-87.7055434353179, 41.69356420289855], [-87.72500929414738, 41.69356420289855], [-87.72500929414738, 41.67907144927536]]]}, "properties": {"chi_id": "14S5W", "chi_ordinate": "\u03c7:14S5W", "name": "Central Park\u2013115th chi", "label": "Cen115", "center": [-87.715276, 41.686318]}}, {"type": "Feature", "geometry": {"type": "Polygon", "coordinates": [[[-87.53035070585261, 41.67907144927536], [-87.51088484702314, 41.67907144927536], [-87.51088484702314, 41.69356420289855], [-87.53035070585261, 41.69356420289855], [-87.53035070585261, 41.67907144927536]]]}, "properties": {"chi_id": "14S6E", "chi_ordinate": "\u03c7:14S6E", "name": "Avenue G\u2013115th chi", "label": "G115", "center": [-87.520618, 41.686318]}}, {"type": "Feature", "geometry": {"type": "Polygon", "coordinates": [[[-87.74447515297686, 41.67907144927536], [-87.72500929414738, 41.67907144927536], [-87.72500929414738, 41.69356420289855], [-87.74447515297686, 41.69356420289855], [-87.74447515297686, 41.67907144927536]]]}, "properties": {"chi_id": "14S6W", "chi_ordinate": "\u03c7:14S6W", "name": "Hamlin\u2013115th chi", "label": "Ham115", "center": [-87.734742, 41.686318]}}, {"type": "Feature", "geometry": {"type": "Polygon", "coordinates": [[[-87.62768, 41.664578695652175], [-87.60821414117052, 41.664578695652175], [-87.60821414117052, 41.67907144927536], [-87.62768, 41.67907144927536], [-87.62768, 41.664578695652175]]]}, "properties": {"chi_id": "15S1E", "chi_ordinate": "\u03c7:15S1E", "name": "Prairie\u2013123rd chi", "label": "Pra123", "center": [-87.617947, 41.671825]}}, {"type": "Feature", "geometry": {"type": "Polygon", "coordinates": [[[-87.64714585882948, 41.664578695652175], [-87.62768, 41.664578695652175], [-87.62768, 41.67907144927536], [-87.64714585882948, 41.67907144927536], [-87.64714585882948, 41.664578695652175]]]}, "properties": {"chi_id": "15S1W", "chi_ordinate": "\u03c7:15S1W", "name": "Parnell\u2013123rd chi", "label": "Par123", "center": [-87.637413, 41.671825]}}, {"type": "Feature", "geometry": {"type": "Polygon", "coordinates": [[[-87.60821414117052, 41.664578695652175], [-87.58874828234104, 41.664578695652175], [-87.58874828234104, 41.67907144927536], [-87.60821414117052, 41.67907144927536], [-87.60821414117052, 41.664578695652175]]]}, "properties": {"chi_id": "15S2E", "chi_ordinate": "\u03c7:15S2E", "name": "Greenwood\u2013122nd chi", "label": "Gre122", "center": [-87.598481, 41.671825]}}, {"type": "Feature", "geometry": {"type": "Polygon", "coordinates": [[[-87.66661171765895, 41.664578695652175], [-87.64714585882948, 41.664578695652175], [-87.64714585882948, 41.67907144927536], [-87.66661171765895, 41.67907144927536], [-87.66661171765895, 41.664578695652175]]]}, "properties": {"chi_id": "15S2W", "chi_ordinate": "\u03c7:15S2W", "name": "Racine\u2013123rd chi", "label": "Rac123", "center": [-87.656879, 41.671825]}}, {"type": "Feature", "geometry": {"type": "Polygon", "coordinates": [[[-87.58874828234104, 41.664578695652175], [-87.56928242351157, 41.664578695652175], [-87.56928242351157, 41.67907144927536], [-87.58874828234104, 41.67907144927536], [-87.58874828234104, 41.664578695652175]]]}, "properties": {"chi_id": "15S3E", "chi_ordinate": "\u03c7:15S3E", "name": "Jeffery\u2013122nd chi", "label": "Jef122", "center": [-87.579015, 41.671825]}}, {"type": "Feature", "geometry": {"type": "Polygon", "coordinates": [[[-87.68607757648843, 41.664578695652175], [-87.66661171765895, 41.664578695652175], [-87.66661171765895, 41.67907144927536], [-87.68607757648843, 41.67907144927536], [-87.68607757648843, 41.664578695652175]]]}, "properties": {"chi_id": "15S3W", "chi_ordinate": "\u03c7:15S3W", "name": "Justine\u2013119th chi", "label": "Jus119", "center": [-87.676345, 41.671825]}}, {"type": "Feature", "geometry": {"type": "Polygon", "coordinates": [[[-87.56928242351157, 41.664578695652175], [-87.54981656468209, 41.664578695652175], [-87.54981656468209, 41.67907144927536], [-87.56928242351157, 41.67907144927536], [-87.56928242351157, 41.664578695652175]]]}, "properties": {"chi_id": "15S4E", "chi_ordinate": "\u03c7:15S4E", "name": "Torrence\u2013122nd chi", "label": "Tor122", "center": [-87.559549, 41.671825]}}, {"type": "Feature", "geometry": {"type": "Polygon", "coordinates": [[[-87.7055434353179, 41.664578695652175], [-87.68607757648843, 41.664578695652175], [-87.68607757648843, 41.67907144927536], [-87.7055434353179, 41.67907144927536], [-87.7055434353179, 41.664578695652175]]]}, "properties": {"chi_id": "15S4W", "chi_ordinate": "\u03c7:15S4W", "name": "California\u2013117th chi", "label": "Cal117", "center": [-87.695811, 41.671825]}}, {"type": "Feature", "geometry": {"type": "Polygon", "coordinates": [[[-87.54981656468209, 41.664578695652175], [-87.53035070585261, 41.664578695652175], [-87.53035070585261, 41.67907144927536], [-87.54981656468209, 41.67907144927536], [-87.54981656468209, 41.664578695652175]]]}, "properties": {"chi_id": "15S5E", "chi_ordinate": "\u03c7:15S5E", "name": "Avenue O\u2013122nd chi", "label": "O122", "center": [-87.540084, 41.671825]}}, {"type": "Feature", "geometry": {"type": "Polygon", "coordinates": [[[-87.53035070585261, 41.664578695652175], [-87.51088484702314, 41.664578695652175], [-87.51088484702314, 41.67907144927536], [-87.53035070585261, 41.67907144927536], [-87.53035070585261, 41.664578695652175]]]}, "properties": {"chi_id": "15S6E", "chi_ordinate": "\u03c7:15S6E", "name": "Avenue L\u2013123rd chi", "label": "L123", "center": [-87.520618, 41.671825]}}, {"type": "Feature", "geometry": {"type": "Polygon", "coordinates": [[[-87.62768, 41.65008594202899], [-87.60821414117052, 41.65008594202899], [-87.60821414117052, 41.664578695652175], [-87.62768, 41.664578695652175], [-87.62768, 41.65008594202899]]]}, "properties": {"chi_id": "16S1E", "chi_ordinate": "\u03c7:16S1E", "name": "Prairie\u2013130th chi", "label": "Pra130", "center": [-87.617947, 41.657332]}}, {"type": "Feature", "geometry": {"type": "Polygon", "coordinates": [[[-87.64714585882948, 41.65008594202899], [-87.62768, 41.65008594202899], [-87.62768, 41.664578695652175], [-87.64714585882948, 41.664578695652175], [-87.64714585882948, 41.65008594202899]]]}, "properties": {"chi_id": "16S1W", "chi_ordinate": "\u03c7:16S1W", "name": "Parnell\u2013129th chi", "label": "Par129", "center": [-87.637413, 41.657332]}}, {"type": "Feature", "geometry": {"type": "Polygon", "coordinates": [[[-87.60821414117052, 41.65008594202899], [-87.58874828234104, 41.65008594202899], [-87.58874828234104, 41.664578695652175], [-87.60821414117052, 41.664578695652175], [-87.60821414117052, 41.65008594202899]]]}, "properties": {"chi_id": "16S2E", "chi_ordinate": "\u03c7:16S2E", "name": "Greenwood\u2013130th chi", "label": "Gre130", "center": [-87.598481, 41.657332]}}, {"type": "Feature", "geometry": {"type": "Polygon", "coordinates": [[[-87.66661171765895, 41.65008594202899], [-87.64714585882948, 41.65008594202899], [-87.64714585882948, 41.664578695652175], [-87.66661171765895, 41.664578695652175], [-87.66661171765895, 41.65008594202899]]]}, "properties": {"chi_id": "16S2W", "chi_ordinate": "\u03c7:16S2W", "name": "Morgan\u2013123rd chi", "label": "Mor123", "center": [-87.656879, 41.657332]}}, {"type": "Feature", "geometry": {"type": "Polygon", "coordinates": [[[-87.58874828234104, 41.65008594202899], [-87.56928242351157, 41.65008594202899], [-87.56928242351157, 41.664578695652175], [-87.58874828234104, 41.664578695652175], [-87.58874828234104, 41.65008594202899]]]}, "properties": {"chi_id": "16S3E", "chi_ordinate": "\u03c7:16S3E", "name": "Jeffery\u2013130th chi", "label": "Jef130", "center": [-87.579015, 41.657332]}}, {"type": "Feature", "geometry": {"type": "Polygon", "coordinates": [[[-87.56928242351157, 41.65008594202899], [-87.54981656468209, 41.65008594202899], [-87.54981656468209, 41.664578695652175], [-87.56928242351157, 41.664578695652175], [-87.56928242351157, 41.65008594202899]]]}, "properties": {"chi_id": "16S4E", "chi_ordinate": "\u03c7:16S4E", "name": "Brainard\u2013130th chi", "label": "Bra130", "center": [-87.559549, 41.657332]}}, {"type": "Feature", "geometry": {"type": "Polygon", "coordinates": [[[-87.54981656468209, 41.65008594202899], [-87.53035070585261, 41.65008594202899], [-87.53035070585261, 41.664578695652175], [-87.54981656468209, 41.664578695652175], [-87.54981656468209, 41.65008594202899]]]}, "properties": {"chi_id": "16S5E", "chi_ordinate": "\u03c7:16S5E", "name": "Avenue O\u2013130th chi", "label": "O130", "center": [-87.540084, 41.657332]}}, {"type": "Feature", "geometry": {"type": "Polygon", "coordinates": [[[-87.53035070585261, 41.65008594202899], [-87.51088484702314, 41.65008594202899], [-87.51088484702314, 41.664578695652175], [-87.53035070585261, 41.664578695652175], [-87.53035070585261, 41.65008594202899]]]}, "properties": {"chi_id": "16S6E", "chi_ordinate": "\u03c7:16S6E", "name": "Avenue L\u2013130th chi", "label": "L130", "center": [-87.520618, 41.657332]}}, {"type": "Feature", "geometry": {"type": "Polygon", "coordinates": [[[-87.62768, 41.6355931884058], [-87.60821414117052, 41.6355931884058], [-87.60821414117052, 41.65008594202899], [-87.62768, 41.65008594202899], [-87.62768, 41.6355931884058]]]}, "properties": {"chi_id": "17S1E", "chi_ordinate": "\u03c7:17S1E", "name": "Indiana\u2013138th chi", "label": "Ind138", "center": [-87.617947, 41.64284]}}, {"type": "Feature", "geometry": {"type": "Polygon", "coordinates": [[[-87.60821414117052, 41.6355931884058], [-87.58874828234104, 41.6355931884058], [-87.58874828234104, 41.65008594202899], [-87.60821414117052, 41.65008594202899], [-87.60821414117052, 41.6355931884058]]]}, "properties": {"chi_id": "17S2E", "chi_ordinate": "\u03c7:17S2E", "name": "Indiana\u2013138th chi", "label": "Ind138", "center": [-87.598481, 41.64284]}}, {"type": "Feature", "geometry": {"type": "Polygon", "coordinates": [[[-87.58874828234104, 41.6355931884058], [-87.56928242351157, 41.6355931884058], [-87.56928242351157, 41.65008594202899], [-87.58874828234104, 41.65008594202899], [-87.58874828234104, 41.6355931884058]]]}, "properties": {"chi_id": "17S3E", "chi_ordinate": "\u03c7:17S3E", "name": "Jeffery\u2013137th chi", "label": "Jef137", "center": [-87.579015, 41.64284]}}, {"type": "Feature", "geometry": {"type": "Polygon", "coordinates": [[[-87.56928242351157, 41.6355931884058], [-87.54981656468209, 41.6355931884058], [-87.54981656468209, 41.65008594202899], [-87.56928242351157, 41.65008594202899], [-87.56928242351157, 41.6355931884058]]]}, "properties": {"chi_id": "17S4E", "chi_ordinate": "\u03c7:17S4E", "name": "Brainard\u2013136th chi", "label": "Bra136", "center": [-87.559549, 41.64284]}}, {"type": "Feature", "geometry": {"type": "Polygon", "coordinates": [[[-87.54981656468209, 41.6355931884058], [-87.53035070585261, 41.6355931884058], [-87.53035070585261, 41.65008594202899], [-87.54981656468209, 41.65008594202899], [-87.54981656468209, 41.6355931884058]]]}, "properties": {"chi_id": "17S5E", "chi_ordinate": "\u03c7:17S5E", "name": "Avenue O\u2013136th chi", "label": "O136", "center": [-87.540084, 41.64284]}}, {"type": "Feature", "geometry": {"type": "Polygon", "coordinates": [[[-87.53035070585261, 41.6355931884058], [-87.51088484702314, 41.6355931884058], [-87.51088484702314, 41.65008594202899], [-87.53035070585261, 41.65008594202899], [-87.53035070585261, 41.6355931884058]]]}, "properties": {"chi_id": "17S6E", "chi_ordinate": "\u03c7:17S6E", "name": "\u03c7:17S6E chi", "label": "\u03c7:17S6E", "center": [-87.520618, 41.64284]}}, {"type": "Feature", "geometry": {"type": "Polygon", "coordinates": [[[-87.62768, 41.88197], [-87.60821414117052, 41.88197], [-87.60821414117052, 41.89646275362319], [-87.62768, 41.89646275362319], [-87.62768, 41.88197]]]}, "properties": {"chi_id": "1N1E", "chi_ordinate": "\u03c7:1N1E", "name": "Michigan\u2013Illinois chi", "label": "MicIll", "center": [-87.617947, 41.889216]}}, {"type": "Feature", "geometry": {"type": "Polygon", "coordinates": [[[-87.64714585882948, 41.88197], [-87.62768, 41.88197], [-87.62768, 41.89646275362319], [-87.64714585882948, 41.89646275362319], [-87.64714585882948, 41.88197]]]}, "properties": {"chi_id": "1N1W", "chi_ordinate": "\u03c7:1N1W", "name": "Clark\u2013Kinzie chi", "label": "ClaKin", "center": [-87.637413, 41.889216]}}, {"type": "Feature", "geometry": {"type": "Polygon", "coordinates": [[[-87.60821414117052, 41.88197], [-87.58874828234104, 41.88197], [-87.58874828234104, 41.89646275362319], [-87.60821414117052, 41.89646275362319], [-87.60821414117052, 41.88197]]]}, "properties": {"chi_id": "1N2E", "chi_ordinate": "\u03c7:1N2E", "name": "Michigan\u2013Kinzie chi", "label": "MicKin", "center": [-87.598481, 41.889216]}}, {"type": "Feature", "geometry": {"type": "Polygon", "coordinates": [[[-87.66661171765895, 41.88197], [-87.64714585882948, 41.88197], [-87.64714585882948, 41.89646275362319], [-87.66661171765895, 41.89646275362319], [-87.66661171765895, 41.88197]]]}, "properties": {"chi_id": "1N2W", "chi_ordinate": "\u03c7:1N2W", "name": "Racine\u2013Kinzie chi", "label": "RacKin", "center": [-87.656879, 41.889216]}}, {"type": "Feature", "geometry": {"type": "Polygon", "coordinates": [[[-87.68607757648843, 41.88197], [-87.66661171765895, 41.88197], [-87.66661171765895, 41.89646275362319], [-87.68607757648843, 41.89646275362319], [-87.68607757648843, 41.88197]]]}, "properties": {"chi_id": "1N3W", "chi_ordinate": "\u03c7:1N3W", "name": "Damen\u2013Kinzie chi", "label": "DamKin", "center": [-87.676345, 41.889216]}}, {"type": "Feature", "geometry": {"type": "Polygon", "coordinates": [[[-87.7055434353179, 41.88197], [-87.68607757648843, 41.88197], [-87.68607757648843, 41.89646275362319], [-87.7055434353179, 41.89646275362319], [-87.7055434353179, 41.88197]]]}, "properties": {"chi_id": "1N4W", "chi_ordinate": "\u03c7:1N4W", "name": "California\u2013Kinzie chi", "label": "CalKin", "center": [-87.695811, 41.889216]}}, {"type": "Feature", "geometry": {"type": "Polygon", "coordinates": [[[-87.72500929414738, 41.88197], [-87.7055434353179, 41.88197], [-87.7055434353179, 41.89646275362319], [-87.72500929414738, 41.89646275362319], [-87.72500929414738, 41.88197]]]}, "properties": {"chi_id": "1N5W", "chi_ordinate": "\u03c7:1N5W", "name": "Central Park\u2013Kinzie chi", "label": "CenKin", "center": [-87.715276, 41.889216]}}, {"type": "Feature", "geometry": {"type": "Polygon", "coordinates": [[[-87.74447515297686, 41.88197], [-87.72500929414738, 41.88197], [-87.72500929414738, 41.89646275362319], [-87.74447515297686, 41.89646275362319], [-87.74447515297686, 41.88197]]]}, "properties": {"chi_id": "1N6W", "chi_ordinate": "\u03c7:1N6W", "name": "Kostner\u2013Kinzie chi", "label": "KosKin", "center": [-87.734742, 41.889216]}}, {"type": "Feature", "geometry": {"type": "Polygon", "coordinates": [[[-87.76394101180634, 41.88197], [-87.74447515297686, 41.88197], [-87.74447515297686, 41.89646275362319], [-87.76394101180634, 41.89646275362319], [-87.76394101180634, 41.88197]]]}, "properties": {"chi_id": "1N7W", "chi_ordinate": "\u03c7:1N7W", "name": "Laramie\u2013Kinzie chi", "label": "LarKin", "center": [-87.754208, 41.889216]}}, {"type": "Feature", "geometry": {"type": "Polygon", "coordinates": [[[-87.78340687063582, 41.88197], [-87.76394101180634, 41.88197], [-87.76394101180634, 41.89646275362319], [-87.78340687063582, 41.89646275362319], [-87.78340687063582, 41.88197]]]}, "properties": {"chi_id": "1N8W", "chi_ordinate": "\u03c7:1N8W", "name": "Austin\u2013Race chi", "label": "AusRac", "center": [-87.773674, 41.889216]}}, {"type": "Feature", "geometry": {"type": "Polygon", "coordinates": [[[-87.62768, 41.867477246376815], [-87.60821414117052, 41.867477246376815], [-87.60821414117052, 41.88197], [-87.62768, 41.88197], [-87.62768, 41.867477246376815]]]}, "properties": {"chi_id": "1S1E", "chi_ordinate": "\u03c7:1S1E", "name": "McCormick Pl Busway\u2013Jackson chi", "label": "McCJac", "center": [-87.617947, 41.874724]}}, {"type": "Feature", "geometry": {"type": "Polygon", "coordinates": [[[-87.64714585882948, 41.867477246376815], [-87.62768, 41.867477246376815], [-87.62768, 41.88197], [-87.64714585882948, 41.88197], [-87.64714585882948, 41.867477246376815]]]}, "properties": {"chi_id": "1S1W", "chi_ordinate": "\u03c7:1S1W", "name": "Clark\u2013Congress chi", "label": "ClaCon", "center": [-87.637413, 41.874724]}}, {"type": "Feature", "geometry": {"type": "Polygon", "coordinates": [[[-87.66661171765895, 41.867477246376815], [-87.64714585882948, 41.867477246376815], [-87.64714585882948, 41.88197], [-87.66661171765895, 41.88197], [-87.66661171765895, 41.867477246376815]]]}, "properties": {"chi_id": "1S2W", "chi_ordinate": "\u03c7:1S2W", "name": "Racine\u2013Congress chi", "label": "RacCon", "center": [-87.656879, 41.874724]}}, {"type": "Feature", "geometry": {"type": "Polygon", "coordinates": [[[-87.68607757648843, 41.867477246376815], [-87.66661171765895, 41.867477246376815], [-87.66661171765895, 41.88197], [-87.68607757648843, 41.88197], [-87.68607757648843, 41.867477246376815]]]}, "properties": {"chi_id": "1S3W", "chi_ordinate": "\u03c7:1S3W", "name": "Damen\u2013Congress chi", "label": "DamCon", "center": [-87.676345, 41.874724]}}, {"type": "Feature", "geometry": {"type": "Polygon", "coordinates": [[[-87.7055434353179, 41.867477246376815], [-87.68607757648843, 41.867477246376815], [-87.68607757648843, 41.88197], [-87.7055434353179, 41.88197], [-87.7055434353179, 41.867477246376815]]]}, "properties": {"chi_id": "1S4W", "chi_ordinate": "\u03c7:1S4W", "name": "California\u2013Congress chi", "label": "CalCon", "center": [-87.695811, 41.874724]}}, {"type": "Feature", "geometry": {"type": "Polygon", "coordinates": [[[-87.72500929414738, 41.867477246376815], [-87.7055434353179, 41.867477246376815], [-87.7055434353179, 41.88197], [-87.72500929414738, 41.88197], [-87.72500929414738, 41.867477246376815]]]}, "properties": {"chi_id": "1S5W", "chi_ordinate": "\u03c7:1S5W", "name": "Central Park\u2013Congress chi", "label": "CenCon", "center": [-87.715276, 41.874724]}}, {"type": "Feature", "geometry": {"type": "Polygon", "coordinates": [[[-87.74447515297686, 41.867477246376815], [-87.72500929414738, 41.867477246376815], [-87.72500929414738, 41.88197], [-87.74447515297686, 41.88197], [-87.74447515297686, 41.867477246376815]]]}, "properties": {"chi_id": "1S6W", "chi_ordinate": "\u03c7:1S6W", "name": "Kostner\u2013Congress chi", "label": "KosCon", "center": [-87.734742, 41.874724]}}, {"type": "Feature", "geometry": {"type": "Polygon", "coordinates": [[[-87.76394101180634, 41.867477246376815], [-87.74447515297686, 41.867477246376815], [-87.74447515297686, 41.88197], [-87.76394101180634, 41.88197], [-87.76394101180634, 41.867477246376815]]]}, "properties": {"chi_id": "1S7W", "chi_ordinate": "\u03c7:1S7W", "name": "Laramie\u2013Congress chi", "label": "LarCon", "center": [-87.754208, 41.874724]}}, {"type": "Feature", "geometry": {"type": "Polygon", "coordinates": [[[-87.78340687063582, 41.867477246376815], [-87.76394101180634, 41.867477246376815], [-87.76394101180634, 41.88197], [-87.78340687063582, 41.88197], [-87.78340687063582, 41.867477246376815]]]}, "properties": {"chi_id": "1S8W", "chi_ordinate": "\u03c7:1S8W", "name": "Austin\u2013Desplaines chi", "label": "AusDes", "center": [-87.773674, 41.874724]}}, {"type": "Feature", "geometry": {"type": "Polygon", "coordinates": [[[-87.82233858829477, 41.89646275362319], [-87.80287272946529, 41.89646275362319], [-87.80287272946529, 41.91095550724638], [-87.82233858829477, 41.91095550724638], [-87.82233858829477, 41.89646275362319]]]}, "properties": {"chi_id": "2N10W", "chi_ordinate": "\u03c7:2N10W", "name": "Neva\u2013Division chi", "label": "NevDivi", "center": [-87.812606, 41.903709]}}, {"type": "Feature", "geometry": {"type": "Polygon", "coordinates": [[[-87.62768, 41.89646275362319], [-87.60821414117052, 41.89646275362319], [-87.60821414117052, 41.91095550724638], [-87.62768, 41.91095550724638], [-87.62768, 41.89646275362319]]]}, "properties": {"chi_id": "2N1E", "chi_ordinate": "\u03c7:2N1E", "name": "Michigan\u2013Grand chi", "label": "MicGra", "center": [-87.617947, 41.903709]}}, {"type": "Feature", "geometry": {"type": "Polygon", "coordinates": [[[-87.64714585882948, 41.89646275362319], [-87.62768, 41.89646275362319], [-87.62768, 41.91095550724638], [-87.64714585882948, 41.91095550724638], [-87.64714585882948, 41.89646275362319]]]}, "properties": {"chi_id": "2N1W", "chi_ordinate": "\u03c7:2N1W", "name": "Clark\u2013Division chi", "label": "ClaDivi", "center": [-87.637413, 41.903709]}}, {"type": "Feature", "geometry": {"type": "Polygon", "coordinates": [[[-87.66661171765895, 41.89646275362319], [-87.64714585882948, 41.89646275362319], [-87.64714585882948, 41.91095550724638], [-87.66661171765895, 41.91095550724638], [-87.66661171765895, 41.89646275362319]]]}, "properties": {"chi_id": "2N2W", "chi_ordinate": "\u03c7:2N2W", "name": "Racine\u2013Division chi", "label": "RacDivi", "center": [-87.656879, 41.903709]}}, {"type": "Feature", "geometry": {"type": "Polygon", "coordinates": [[[-87.68607757648843, 41.89646275362319], [-87.66661171765895, 41.89646275362319], [-87.66661171765895, 41.91095550724638], [-87.68607757648843, 41.91095550724638], [-87.68607757648843, 41.89646275362319]]]}, "properties": {"chi_id": "2N3W", "chi_ordinate": "\u03c7:2N3W", "name": "Damen\u2013Division chi", "label": "DamDivi", "center": [-87.676345, 41.903709]}}, {"type": "Feature", "geometry": {"type": "Polygon", "coordinates": [[[-87.7055434353179, 41.89646275362319], [-87.68607757648843, 41.89646275362319], [-87.68607757648843, 41.91095550724638], [-87.7055434353179, 41.91095550724638], [-87.7055434353179, 41.89646275362319]]]}, "properties": {"chi_id": "2N4W", "chi_ordinate": "\u03c7:2N4W", "name": "California\u2013Division chi", "label": "CalDivi", "center": [-87.695811, 41.903709]}}, {"type": "Feature", "geometry": {"type": "Polygon", "coordinates": [[[-87.72500929414738, 41.89646275362319], [-87.7055434353179, 41.89646275362319], [-87.7055434353179, 41.91095550724638], [-87.72500929414738, 41.91095550724638], [-87.72500929414738, 41.89646275362319]]]}, "properties": {"chi_id": "2N5W", "chi_ordinate": "\u03c7:2N5W", "name": "Central Park\u2013Division chi", "label": "CenDivi", "center": [-87.715276, 41.903709]}}, {"type": "Feature", "geometry": {"type": "Polygon", "coordinates": [[[-87.74447515297686, 41.89646275362319], [-87.72500929414738, 41.89646275362319], [-87.72500929414738, 41.91095550724638], [-87.74447515297686, 41.91095550724638], [-87.74447515297686, 41.89646275362319]]]}, "properties": {"chi_id": "2N6W", "chi_ordinate": "\u03c7:2N6W", "name": "Kostner\u2013Division chi", "label": "KosDivi", "center": [-87.734742, 41.903709]}}, {"type": "Feature", "geometry": {"type": "Polygon", "coordinates": [[[-87.76394101180634, 41.89646275362319], [-87.74447515297686, 41.89646275362319], [-87.74447515297686, 41.91095550724638], [-87.76394101180634, 41.91095550724638], [-87.76394101180634, 41.89646275362319]]]}, "properties": {"chi_id": "2N7W", "chi_ordinate": "\u03c7:2N7W", "name": "Laramie\u2013Division chi", "label": "LarDivi", "center": [-87.754208, 41.903709]}}, {"type": "Feature", "geometry": {"type": "Polygon", "coordinates": [[[-87.78340687063582, 41.89646275362319], [-87.76394101180634, 41.89646275362319], [-87.76394101180634, 41.91095550724638], [-87.78340687063582, 41.91095550724638], [-87.78340687063582, 41.89646275362319]]]}, "properties": {"chi_id": "2N8W", "chi_ordinate": "\u03c7:2N8W", "name": "Austin\u2013Division chi", "label": "AusDivi", "center": [-87.773674, 41.903709]}}, {"type": "Feature", "geometry": {"type": "Polygon", "coordinates": [[[-87.80287272946529, 41.89646275362319], [-87.78340687063582, 41.89646275362319], [-87.78340687063582, 41.91095550724638], [-87.80287272946529, 41.91095550724638], [-87.80287272946529, 41.89646275362319]]]}, "properties": {"chi_id": "2N9W", "chi_ordinate": "\u03c7:2N9W", "name": "Oak Park\u2013Grand chi", "label": "OakGra", "center": [-87.79314, 41.903709]}}, {"type": "Feature", "geometry": {"type": "Polygon", "coordinates": [[[-87.62768, 41.85298449275363], [-87.60821414117052, 41.85298449275363], [-87.60821414117052, 41.867477246376815], [-87.62768, 41.867477246376815], [-87.62768, 41.85298449275363]]]}, "properties": {"chi_id": "2S1E", "chi_ordinate": "\u03c7:2S1E", "name": "Prairie\u201316th chi", "label": "Pra16", "center": [-87.617947, 41.860231]}}, {"type": "Feature", "geometry": {"type": "Polygon", "coordinates": [[[-87.64714585882948, 41.85298449275363], [-87.62768, 41.85298449275363], [-87.62768, 41.867477246376815], [-87.64714585882948, 41.867477246376815], [-87.64714585882948, 41.85298449275363]]]}, "properties": {"chi_id": "2S1W", "chi_ordinate": "\u03c7:2S1W", "name": "Clark\u201316th chi", "label": "Cla16", "center": [-87.637413, 41.860231]}}, {"type": "Feature", "geometry": {"type": "Polygon", "coordinates": [[[-87.60821414117052, 41.85298449275363], [-87.58874828234104, 41.85298449275363], [-87.58874828234104, 41.867477246376815], [-87.60821414117052, 41.867477246376815], [-87.60821414117052, 41.85298449275363]]]}, "properties": {"chi_id": "2S2E", "chi_ordinate": "\u03c7:2S2E", "name": "Moe\u201316th chi", "label": "Moe16", "center": [-87.598481, 41.860231]}}, {"type": "Feature", "geometry": {"type": "Polygon", "coordinates": [[[-87.66661171765895, 41.85298449275363], [-87.64714585882948, 41.85298449275363], [-87.64714585882948, 41.867477246376815], [-87.66661171765895, 41.867477246376815], [-87.66661171765895, 41.85298449275363]]]}, "properties": {"chi_id": "2S2W", "chi_ordinate": "\u03c7:2S2W", "name": "Racine\u201316th chi", "label": "Rac16", "center": [-87.656879, 41.860231]}}, {"type": "Feature", "geometry": {"type": "Polygon", "coordinates": [[[-87.68607757648843, 41.85298449275363], [-87.66661171765895, 41.85298449275363], [-87.66661171765895, 41.867477246376815], [-87.68607757648843, 41.867477246376815], [-87.68607757648843, 41.85298449275363]]]}, "properties": {"chi_id": "2S3W", "chi_ordinate": "\u03c7:2S3W", "name": "Damen\u201316th chi", "label": "Dam16", "center": [-87.676345, 41.860231]}}, {"type": "Feature", "geometry": {"type": "Polygon", "coordinates": [[[-87.7055434353179, 41.85298449275363], [-87.68607757648843, 41.85298449275363], [-87.68607757648843, 41.867477246376815], [-87.7055434353179, 41.867477246376815], [-87.7055434353179, 41.85298449275363]]]}, "properties": {"chi_id": "2S4W", "chi_ordinate": "\u03c7:2S4W", "name": "California\u201316th chi", "label": "Cal16", "center": [-87.695811, 41.860231]}}, {"type": "Feature", "geometry": {"type": "Polygon", "coordinates": [[[-87.72500929414738, 41.85298449275363], [-87.7055434353179, 41.85298449275363], [-87.7055434353179, 41.867477246376815], [-87.72500929414738, 41.867477246376815], [-87.72500929414738, 41.85298449275363]]]}, "properties": {"chi_id": "2S5W", "chi_ordinate": "\u03c7:2S5W", "name": "Central Park\u201316th chi", "label": "Cen16", "center": [-87.715276, 41.860231]}}, {"type": "Feature", "geometry": {"type": "Polygon", "coordinates": [[[-87.74447515297686, 41.85298449275363], [-87.72500929414738, 41.85298449275363], [-87.72500929414738, 41.867477246376815], [-87.74447515297686, 41.867477246376815], [-87.74447515297686, 41.85298449275363]]]}, "properties": {"chi_id": "2S6W", "chi_ordinate": "\u03c7:2S6W", "name": "Kostner\u201316th chi", "label": "Kos16", "center": [-87.734742, 41.860231]}}, {"type": "Feature", "geometry": {"type": "Polygon", "coordinates": [[[-87.76394101180634, 41.85298449275363], [-87.74447515297686, 41.85298449275363], [-87.74447515297686, 41.867477246376815], [-87.76394101180634, 41.867477246376815], [-87.76394101180634, 41.85298449275363]]]}, "properties": {"chi_id": "2S7W", "chi_ordinate": "\u03c7:2S7W", "name": "Laramie\u2013Fillmore chi", "label": "LarFil", "center": [-87.754208, 41.860231]}}, {"type": "Feature", "geometry": {"type": "Polygon", "coordinates": [[[-87.78340687063582, 41.85298449275363], [-87.76394101180634, 41.85298449275363], [-87.76394101180634, 41.867477246376815], [-87.78340687063582, 41.867477246376815], [-87.78340687063582, 41.85298449275363]]]}, "properties": {"chi_id": "2S8W", "chi_ordinate": "\u03c7:2S8W", "name": "Austin\u2013Fillmore chi", "label": "AusFil", "center": [-87.773674, 41.860231]}}, {"type": "Feature", "geometry": {"type": "Polygon", "coordinates": [[[-87.82233858829477, 41.91095550724638], [-87.80287272946529, 41.91095550724638], [-87.80287272946529, 41.925448260869565], [-87.82233858829477, 41.925448260869565], [-87.82233858829477, 41.91095550724638]]]}, "properties": {"chi_id": "3N10W", "chi_ordinate": "\u03c7:3N10W", "name": "Neva\u2013Wellington chi", "label": "NevWel", "center": [-87.812606, 41.918202]}}, {"type": "Feature", "geometry": {"type": "Polygon", "coordinates": [[[-87.62768, 41.91095550724638], [-87.60821414117052, 41.91095550724638], [-87.60821414117052, 41.925448260869565], [-87.62768, 41.925448260869565], [-87.62768, 41.91095550724638]]]}, "properties": {"chi_id": "3N1E", "chi_ordinate": "\u03c7:3N1E", "name": "Cannon\u2013Grand chi", "label": "CanGra", "center": [-87.617947, 41.918202]}}, {"type": "Feature", "geometry": {"type": "Polygon", "coordinates": [[[-87.64714585882948, 41.91095550724638], [-87.62768, 41.91095550724638], [-87.62768, 41.925448260869565], [-87.64714585882948, 41.925448260869565], [-87.64714585882948, 41.91095550724638]]]}, "properties": {"chi_id": "3N1W", "chi_ordinate": "\u03c7:3N1W", "name": "Clark\u2013Armitage chi", "label": "ClaArm", "center": [-87.637413, 41.918202]}}, {"type": "Feature", "geometry": {"type": "Polygon", "coordinates": [[[-87.66661171765895, 41.91095550724638], [-87.64714585882948, 41.91095550724638], [-87.64714585882948, 41.925448260869565], [-87.66661171765895, 41.925448260869565], [-87.66661171765895, 41.91095550724638]]]}, "properties": {"chi_id": "3N2W", "chi_ordinate": "\u03c7:3N2W", "name": "Racine\u2013Armitage chi", "label": "RacArm", "center": [-87.656879, 41.918202]}}, {"type": "Feature", "geometry": {"type": "Polygon", "coordinates": [[[-87.68607757648843, 41.91095550724638], [-87.66661171765895, 41.91095550724638], [-87.66661171765895, 41.925448260869565], [-87.68607757648843, 41.925448260869565], [-87.68607757648843, 41.91095550724638]]]}, "properties": {"chi_id": "3N3W", "chi_ordinate": "\u03c7:3N3W", "name": "Damen\u2013Armitage chi", "label": "DamArm", "center": [-87.676345, 41.918202]}}, {"type": "Feature", "geometry": {"type": "Polygon", "coordinates": [[[-87.7055434353179, 41.91095550724638], [-87.68607757648843, 41.91095550724638], [-87.68607757648843, 41.925448260869565], [-87.7055434353179, 41.925448260869565], [-87.7055434353179, 41.91095550724638]]]}, "properties": {"chi_id": "3N4W", "chi_ordinate": "\u03c7:3N4W", "name": "California\u2013Armitage chi", "label": "CalArm", "center": [-87.695811, 41.918202]}}, {"type": "Feature", "geometry": {"type": "Polygon", "coordinates": [[[-87.72500929414738, 41.91095550724638], [-87.7055434353179, 41.91095550724638], [-87.7055434353179, 41.925448260869565], [-87.72500929414738, 41.925448260869565], [-87.72500929414738, 41.91095550724638]]]}, "properties": {"chi_id": "3N5W", "chi_ordinate": "\u03c7:3N5W", "name": "Central Park\u2013Armitage chi", "label": "CenArm", "center": [-87.715276, 41.918202]}}, {"type": "Feature", "geometry": {"type": "Polygon", "coordinates": [[[-87.74447515297686, 41.91095550724638], [-87.72500929414738, 41.91095550724638], [-87.72500929414738, 41.925448260869565], [-87.74447515297686, 41.925448260869565], [-87.74447515297686, 41.91095550724638]]]}, "properties": {"chi_id": "3N6W", "chi_ordinate": "\u03c7:3N6W", "name": "Kostner\u2013Armitage chi", "label": "KosArm", "center": [-87.734742, 41.918202]}}, {"type": "Feature", "geometry": {"type": "Polygon", "coordinates": [[[-87.76394101180634, 41.91095550724638], [-87.74447515297686, 41.91095550724638], [-87.74447515297686, 41.925448260869565], [-87.76394101180634, 41.925448260869565], [-87.76394101180634, 41.91095550724638]]]}, "properties": {"chi_id": "3N7W", "chi_ordinate": "\u03c7:3N7W", "name": "Laramie\u2013Armitage chi", "label": "LarArm", "center": [-87.754208, 41.918202]}}, {"type": "Feature", "geometry": {"type": "Polygon", "coordinates": [[[-87.78340687063582, 41.91095550724638], [-87.76394101180634, 41.91095550724638], [-87.76394101180634, 41.925448260869565], [-87.78340687063582, 41.925448260869565], [-87.78340687063582, 41.91095550724638]]]}, "properties": {"chi_id": "3N8W", "chi_ordinate": "\u03c7:3N8W", "name": "Austin\u2013Armitage chi", "label": "AusArm", "center": [-87.773674, 41.918202]}}, {"type": "Feature", "geometry": {"type": "Polygon", "coordinates": [[[-87.80287272946529, 41.91095550724638], [-87.78340687063582, 41.91095550724638], [-87.78340687063582, 41.925448260869565], [-87.80287272946529, 41.925448260869565], [-87.80287272946529, 41.91095550724638]]]}, "properties": {"chi_id": "3N9W", "chi_ordinate": "\u03c7:3N9W", "name": "Oak Park\u2013Armitage chi", "label": "OakArm", "center": [-87.79314, 41.918202]}}, {"type": "Feature", "geometry": {"type": "Polygon", "coordinates": [[[-87.62768, 41.83849173913044], [-87.60821414117052, 41.83849173913044], [-87.60821414117052, 41.85298449275363], [-87.62768, 41.85298449275363], [-87.62768, 41.83849173913044]]]}, "properties": {"chi_id": "3S1E", "chi_ordinate": "\u03c7:3S1E", "name": "Prairie\u201326th chi", "label": "Pra26", "center": [-87.617947, 41.845738]}}, {"type": "Feature", "geometry": {"type": "Polygon", "coordinates": [[[-87.64714585882948, 41.83849173913044], [-87.62768, 41.83849173913044], [-87.62768, 41.85298449275363], [-87.64714585882948, 41.85298449275363], [-87.64714585882948, 41.83849173913044]]]}, "properties": {"chi_id": "3S1W", "chi_ordinate": "\u03c7:3S1W", "name": "Normal\u201326th chi", "label": "Nor26", "center": [-87.637413, 41.845738]}}, {"type": "Feature", "geometry": {"type": "Polygon", "coordinates": [[[-87.60821414117052, 41.83849173913044], [-87.58874828234104, 41.83849173913044], [-87.58874828234104, 41.85298449275363], [-87.60821414117052, 41.85298449275363], [-87.60821414117052, 41.83849173913044]]]}, "properties": {"chi_id": "3S2E", "chi_ordinate": "\u03c7:3S2E", "name": "Lake Park\u201326th chi", "label": "Lak26", "center": [-87.598481, 41.845738]}}, {"type": "Feature", "geometry": {"type": "Polygon", "coordinates": [[[-87.66661171765895, 41.83849173913044], [-87.64714585882948, 41.83849173913044], [-87.64714585882948, 41.85298449275363], [-87.66661171765895, 41.85298449275363], [-87.66661171765895, 41.83849173913044]]]}, "properties": {"chi_id": "3S2W", "chi_ordinate": "\u03c7:3S2W", "name": "Racine\u201326th chi", "label": "Rac26", "center": [-87.656879, 41.845738]}}, {"type": "Feature", "geometry": {"type": "Polygon", "coordinates": [[[-87.68607757648843, 41.83849173913044], [-87.66661171765895, 41.83849173913044], [-87.66661171765895, 41.85298449275363], [-87.68607757648843, 41.85298449275363], [-87.68607757648843, 41.83849173913044]]]}, "properties": {"chi_id": "3S3W", "chi_ordinate": "\u03c7:3S3W", "name": "Damen\u201326th chi", "label": "Dam26", "center": [-87.676345, 41.845738]}}, {"type": "Feature", "geometry": {"type": "Polygon", "coordinates": [[[-87.7055434353179, 41.83849173913044], [-87.68607757648843, 41.83849173913044], [-87.68607757648843, 41.85298449275363], [-87.7055434353179, 41.85298449275363], [-87.7055434353179, 41.83849173913044]]]}, "properties": {"chi_id": "3S4W", "chi_ordinate": "\u03c7:3S4W", "name": "California\u201326th chi", "label": "Cal26", "center": [-87.695811, 41.845738]}}, {"type": "Feature", "geometry": {"type": "Polygon", "coordinates": [[[-87.72500929414738, 41.83849173913044], [-87.7055434353179, 41.83849173913044], [-87.7055434353179, 41.85298449275363], [-87.72500929414738, 41.85298449275363], [-87.72500929414738, 41.83849173913044]]]}, "properties": {"chi_id": "3S5W", "chi_ordinate": "\u03c7:3S5W", "name": "Central Park\u201326th chi", "label": "Cen26", "center": [-87.715276, 41.845738]}}, {"type": "Feature", "geometry": {"type": "Polygon", "coordinates": [[[-87.74447515297686, 41.83849173913044], [-87.72500929414738, 41.83849173913044], [-87.72500929414738, 41.85298449275363], [-87.74447515297686, 41.85298449275363], [-87.74447515297686, 41.83849173913044]]]}, "properties": {"chi_id": "3S6W", "chi_ordinate": "\u03c7:3S6W", "name": "Kostner\u201326th chi", "label": "Kos26", "center": [-87.734742, 41.845738]}}, {"type": "Feature", "geometry": {"type": "Polygon", "coordinates": [[[-87.82233858829477, 41.925448260869565], [-87.80287272946529, 41.925448260869565], [-87.80287272946529, 41.93994101449275], [-87.82233858829477, 41.93994101449275], [-87.82233858829477, 41.925448260869565]]]}, "properties": {"chi_id": "4N10W", "chi_ordinate": "\u03c7:4N10W", "name": "Oriole\u2013Wellington chi", "label": "OriWel", "center": [-87.812606, 41.932695]}}, {"type": "Feature", "geometry": {"type": "Polygon", "coordinates": [[[-87.84180444712425, 41.925448260869565], [-87.82233858829477, 41.925448260869565], [-87.82233858829477, 41.93994101449275], [-87.84180444712425, 41.93994101449275], [-87.84180444712425, 41.925448260869565]]]}, "properties": {"chi_id": "4N11W", "chi_ordinate": "\u03c7:4N11W", "name": "Oriole\u2013School chi", "label": "OriSch", "center": [-87.832072, 41.932695]}}, {"type": "Feature", "geometry": {"type": "Polygon", "coordinates": [[[-87.86127030595372, 41.925448260869565], [-87.84180444712425, 41.925448260869565], [-87.84180444712425, 41.93994101449275], [-87.86127030595372, 41.93994101449275], [-87.86127030595372, 41.925448260869565]]]}, "properties": {"chi_id": "4N12W", "chi_ordinate": "\u03c7:4N12W", "name": "OHare-6F", "label": "OHare-6F", "center": [-87.851537, 41.932695]}}, {"type": "Feature", "geometry": {"type": "Polygon", "coordinates": [[[-87.64714585882948, 41.925448260869565], [-87.62768, 41.925448260869565], [-87.62768, 41.93994101449275], [-87.64714585882948, 41.93994101449275], [-87.64714585882948, 41.925448260869565]]]}, "properties": {"chi_id": "4N1W", "chi_ordinate": "\u03c7:4N1W", "name": "Clark\u2013Diversey chi", "label": "ClaDive", "center": [-87.637413, 41.932695]}}, {"type": "Feature", "geometry": {"type": "Polygon", "coordinates": [[[-87.66661171765895, 41.925448260869565], [-87.64714585882948, 41.925448260869565], [-87.64714585882948, 41.93994101449275], [-87.66661171765895, 41.93994101449275], [-87.66661171765895, 41.925448260869565]]]}, "properties": {"chi_id": "4N2W", "chi_ordinate": "\u03c7:4N2W", "name": "Racine\u2013Diversey chi", "label": "RacDive", "center": [-87.656879, 41.932695]}}, {"type": "Feature", "geometry": {"type": "Polygon", "coordinates": [[[-87.68607757648843, 41.925448260869565], [-87.66661171765895, 41.925448260869565], [-87.66661171765895, 41.93994101449275], [-87.68607757648843, 41.93994101449275], [-87.68607757648843, 41.925448260869565]]]}, "properties": {"chi_id": "4N3W", "chi_ordinate": "\u03c7:4N3W", "name": "Damen\u2013Diversey chi", "label": "DamDive", "center": [-87.676345, 41.932695]}}, {"type": "Feature", "geometry": {"type": "Polygon", "coordinates": [[[-87.7055434353179, 41.925448260869565], [-87.68607757648843, 41.925448260869565], [-87.68607757648843, 41.93994101449275], [-87.7055434353179, 41.93994101449275], [-87.7055434353179, 41.925448260869565]]]}, "properties": {"chi_id": "4N4W", "chi_ordinate": "\u03c7:4N4W", "name": "California\u2013Diversey chi", "label": "CalDive", "center": [-87.695811, 41.932695]}}, {"type": "Feature", "geometry": {"type": "Polygon", "coordinates": [[[-87.72500929414738, 41.925448260869565], [-87.7055434353179, 41.925448260869565], [-87.7055434353179, 41.93994101449275], [-87.72500929414738, 41.93994101449275], [-87.72500929414738, 41.925448260869565]]]}, "properties": {"chi_id": "4N5W", "chi_ordinate": "\u03c7:4N5W", "name": "Central Park\u2013Diversey chi", "label": "CenDive", "center": [-87.715276, 41.932695]}}, {"type": "Feature", "geometry": {"type": "Polygon", "coordinates": [[[-87.74447515297686, 41.925448260869565], [-87.72500929414738, 41.925448260869565], [-87.72500929414738, 41.93994101449275], [-87.74447515297686, 41.93994101449275], [-87.74447515297686, 41.925448260869565]]]}, "properties": {"chi_id": "4N6W", "chi_ordinate": "\u03c7:4N6W", "name": "Kostner\u2013Diversey chi", "label": "KosDive", "center": [-87.734742, 41.932695]}}, {"type": "Feature", "geometry": {"type": "Polygon", "coordinates": [[[-87.76394101180634, 41.925448260869565], [-87.74447515297686, 41.925448260869565], [-87.74447515297686, 41.93994101449275], [-87.76394101180634, 41.93994101449275], [-87.76394101180634, 41.925448260869565]]]}, "properties": {"chi_id": "4N7W", "chi_ordinate": "\u03c7:4N7W", "name": "Laramie\u2013Diversey chi", "label": "LarDive", "center": [-87.754208, 41.932695]}}, {"type": "Feature", "geometry": {"type": "Polygon", "coordinates": [[[-87.78340687063582, 41.925448260869565], [-87.76394101180634, 41.925448260869565], [-87.76394101180634, 41.93994101449275], [-87.78340687063582, 41.93994101449275], [-87.78340687063582, 41.925448260869565]]]}, "properties": {"chi_id": "4N8W", "chi_ordinate": "\u03c7:4N8W", "name": "Austin\u2013Diversey chi", "label": "AusDive", "center": [-87.773674, 41.932695]}}, {"type": "Feature", "geometry": {"type": "Polygon", "coordinates": [[[-87.80287272946529, 41.925448260869565], [-87.78340687063582, 41.925448260869565], [-87.78340687063582, 41.93994101449275], [-87.80287272946529, 41.93994101449275], [-87.80287272946529, 41.925448260869565]]]}, "properties": {"chi_id": "4N9W", "chi_ordinate": "\u03c7:4N9W", "name": "Oak Park\u2013Diversey chi", "label": "OakDive", "center": [-87.79314, 41.932695]}}, {"type": "Feature", "geometry": {"type": "Polygon", "coordinates": [[[-87.62768, 41.82399898550725], [-87.60821414117052, 41.82399898550725], [-87.60821414117052, 41.83849173913044], [-87.62768, 41.83849173913044], [-87.62768, 41.82399898550725]]]}, "properties": {"chi_id": "4S1E", "chi_ordinate": "\u03c7:4S1E", "name": "Prairie\u201335th chi", "label": "Pra35", "center": [-87.617947, 41.831245]}}, {"type": "Feature", "geometry": {"type": "Polygon", "coordinates": [[[-87.64714585882948, 41.82399898550725], [-87.62768, 41.82399898550725], [-87.62768, 41.83849173913044], [-87.64714585882948, 41.83849173913044], [-87.64714585882948, 41.82399898550725]]]}, "properties": {"chi_id": "4S1W", "chi_ordinate": "\u03c7:4S1W", "name": "Parnell\u201335th chi", "label": "Par35", "center": [-87.637413, 41.831245]}}, {"type": "Feature", "geometry": {"type": "Polygon", "coordinates": [[[-87.60821414117052, 41.82399898550725], [-87.58874828234104, 41.82399898550725], [-87.58874828234104, 41.83849173913044], [-87.60821414117052, 41.83849173913044], [-87.60821414117052, 41.82399898550725]]]}, "properties": {"chi_id": "4S2E", "chi_ordinate": "\u03c7:4S2E", "name": "Lake Park\u201340th chi", "label": "Lak40", "center": [-87.598481, 41.831245]}}, {"type": "Feature", "geometry": {"type": "Polygon", "coordinates": [[[-87.66661171765895, 41.82399898550725], [-87.64714585882948, 41.82399898550725], [-87.64714585882948, 41.83849173913044], [-87.66661171765895, 41.83849173913044], [-87.66661171765895, 41.82399898550725]]]}, "properties": {"chi_id": "4S2W", "chi_ordinate": "\u03c7:4S2W", "name": "Racine\u201335th chi", "label": "Rac35", "center": [-87.656879, 41.831245]}}, {"type": "Feature", "geometry": {"type": "Polygon", "coordinates": [[[-87.68607757648843, 41.82399898550725], [-87.66661171765895, 41.82399898550725], [-87.66661171765895, 41.83849173913044], [-87.68607757648843, 41.83849173913044], [-87.68607757648843, 41.82399898550725]]]}, "properties": {"chi_id": "4S3W", "chi_ordinate": "\u03c7:4S3W", "name": "Damen\u201335th chi", "label": "Dam35", "center": [-87.676345, 41.831245]}}, {"type": "Feature", "geometry": {"type": "Polygon", "coordinates": [[[-87.7055434353179, 41.82399898550725], [-87.68607757648843, 41.82399898550725], [-87.68607757648843, 41.83849173913044], [-87.7055434353179, 41.83849173913044], [-87.7055434353179, 41.82399898550725]]]}, "properties": {"chi_id": "4S4W", "chi_ordinate": "\u03c7:4S4W", "name": "California\u201335th chi", "label": "Cal35", "center": [-87.695811, 41.831245]}}, {"type": "Feature", "geometry": {"type": "Polygon", "coordinates": [[[-87.72500929414738, 41.82399898550725], [-87.7055434353179, 41.82399898550725], [-87.7055434353179, 41.83849173913044], [-87.72500929414738, 41.83849173913044], [-87.72500929414738, 41.82399898550725]]]}, "properties": {"chi_id": "4S5W", "chi_ordinate": "\u03c7:4S5W", "name": "Central Park\u201335th chi", "label": "Cen35", "center": [-87.715276, 41.831245]}}, {"type": "Feature", "geometry": {"type": "Polygon", "coordinates": [[[-87.74447515297686, 41.82399898550725], [-87.72500929414738, 41.82399898550725], [-87.72500929414738, 41.83849173913044], [-87.74447515297686, 41.83849173913044], [-87.74447515297686, 41.82399898550725]]]}, "properties": {"chi_id": "4S6W", "chi_ordinate": "\u03c7:4S6W", "name": "Kostner\u201335th chi", "label": "Kos35", "center": [-87.734742, 41.831245]}}, {"type": "Feature", "geometry": {"type": "Polygon", "coordinates": [[[-87.82233858829477, 41.93994101449276], [-87.80287272946529, 41.93994101449276], [-87.80287272946529, 41.95443376811595], [-87.82233858829477, 41.95443376811595], [-87.82233858829477, 41.93994101449276]]]}, "properties": {"chi_id": "5N10W", "chi_ordinate": "\u03c7:5N10W", "name": "Oriole\u2013Addison chi", "label": "OriAdd", "center": [-87.812606, 41.947187]}}, {"type": "Feature", "geometry": {"type": "Polygon", "coordinates": [[[-87.84180444712425, 41.93994101449276], [-87.82233858829477, 41.93994101449276], [-87.82233858829477, 41.95443376811595], [-87.84180444712425, 41.95443376811595], [-87.84180444712425, 41.93994101449276]]]}, "properties": {"chi_id": "5N11W", "chi_ordinate": "\u03c7:5N11W", "name": "Cumberland\u2013Addison chi", "label": "CumAdd", "center": [-87.832072, 41.947187]}}, {"type": "Feature", "geometry": {"type": "Polygon", "coordinates": [[[-87.86127030595372, 41.93994101449276], [-87.84180444712425, 41.93994101449276], [-87.84180444712425, 41.95443376811595], [-87.86127030595372, 41.95443376811595], [-87.86127030595372, 41.93994101449276]]]}, "properties": {"chi_id": "5N12W", "chi_ordinate": "\u03c7:5N12W", "name": "Cumberland\u2013Addison chi", "label": "CumAdd", "center": [-87.851537, 41.947187]}}, {"type": "Feature", "geometry": {"type": "Polygon", "coordinates": [[[-87.90020202361268, 41.93994101449276], [-87.8807361647832, 41.93994101449276], [-87.8807361647832, 41.95443376811595], [-87.90020202361268, 41.95443376811595], [-87.90020202361268, 41.93994101449276]]]}, "properties": {"chi_id": "5N14W", "chi_ordinate": "\u03c7:5N14W", "name": "OHare-5D", "label": "OHare-5D", "center": [-87.890469, 41.947187]}}, {"type": "Feature", "geometry": {"type": "Polygon", "coordinates": [[[-87.91966788244216, 41.93994101449276], [-87.90020202361268, 41.93994101449276], [-87.90020202361268, 41.95443376811595], [-87.91966788244216, 41.95443376811595], [-87.91966788244216, 41.93994101449276]]]}, "properties": {"chi_id": "5N15W", "chi_ordinate": "\u03c7:5N15W", "name": "OHare-5C", "label": "OHare-5C", "center": [-87.909935, 41.947187]}}, {"type": "Feature", "geometry": {"type": "Polygon", "coordinates": [[[-87.93913374127163, 41.93994101449276], [-87.91966788244216, 41.93994101449276], [-87.91966788244216, 41.95443376811595], [-87.93913374127163, 41.95443376811595], [-87.93913374127163, 41.93994101449276]]]}, "properties": {"chi_id": "5N16W", "chi_ordinate": "\u03c7:5N16W", "name": "OHare-5B", "label": "OHare-5B", "center": [-87.929401, 41.947187]}}, {"type": "Feature", "geometry": {"type": "Polygon", "coordinates": [[[-87.64714585882948, 41.93994101449276], [-87.62768, 41.93994101449276], [-87.62768, 41.95443376811595], [-87.64714585882948, 41.95443376811595], [-87.64714585882948, 41.93994101449276]]]}, "properties": {"chi_id": "5N1W", "chi_ordinate": "\u03c7:5N1W", "name": "Clark\u2013Roscoe chi", "label": "ClaRos", "center": [-87.637413, 41.947187]}}, {"type": "Feature", "geometry": {"type": "Polygon", "coordinates": [[[-87.66661171765895, 41.93994101449276], [-87.64714585882948, 41.93994101449276], [-87.64714585882948, 41.95443376811595], [-87.66661171765895, 41.95443376811595], [-87.66661171765895, 41.93994101449276]]]}, "properties": {"chi_id": "5N2W", "chi_ordinate": "\u03c7:5N2W", "name": "Racine\u2013Addison chi", "label": "RacAdd", "center": [-87.656879, 41.947187]}}, {"type": "Feature", "geometry": {"type": "Polygon", "coordinates": [[[-87.68607757648843, 41.93994101449276], [-87.66661171765895, 41.93994101449276], [-87.66661171765895, 41.95443376811595], [-87.68607757648843, 41.95443376811595], [-87.68607757648843, 41.93994101449276]]]}, "properties": {"chi_id": "5N3W", "chi_ordinate": "\u03c7:5N3W", "name": "Damen\u2013Addison chi", "label": "DamAdd", "center": [-87.676345, 41.947187]}}, {"type": "Feature", "geometry": {"type": "Polygon", "coordinates": [[[-87.7055434353179, 41.93994101449276], [-87.68607757648843, 41.93994101449276], [-87.68607757648843, 41.95443376811595], [-87.7055434353179, 41.95443376811595], [-87.7055434353179, 41.93994101449276]]]}, "properties": {"chi_id": "5N4W", "chi_ordinate": "\u03c7:5N4W", "name": "California\u2013Addison chi", "label": "CalAdd", "center": [-87.695811, 41.947187]}}, {"type": "Feature", "geometry": {"type": "Polygon", "coordinates": [[[-87.72500929414738, 41.93994101449276], [-87.7055434353179, 41.93994101449276], [-87.7055434353179, 41.95443376811595], [-87.72500929414738, 41.95443376811595], [-87.72500929414738, 41.93994101449276]]]}, "properties": {"chi_id": "5N5W", "chi_ordinate": "\u03c7:5N5W", "name": "Central Park\u2013Addison chi", "label": "CenAdd", "center": [-87.715276, 41.947187]}}, {"type": "Feature", "geometry": {"type": "Polygon", "coordinates": [[[-87.74447515297686, 41.93994101449276], [-87.72500929414738, 41.93994101449276], [-87.72500929414738, 41.95443376811595], [-87.74447515297686, 41.95443376811595], [-87.74447515297686, 41.93994101449276]]]}, "properties": {"chi_id": "5N6W", "chi_ordinate": "\u03c7:5N6W", "name": "Kostner\u2013Addison chi", "label": "KosAdd", "center": [-87.734742, 41.947187]}}, {"type": "Feature", "geometry": {"type": "Polygon", "coordinates": [[[-87.76394101180634, 41.93994101449276], [-87.74447515297686, 41.93994101449276], [-87.74447515297686, 41.95443376811595], [-87.76394101180634, 41.95443376811595], [-87.76394101180634, 41.93994101449276]]]}, "properties": {"chi_id": "5N7W", "chi_ordinate": "\u03c7:5N7W", "name": "Laramie\u2013Addison chi", "label": "LarAdd", "center": [-87.754208, 41.947187]}}, {"type": "Feature", "geometry": {"type": "Polygon", "coordinates": [[[-87.78340687063582, 41.93994101449276], [-87.76394101180634, 41.93994101449276], [-87.76394101180634, 41.95443376811595], [-87.78340687063582, 41.95443376811595], [-87.78340687063582, 41.93994101449276]]]}, "properties": {"chi_id": "5N8W", "chi_ordinate": "\u03c7:5N8W", "name": "Austin\u2013Addison chi", "label": "AusAdd", "center": [-87.773674, 41.947187]}}, {"type": "Feature", "geometry": {"type": "Polygon", "coordinates": [[[-87.80287272946529, 41.93994101449276], [-87.78340687063582, 41.93994101449276], [-87.78340687063582, 41.95443376811595], [-87.80287272946529, 41.95443376811595], [-87.80287272946529, 41.93994101449276]]]}, "properties": {"chi_id": "5N9W", "chi_ordinate": "\u03c7:5N9W", "name": "Oak Park\u2013Addison chi", "label": "OakAdd", "center": [-87.79314, 41.947187]}}, {"type": "Feature", "geometry": {"type": "Polygon", "coordinates": [[[-87.62768, 41.80950623188406], [-87.60821414117052, 41.80950623188406], [-87.60821414117052, 41.823998985507245], [-87.62768, 41.823998985507245], [-87.62768, 41.80950623188406]]]}, "properties": {"chi_id": "5S1E", "chi_ordinate": "\u03c7:5S1E", "name": "Prairie\u201343rd chi", "label": "Pra43", "center": [-87.617947, 41.816753]}}, {"type": "Feature", "geometry": {"type": "Polygon", "coordinates": [[[-87.64714585882948, 41.80950623188406], [-87.62768, 41.80950623188406], [-87.62768, 41.823998985507245], [-87.64714585882948, 41.823998985507245], [-87.64714585882948, 41.80950623188406]]]}, "properties": {"chi_id": "5S1W", "chi_ordinate": "\u03c7:5S1W", "name": "Parnell\u201343rd chi", "label": "Par43", "center": [-87.637413, 41.816753]}}, {"type": "Feature", "geometry": {"type": "Polygon", "coordinates": [[[-87.60821414117052, 41.80950623188406], [-87.58874828234104, 41.80950623188406], [-87.58874828234104, 41.823998985507245], [-87.60821414117052, 41.823998985507245], [-87.60821414117052, 41.80950623188406]]]}, "properties": {"chi_id": "5S2E", "chi_ordinate": "\u03c7:5S2E", "name": "Woodlawn\u201343rd chi", "label": "Woo43", "center": [-87.598481, 41.816753]}}, {"type": "Feature", "geometry": {"type": "Polygon", "coordinates": [[[-87.66661171765895, 41.80950623188406], [-87.64714585882948, 41.80950623188406], [-87.64714585882948, 41.823998985507245], [-87.66661171765895, 41.823998985507245], [-87.66661171765895, 41.80950623188406]]]}, "properties": {"chi_id": "5S2W", "chi_ordinate": "\u03c7:5S2W", "name": "Racine\u201343rd chi", "label": "Rac43", "center": [-87.656879, 41.816753]}}, {"type": "Feature", "geometry": {"type": "Polygon", "coordinates": [[[-87.58874828234104, 41.80950623188406], [-87.56928242351157, 41.80950623188406], [-87.56928242351157, 41.823998985507245], [-87.58874828234104, 41.823998985507245], [-87.58874828234104, 41.80950623188406]]]}, "properties": {"chi_id": "5S3E", "chi_ordinate": "\u03c7:5S3E", "name": "Woodlawn\u201353rd chi", "label": "Woo53", "center": [-87.579015, 41.816753]}}, {"type": "Feature", "geometry": {"type": "Polygon", "coordinates": [[[-87.68607757648843, 41.80950623188406], [-87.66661171765895, 41.80950623188406], [-87.66661171765895, 41.823998985507245], [-87.68607757648843, 41.823998985507245], [-87.68607757648843, 41.80950623188406]]]}, "properties": {"chi_id": "5S3W", "chi_ordinate": "\u03c7:5S3W", "name": "Damen\u201343rd chi", "label": "Dam43", "center": [-87.676345, 41.816753]}}, {"type": "Feature", "geometry": {"type": "Polygon", "coordinates": [[[-87.7055434353179, 41.80950623188406], [-87.68607757648843, 41.80950623188406], [-87.68607757648843, 41.823998985507245], [-87.7055434353179, 41.823998985507245], [-87.7055434353179, 41.80950623188406]]]}, "properties": {"chi_id": "5S4W", "chi_ordinate": "\u03c7:5S4W", "name": "California\u201343rd chi", "label": "Cal43", "center": [-87.695811, 41.816753]}}, {"type": "Feature", "geometry": {"type": "Polygon", "coordinates": [[[-87.72500929414738, 41.80950623188406], [-87.7055434353179, 41.80950623188406], [-87.7055434353179, 41.823998985507245], [-87.72500929414738, 41.823998985507245], [-87.72500929414738, 41.80950623188406]]]}, "properties": {"chi_id": "5S5W", "chi_ordinate": "\u03c7:5S5W", "name": "Central Park\u201343rd chi", "label": "Cen43", "center": [-87.715276, 41.816753]}}, {"type": "Feature", "geometry": {"type": "Polygon", "coordinates": [[[-87.74447515297686, 41.80950623188406], [-87.72500929414738, 41.80950623188406], [-87.72500929414738, 41.823998985507245], [-87.74447515297686, 41.823998985507245], [-87.74447515297686, 41.80950623188406]]]}, "properties": {"chi_id": "5S6W", "chi_ordinate": "\u03c7:5S6W", "name": "Kostner\u201343rd chi", "label": "Kos43", "center": [-87.734742, 41.816753]}}, {"type": "Feature", "geometry": {"type": "Polygon", "coordinates": [[[-87.76394101180634, 41.80950623188406], [-87.74447515297686, 41.80950623188406], [-87.74447515297686, 41.823998985507245], [-87.76394101180634, 41.823998985507245], [-87.76394101180634, 41.80950623188406]]]}, "properties": {"chi_id": "5S7W", "chi_ordinate": "\u03c7:5S7W", "name": "Laramie\u201344th chi", "label": "Lar44", "center": [-87.754208, 41.816753]}}, {"type": "Feature", "geometry": {"type": "Polygon", "coordinates": [[[-87.82233858829477, 41.95443376811595], [-87.80287272946529, 41.95443376811595], [-87.80287272946529, 41.968926521739135], [-87.82233858829477, 41.968926521739135], [-87.82233858829477, 41.95443376811595]]]}, "properties": {"chi_id": "6N10W", "chi_ordinate": "\u03c7:6N10W", "name": "Oriole\u2013Montrose chi", "label": "OriMon", "center": [-87.812606, 41.96168]}}, {"type": "Feature", "geometry": {"type": "Polygon", "coordinates": [[[-87.84180444712425, 41.95443376811595], [-87.82233858829477, 41.95443376811595], [-87.82233858829477, 41.968926521739135], [-87.84180444712425, 41.968926521739135], [-87.84180444712425, 41.95443376811595]]]}, "properties": {"chi_id": "6N11W", "chi_ordinate": "\u03c7:6N11W", "name": "Cumberland\u2013Montrose chi", "label": "CumMon", "center": [-87.832072, 41.96168]}}, {"type": "Feature", "geometry": {"type": "Polygon", "coordinates": [[[-87.86127030595372, 41.95443376811595], [-87.84180444712425, 41.95443376811595], [-87.84180444712425, 41.968926521739135], [-87.86127030595372, 41.968926521739135], [-87.86127030595372, 41.95443376811595]]]}, "properties": {"chi_id": "6N12W", "chi_ordinate": "\u03c7:6N12W", "name": "East River\u2013Foster chi", "label": "EasFos", "center": [-87.851537, 41.96168]}}, {"type": "Feature", "geometry": {"type": "Polygon", "coordinates": [[[-87.90020202361268, 41.95443376811595], [-87.8807361647832, 41.95443376811595], [-87.8807361647832, 41.968926521739135], [-87.90020202361268, 41.968926521739135], [-87.90020202361268, 41.95443376811595]]]}, "properties": {"chi_id": "6N14W", "chi_ordinate": "\u03c7:6N14W", "name": "OHare-4D", "label": "OHare-4D", "center": [-87.890469, 41.96168]}}, {"type": "Feature", "geometry": {"type": "Polygon", "coordinates": [[[-87.91966788244216, 41.95443376811595], [-87.90020202361268, 41.95443376811595], [-87.90020202361268, 41.968926521739135], [-87.91966788244216, 41.968926521739135], [-87.91966788244216, 41.95443376811595]]]}, "properties": {"chi_id": "6N15W", "chi_ordinate": "\u03c7:6N15W", "name": "OHare-4C", "label": "OHare-4C", "center": [-87.909935, 41.96168]}}, {"type": "Feature", "geometry": {"type": "Polygon", "coordinates": [[[-87.93913374127163, 41.95443376811595], [-87.91966788244216, 41.95443376811595], [-87.91966788244216, 41.968926521739135], [-87.93913374127163, 41.968926521739135], [-87.93913374127163, 41.95443376811595]]]}, "properties": {"chi_id": "6N16W", "chi_ordinate": "\u03c7:6N16W", "name": "OHare-4B", "label": "OHare-4B", "center": [-87.929401, 41.96168]}}, {"type": "Feature", "geometry": {"type": "Polygon", "coordinates": [[[-87.95859960010111, 41.95443376811595], [-87.93913374127163, 41.95443376811595], [-87.93913374127163, 41.968926521739135], [-87.95859960010111, 41.968926521739135], [-87.95859960010111, 41.95443376811595]]]}, "properties": {"chi_id": "6N17W", "chi_ordinate": "\u03c7:6N17W", "name": "OHare-4A", "label": "OHare-4A", "center": [-87.948867, 41.96168]}}, {"type": "Feature", "geometry": {"type": "Polygon", "coordinates": [[[-87.64714585882948, 41.95443376811595], [-87.62768, 41.95443376811595], [-87.62768, 41.968926521739135], [-87.64714585882948, 41.968926521739135], [-87.64714585882948, 41.95443376811595]]]}, "properties": {"chi_id": "6N1W", "chi_ordinate": "\u03c7:6N1W", "name": "Clark\u2013Montrose chi", "label": "ClaMon", "center": [-87.637413, 41.96168]}}, {"type": "Feature", "geometry": {"type": "Polygon", "coordinates": [[[-87.66661171765895, 41.95443376811595], [-87.64714585882948, 41.95443376811595], [-87.64714585882948, 41.968926521739135], [-87.66661171765895, 41.968926521739135], [-87.66661171765895, 41.95443376811595]]]}, "properties": {"chi_id": "6N2W", "chi_ordinate": "\u03c7:6N2W", "name": "Racine\u2013Montrose chi", "label": "RacMon", "center": [-87.656879, 41.96168]}}, {"type": "Feature", "geometry": {"type": "Polygon", "coordinates": [[[-87.68607757648843, 41.95443376811595], [-87.66661171765895, 41.95443376811595], [-87.66661171765895, 41.968926521739135], [-87.68607757648843, 41.968926521739135], [-87.68607757648843, 41.95443376811595]]]}, "properties": {"chi_id": "6N3W", "chi_ordinate": "\u03c7:6N3W", "name": "Damen\u2013Montrose chi", "label": "DamMon", "center": [-87.676345, 41.96168]}}, {"type": "Feature", "geometry": {"type": "Polygon", "coordinates": [[[-87.7055434353179, 41.95443376811595], [-87.68607757648843, 41.95443376811595], [-87.68607757648843, 41.968926521739135], [-87.7055434353179, 41.968926521739135], [-87.7055434353179, 41.95443376811595]]]}, "properties": {"chi_id": "6N4W", "chi_ordinate": "\u03c7:6N4W", "name": "California\u2013Montrose chi", "label": "CalMon", "center": [-87.695811, 41.96168]}}, {"type": "Feature", "geometry": {"type": "Polygon", "coordinates": [[[-87.72500929414738, 41.95443376811595], [-87.7055434353179, 41.95443376811595], [-87.7055434353179, 41.968926521739135], [-87.72500929414738, 41.968926521739135], [-87.72500929414738, 41.95443376811595]]]}, "properties": {"chi_id": "6N5W", "chi_ordinate": "\u03c7:6N5W", "name": "Central Park\u2013Montrose chi", "label": "CenMon", "center": [-87.715276, 41.96168]}}, {"type": "Feature", "geometry": {"type": "Polygon", "coordinates": [[[-87.74447515297686, 41.95443376811595], [-87.72500929414738, 41.95443376811595], [-87.72500929414738, 41.968926521739135], [-87.74447515297686, 41.968926521739135], [-87.74447515297686, 41.95443376811595]]]}, "properties": {"chi_id": "6N6W", "chi_ordinate": "\u03c7:6N6W", "name": "Kostner\u2013Montrose chi", "label": "KosMon", "center": [-87.734742, 41.96168]}}, {"type": "Feature", "geometry": {"type": "Polygon", "coordinates": [[[-87.76394101180634, 41.95443376811595], [-87.74447515297686, 41.95443376811595], [-87.74447515297686, 41.968926521739135], [-87.76394101180634, 41.968926521739135], [-87.76394101180634, 41.95443376811595]]]}, "properties": {"chi_id": "6N7W", "chi_ordinate": "\u03c7:6N7W", "name": "Laramie\u2013Montrose chi", "label": "LarMon", "center": [-87.754208, 41.96168]}}, {"type": "Feature", "geometry": {"type": "Polygon", "coordinates": [[[-87.78340687063582, 41.95443376811595], [-87.76394101180634, 41.95443376811595], [-87.76394101180634, 41.968926521739135], [-87.78340687063582, 41.968926521739135], [-87.78340687063582, 41.95443376811595]]]}, "properties": {"chi_id": "6N8W", "chi_ordinate": "\u03c7:6N8W", "name": "Austin\u2013Montrose chi", "label": "AusMon", "center": [-87.773674, 41.96168]}}, {"type": "Feature", "geometry": {"type": "Polygon", "coordinates": [[[-87.80287272946529, 41.95443376811595], [-87.78340687063582, 41.95443376811595], [-87.78340687063582, 41.968926521739135], [-87.80287272946529, 41.968926521739135], [-87.80287272946529, 41.95443376811595]]]}, "properties": {"chi_id": "6N9W", "chi_ordinate": "\u03c7:6N9W", "name": "Oak Park\u2013Montrose chi", "label": "OakMon", "center": [-87.79314, 41.96168]}}, {"type": "Feature", "geometry": {"type": "Polygon", "coordinates": [[[-87.62768, 41.79501347826087], [-87.60821414117052, 41.79501347826087], [-87.60821414117052, 41.80950623188406], [-87.62768, 41.80950623188406], [-87.62768, 41.79501347826087]]]}, "properties": {"chi_id": "6S1E", "chi_ordinate": "\u03c7:6S1E", "name": "Prairie\u201351st chi", "label": "Pra51", "center": [-87.617947, 41.80226]}}, {"type": "Feature", "geometry": {"type": "Polygon", "coordinates": [[[-87.64714585882948, 41.79501347826087], [-87.62768, 41.79501347826087], [-87.62768, 41.80950623188406], [-87.64714585882948, 41.80950623188406], [-87.64714585882948, 41.79501347826087]]]}, "properties": {"chi_id": "6S1W", "chi_ordinate": "\u03c7:6S1W", "name": "Parnell\u201351st chi", "label": "Par51", "center": [-87.637413, 41.80226]}}, {"type": "Feature", "geometry": {"type": "Polygon", "coordinates": [[[-87.60821414117052, 41.79501347826087], [-87.58874828234104, 41.79501347826087], [-87.58874828234104, 41.80950623188406], [-87.60821414117052, 41.80950623188406], [-87.60821414117052, 41.79501347826087]]]}, "properties": {"chi_id": "6S2E", "chi_ordinate": "\u03c7:6S2E", "name": "Woodlawn\u2013Hyde Park chi", "label": "WooHyd", "center": [-87.598481, 41.80226]}}, {"type": "Feature", "geometry": {"type": "Polygon", "coordinates": [[[-87.66661171765895, 41.79501347826087], [-87.64714585882948, 41.79501347826087], [-87.64714585882948, 41.80950623188406], [-87.66661171765895, 41.80950623188406], [-87.66661171765895, 41.79501347826087]]]}, "properties": {"chi_id": "6S2W", "chi_ordinate": "\u03c7:6S2W", "name": "Racine\u201351st chi", "label": "Rac51", "center": [-87.656879, 41.80226]}}, {"type": "Feature", "geometry": {"type": "Polygon", "coordinates": [[[-87.58874828234104, 41.79501347826087], [-87.56928242351157, 41.79501347826087], [-87.56928242351157, 41.80950623188406], [-87.58874828234104, 41.80950623188406], [-87.58874828234104, 41.79501347826087]]]}, "properties": {"chi_id": "6S3E", "chi_ordinate": "\u03c7:6S3E", "name": "East End\u201353rd chi", "label": "Eas53", "center": [-87.579015, 41.80226]}}, {"type": "Feature", "geometry": {"type": "Polygon", "coordinates": [[[-87.68607757648843, 41.79501347826087], [-87.66661171765895, 41.79501347826087], [-87.66661171765895, 41.80950623188406], [-87.68607757648843, 41.80950623188406], [-87.68607757648843, 41.79501347826087]]]}, "properties": {"chi_id": "6S3W", "chi_ordinate": "\u03c7:6S3W", "name": "Damen\u201351st chi", "label": "Dam51", "center": [-87.676345, 41.80226]}}, {"type": "Feature", "geometry": {"type": "Polygon", "coordinates": [[[-87.7055434353179, 41.79501347826087], [-87.68607757648843, 41.79501347826087], [-87.68607757648843, 41.80950623188406], [-87.7055434353179, 41.80950623188406], [-87.7055434353179, 41.79501347826087]]]}, "properties": {"chi_id": "6S4W", "chi_ordinate": "\u03c7:6S4W", "name": "California\u201351st chi", "label": "Cal51", "center": [-87.695811, 41.80226]}}, {"type": "Feature", "geometry": {"type": "Polygon", "coordinates": [[[-87.72500929414738, 41.79501347826087], [-87.7055434353179, 41.79501347826087], [-87.7055434353179, 41.80950623188406], [-87.72500929414738, 41.80950623188406], [-87.72500929414738, 41.79501347826087]]]}, "properties": {"chi_id": "6S5W", "chi_ordinate": "\u03c7:6S5W", "name": "Central Park\u201351st chi", "label": "Cen51", "center": [-87.715276, 41.80226]}}, {"type": "Feature", "geometry": {"type": "Polygon", "coordinates": [[[-87.74447515297686, 41.79501347826087], [-87.72500929414738, 41.79501347826087], [-87.72500929414738, 41.80950623188406], [-87.74447515297686, 41.80950623188406], [-87.74447515297686, 41.79501347826087]]]}, "properties": {"chi_id": "6S6W", "chi_ordinate": "\u03c7:6S6W", "name": "Kostner\u201351st chi", "label": "Kos51", "center": [-87.734742, 41.80226]}}, {"type": "Feature", "geometry": {"type": "Polygon", "coordinates": [[[-87.76394101180634, 41.79501347826087], [-87.74447515297686, 41.79501347826087], [-87.74447515297686, 41.80950623188406], [-87.76394101180634, 41.80950623188406], [-87.76394101180634, 41.79501347826087]]]}, "properties": {"chi_id": "6S7W", "chi_ordinate": "\u03c7:6S7W", "name": "Laramie\u201351st chi", "label": "Lar51", "center": [-87.754208, 41.80226]}}, {"type": "Feature", "geometry": {"type": "Polygon", "coordinates": [[[-87.78340687063582, 41.79501347826087], [-87.76394101180634, 41.79501347826087], [-87.76394101180634, 41.80950623188406], [-87.78340687063582, 41.80950623188406], [-87.78340687063582, 41.79501347826087]]]}, "properties": {"chi_id": "6S8W", "chi_ordinate": "\u03c7:6S8W", "name": "Austin\u201351st chi", "label": "Aus51", "center": [-87.773674, 41.80226]}}, {"type": "Feature", "geometry": {"type": "Polygon", "coordinates": [[[-87.80287272946529, 41.79501347826087], [-87.78340687063582, 41.79501347826087], [-87.78340687063582, 41.80950623188406], [-87.80287272946529, 41.80950623188406], [-87.80287272946529, 41.79501347826087]]]}, "properties": {"chi_id": "6S9W", "chi_ordinate": "\u03c7:6S9W", "name": "Oak Park\u201351st chi", "label": "Oak51", "center": [-87.79314, 41.80226]}}, {"type": "Feature", "geometry": {"type": "Polygon", "coordinates": [[[-87.82233858829477, 41.968926521739135], [-87.80287272946529, 41.968926521739135], [-87.80287272946529, 41.98341927536232], [-87.82233858829477, 41.98341927536232], [-87.82233858829477, 41.968926521739135]]]}, "properties": {"chi_id": "7N10W", "chi_ordinate": "\u03c7:7N10W", "name": "Oriole\u2013Foster chi", "label": "OriFos", "center": [-87.812606, 41.976173]}}, {"type": "Feature", "geometry": {"type": "Polygon", "coordinates": [[[-87.84180444712425, 41.968926521739135], [-87.82233858829477, 41.968926521739135], [-87.82233858829477, 41.98341927536232], [-87.84180444712425, 41.98341927536232], [-87.84180444712425, 41.968926521739135]]]}, "properties": {"chi_id": "7N11W", "chi_ordinate": "\u03c7:7N11W", "name": "Cumberland\u2013Foster chi", "label": "CumFos", "center": [-87.832072, 41.976173]}}, {"type": "Feature", "geometry": {"type": "Polygon", "coordinates": [[[-87.86127030595372, 41.968926521739135], [-87.84180444712425, 41.968926521739135], [-87.84180444712425, 41.98341927536232], [-87.86127030595372, 41.98341927536232], [-87.86127030595372, 41.968926521739135]]]}, "properties": {"chi_id": "7N12W", "chi_ordinate": "\u03c7:7N12W", "name": "East River\u2013Foster chi", "label": "EasFos", "center": [-87.851537, 41.976173]}}, {"type": "Feature", "geometry": {"type": "Polygon", "coordinates": [[[-87.8807361647832, 41.968926521739135], [-87.86127030595372, 41.968926521739135], [-87.86127030595372, 41.98341927536232], [-87.8807361647832, 41.98341927536232], [-87.8807361647832, 41.968926521739135]]]}, "properties": {"chi_id": "7N13W", "chi_ordinate": "\u03c7:7N13W", "name": "Mannheim\u2013Foster chi", "label": "ManFos", "center": [-87.871003, 41.976173]}}, {"type": "Feature", "geometry": {"type": "Polygon", "coordinates": [[[-87.90020202361268, 41.968926521739135], [-87.8807361647832, 41.968926521739135], [-87.8807361647832, 41.98341927536232], [-87.90020202361268, 41.98341927536232], [-87.90020202361268, 41.968926521739135]]]}, "properties": {"chi_id": "7N14W", "chi_ordinate": "\u03c7:7N14W", "name": "Mannheim\u2013Higgins chi", "label": "ManHig", "center": [-87.890469, 41.976173]}}, {"type": "Feature", "geometry": {"type": "Polygon", "coordinates": [[[-87.91966788244216, 41.968926521739135], [-87.90020202361268, 41.968926521739135], [-87.90020202361268, 41.98341927536232], [-87.91966788244216, 41.98341927536232], [-87.91966788244216, 41.968926521739135]]]}, "properties": {"chi_id": "7N15W", "chi_ordinate": "\u03c7:7N15W", "name": "Mannheim\u2013Foster chi", "label": "ManFos", "center": [-87.909935, 41.976173]}}, {"type": "Feature", "geometry": {"type": "Polygon", "coordinates": [[[-87.93913374127163, 41.968926521739135], [-87.91966788244216, 41.968926521739135], [-87.91966788244216, 41.98341927536232], [-87.93913374127163, 41.98341927536232], [-87.93913374127163, 41.968926521739135]]]}, "properties": {"chi_id": "7N16W", "chi_ordinate": "\u03c7:7N16W", "name": "OHare-3B", "label": "OHare-3B", "center": [-87.929401, 41.976173]}}, {"type": "Feature", "geometry": {"type": "Polygon", "coordinates": [[[-87.95859960010111, 41.968926521739135], [-87.93913374127163, 41.968926521739135], [-87.93913374127163, 41.98341927536232], [-87.95859960010111, 41.98341927536232], [-87.95859960010111, 41.968926521739135]]]}, "properties": {"chi_id": "7N17W", "chi_ordinate": "\u03c7:7N17W", "name": "OHare-3A", "label": "OHare-3A", "center": [-87.948867, 41.976173]}}, {"type": "Feature", "geometry": {"type": "Polygon", "coordinates": [[[-87.64714585882948, 41.968926521739135], [-87.62768, 41.968926521739135], [-87.62768, 41.98341927536232], [-87.64714585882948, 41.98341927536232], [-87.64714585882948, 41.968926521739135]]]}, "properties": {"chi_id": "7N1W", "chi_ordinate": "\u03c7:7N1W", "name": "Clark\u2013Farragut chi", "label": "ClaFar", "center": [-87.637413, 41.976173]}}, {"type": "Feature", "geometry": {"type": "Polygon", "coordinates": [[[-87.66661171765895, 41.968926521739135], [-87.64714585882948, 41.968926521739135], [-87.64714585882948, 41.98341927536232], [-87.66661171765895, 41.98341927536232], [-87.66661171765895, 41.968926521739135]]]}, "properties": {"chi_id": "7N2W", "chi_ordinate": "\u03c7:7N2W", "name": "Sheridan\u2013Foster chi", "label": "SheFos", "center": [-87.656879, 41.976173]}}, {"type": "Feature", "geometry": {"type": "Polygon", "coordinates": [[[-87.68607757648843, 41.968926521739135], [-87.66661171765895, 41.968926521739135], [-87.66661171765895, 41.98341927536232], [-87.68607757648843, 41.98341927536232], [-87.68607757648843, 41.968926521739135]]]}, "properties": {"chi_id": "7N3W", "chi_ordinate": "\u03c7:7N3W", "name": "Damen\u2013Foster chi", "label": "DamFos", "center": [-87.676345, 41.976173]}}, {"type": "Feature", "geometry": {"type": "Polygon", "coordinates": [[[-87.7055434353179, 41.968926521739135], [-87.68607757648843, 41.968926521739135], [-87.68607757648843, 41.98341927536232], [-87.7055434353179, 41.98341927536232], [-87.7055434353179, 41.968926521739135]]]}, "properties": {"chi_id": "7N4W", "chi_ordinate": "\u03c7:7N4W", "name": "California\u2013Foster chi", "label": "CalFos", "center": [-87.695811, 41.976173]}}, {"type": "Feature", "geometry": {"type": "Polygon", "coordinates": [[[-87.72500929414738, 41.968926521739135], [-87.7055434353179, 41.968926521739135], [-87.7055434353179, 41.98341927536232], [-87.72500929414738, 41.98341927536232], [-87.72500929414738, 41.968926521739135]]]}, "properties": {"chi_id": "7N5W", "chi_ordinate": "\u03c7:7N5W", "name": "Central Park\u2013Foster chi", "label": "CenFos", "center": [-87.715276, 41.976173]}}, {"type": "Feature", "geometry": {"type": "Polygon", "coordinates": [[[-87.74447515297686, 41.968926521739135], [-87.72500929414738, 41.968926521739135], [-87.72500929414738, 41.98341927536232], [-87.74447515297686, 41.98341927536232], [-87.74447515297686, 41.968926521739135]]]}, "properties": {"chi_id": "7N6W", "chi_ordinate": "\u03c7:7N6W", "name": "Kostner\u2013Foster chi", "label": "KosFos", "center": [-87.734742, 41.976173]}}, {"type": "Feature", "geometry": {"type": "Polygon", "coordinates": [[[-87.76394101180634, 41.968926521739135], [-87.74447515297686, 41.968926521739135], [-87.74447515297686, 41.98341927536232], [-87.76394101180634, 41.98341927536232], [-87.76394101180634, 41.968926521739135]]]}, "properties": {"chi_id": "7N7W", "chi_ordinate": "\u03c7:7N7W", "name": "Laramie\u2013Foster chi", "label": "LarFos", "center": [-87.754208, 41.976173]}}, {"type": "Feature", "geometry": {"type": "Polygon", "coordinates": [[[-87.78340687063582, 41.968926521739135], [-87.76394101180634, 41.968926521739135], [-87.76394101180634, 41.98341927536232], [-87.78340687063582, 41.98341927536232], [-87.78340687063582, 41.968926521739135]]]}, "properties": {"chi_id": "7N8W", "chi_ordinate": "\u03c7:7N8W", "name": "Austin\u2013Foster chi", "label": "AusFos", "center": [-87.773674, 41.976173]}}, {"type": "Feature", "geometry": {"type": "Polygon", "coordinates": [[[-87.80287272946529, 41.968926521739135], [-87.78340687063582, 41.968926521739135], [-87.78340687063582, 41.98341927536232], [-87.80287272946529, 41.98341927536232], [-87.80287272946529, 41.968926521739135]]]}, "properties": {"chi_id": "7N9W", "chi_ordinate": "\u03c7:7N9W", "name": "Oak Park\u2013Foster chi", "label": "OakFos", "center": [-87.79314, 41.976173]}}, {"type": "Feature", "geometry": {"type": "Polygon", "coordinates": [[[-87.62768, 41.78052072463768], [-87.60821414117052, 41.78052072463768], [-87.60821414117052, 41.79501347826087], [-87.62768, 41.79501347826087], [-87.62768, 41.78052072463768]]]}, "properties": {"chi_id": "7S1E", "chi_ordinate": "\u03c7:7S1E", "name": "Prairie\u201359th chi", "label": "Pra59", "center": [-87.617947, 41.787767]}}, {"type": "Feature", "geometry": {"type": "Polygon", "coordinates": [[[-87.64714585882948, 41.78052072463768], [-87.62768, 41.78052072463768], [-87.62768, 41.79501347826087], [-87.64714585882948, 41.79501347826087], [-87.64714585882948, 41.78052072463768]]]}, "properties": {"chi_id": "7S1W", "chi_ordinate": "\u03c7:7S1W", "name": "Parnell\u201359th chi", "label": "Par59", "center": [-87.637413, 41.787767]}}, {"type": "Feature", "geometry": {"type": "Polygon", "coordinates": [[[-87.60821414117052, 41.78052072463768], [-87.58874828234104, 41.78052072463768], [-87.58874828234104, 41.79501347826087], [-87.60821414117052, 41.79501347826087], [-87.60821414117052, 41.78052072463768]]]}, "properties": {"chi_id": "7S2E", "chi_ordinate": "\u03c7:7S2E", "name": "Woodlawn\u201359th chi", "label": "Woo59", "center": [-87.598481, 41.787767]}}, {"type": "Feature", "geometry": {"type": "Polygon", "coordinates": [[[-87.66661171765895, 41.78052072463768], [-87.64714585882948, 41.78052072463768], [-87.64714585882948, 41.79501347826087], [-87.66661171765895, 41.79501347826087], [-87.66661171765895, 41.78052072463768]]]}, "properties": {"chi_id": "7S2W", "chi_ordinate": "\u03c7:7S2W", "name": "Racine\u201359th chi", "label": "Rac59", "center": [-87.656879, 41.787767]}}, {"type": "Feature", "geometry": {"type": "Polygon", "coordinates": [[[-87.58874828234104, 41.78052072463768], [-87.56928242351157, 41.78052072463768], [-87.56928242351157, 41.79501347826087], [-87.58874828234104, 41.79501347826087], [-87.58874828234104, 41.78052072463768]]]}, "properties": {"chi_id": "7S3E", "chi_ordinate": "\u03c7:7S3E", "name": "East End\u201357th chi", "label": "Eas57", "center": [-87.579015, 41.787767]}}, {"type": "Feature", "geometry": {"type": "Polygon", "coordinates": [[[-87.68607757648843, 41.78052072463768], [-87.66661171765895, 41.78052072463768], [-87.66661171765895, 41.79501347826087], [-87.68607757648843, 41.79501347826087], [-87.68607757648843, 41.78052072463768]]]}, "properties": {"chi_id": "7S3W", "chi_ordinate": "\u03c7:7S3W", "name": "Damen\u201359th chi", "label": "Dam59", "center": [-87.676345, 41.787767]}}, {"type": "Feature", "geometry": {"type": "Polygon", "coordinates": [[[-87.56928242351157, 41.78052072463768], [-87.54981656468209, 41.78052072463768], [-87.54981656468209, 41.79501347826087], [-87.56928242351157, 41.79501347826087], [-87.56928242351157, 41.78052072463768]]]}, "properties": {"chi_id": "7S4E", "chi_ordinate": "\u03c7:7S4E", "name": "Calhoun\u2013Marquette chi", "label": "CalMar", "center": [-87.559549, 41.787767]}}, {"type": "Feature", "geometry": {"type": "Polygon", "coordinates": [[[-87.7055434353179, 41.78052072463768], [-87.68607757648843, 41.78052072463768], [-87.68607757648843, 41.79501347826087], [-87.7055434353179, 41.79501347826087], [-87.7055434353179, 41.78052072463768]]]}, "properties": {"chi_id": "7S4W", "chi_ordinate": "\u03c7:7S4W", "name": "California\u201359th chi", "label": "Cal59", "center": [-87.695811, 41.787767]}}, {"type": "Feature", "geometry": {"type": "Polygon", "coordinates": [[[-87.72500929414738, 41.78052072463768], [-87.7055434353179, 41.78052072463768], [-87.7055434353179, 41.79501347826087], [-87.72500929414738, 41.79501347826087], [-87.72500929414738, 41.78052072463768]]]}, "properties": {"chi_id": "7S5W", "chi_ordinate": "\u03c7:7S5W", "name": "Central Park\u201359th chi", "label": "Cen59", "center": [-87.715276, 41.787767]}}, {"type": "Feature", "geometry": {"type": "Polygon", "coordinates": [[[-87.74447515297686, 41.78052072463768], [-87.72500929414738, 41.78052072463768], [-87.72500929414738, 41.79501347826087], [-87.74447515297686, 41.79501347826087], [-87.74447515297686, 41.78052072463768]]]}, "properties": {"chi_id": "7S6W", "chi_ordinate": "\u03c7:7S6W", "name": "Kostner\u201359th chi", "label": "Kos59", "center": [-87.734742, 41.787767]}}, {"type": "Feature", "geometry": {"type": "Polygon", "coordinates": [[[-87.76394101180634, 41.78052072463768], [-87.74447515297686, 41.78052072463768], [-87.74447515297686, 41.79501347826087], [-87.76394101180634, 41.79501347826087], [-87.76394101180634, 41.78052072463768]]]}, "properties": {"chi_id": "7S7W", "chi_ordinate": "\u03c7:7S7W", "name": "Laramie\u201359th chi", "label": "Lar59", "center": [-87.754208, 41.787767]}}, {"type": "Feature", "geometry": {"type": "Polygon", "coordinates": [[[-87.78340687063582, 41.78052072463768], [-87.76394101180634, 41.78052072463768], [-87.76394101180634, 41.79501347826087], [-87.78340687063582, 41.79501347826087], [-87.78340687063582, 41.78052072463768]]]}, "properties": {"chi_id": "7S8W", "chi_ordinate": "\u03c7:7S8W", "name": "Austin\u201359th chi", "label": "Aus59", "center": [-87.773674, 41.787767]}}, {"type": "Feature", "geometry": {"type": "Polygon", "coordinates": [[[-87.80287272946529, 41.78052072463768], [-87.78340687063582, 41.78052072463768], [-87.78340687063582, 41.79501347826087], [-87.80287272946529, 41.79501347826087], [-87.80287272946529, 41.78052072463768]]]}, "properties": {"chi_id": "7S9W", "chi_ordinate": "\u03c7:7S9W", "name": "Oak Park\u201359th chi", "label": "Oak59", "center": [-87.79314, 41.787767]}}, {"type": "Feature", "geometry": {"type": "Polygon", "coordinates": [[[-87.82233858829477, 41.98341927536232], [-87.80287272946529, 41.98341927536232], [-87.80287272946529, 41.99791202898551], [-87.82233858829477, 41.99791202898551], [-87.82233858829477, 41.98341927536232]]]}, "properties": {"chi_id": "8N10W", "chi_ordinate": "\u03c7:8N10W", "name": "Oriole\u2013Peterson chi", "label": "OriPet", "center": [-87.812606, 41.990666]}}, {"type": "Feature", "geometry": {"type": "Polygon", "coordinates": [[[-87.84180444712425, 41.98341927536232], [-87.82233858829477, 41.98341927536232], [-87.82233858829477, 41.99791202898551], [-87.84180444712425, 41.99791202898551], [-87.84180444712425, 41.98341927536232]]]}, "properties": {"chi_id": "8N11W", "chi_ordinate": "\u03c7:8N11W", "name": "Canfield\u2013Seminole chi", "label": "CanSem", "center": [-87.832072, 41.990666]}}, {"type": "Feature", "geometry": {"type": "Polygon", "coordinates": [[[-87.86127030595372, 41.98341927536232], [-87.84180444712425, 41.98341927536232], [-87.84180444712425, 41.99791202898551], [-87.86127030595372, 41.99791202898551], [-87.86127030595372, 41.98341927536232]]]}, "properties": {"chi_id": "8N12W", "chi_ordinate": "\u03c7:8N12W", "name": "East River\u2013Higgins chi", "label": "EasHig", "center": [-87.851537, 41.990666]}}, {"type": "Feature", "geometry": {"type": "Polygon", "coordinates": [[[-87.8807361647832, 41.98341927536232], [-87.86127030595372, 41.98341927536232], [-87.86127030595372, 41.99791202898551], [-87.8807361647832, 41.99791202898551], [-87.8807361647832, 41.98341927536232]]]}, "properties": {"chi_id": "8N13W", "chi_ordinate": "\u03c7:8N13W", "name": "Mannheim\u2013Higgins chi", "label": "ManHig", "center": [-87.871003, 41.990666]}}, {"type": "Feature", "geometry": {"type": "Polygon", "coordinates": [[[-87.90020202361268, 41.98341927536232], [-87.8807361647832, 41.98341927536232], [-87.8807361647832, 41.99791202898551], [-87.90020202361268, 41.99791202898551], [-87.90020202361268, 41.98341927536232]]]}, "properties": {"chi_id": "8N14W", "chi_ordinate": "\u03c7:8N14W", "name": "Mannheim\u2013Higgins chi", "label": "ManHig", "center": [-87.890469, 41.990666]}}, {"type": "Feature", "geometry": {"type": "Polygon", "coordinates": [[[-87.91966788244216, 41.98341927536232], [-87.90020202361268, 41.98341927536232], [-87.90020202361268, 41.99791202898551], [-87.91966788244216, 41.99791202898551], [-87.91966788244216, 41.98341927536232]]]}, "properties": {"chi_id": "8N15W", "chi_ordinate": "\u03c7:8N15W", "name": "Mannheim\u2013Peterson chi", "label": "ManPet", "center": [-87.909935, 41.990666]}}, {"type": "Feature", "geometry": {"type": "Polygon", "coordinates": [[[-87.93913374127163, 41.98341927536232], [-87.91966788244216, 41.98341927536232], [-87.91966788244216, 41.99791202898551], [-87.93913374127163, 41.99791202898551], [-87.93913374127163, 41.98341927536232]]]}, "properties": {"chi_id": "8N16W", "chi_ordinate": "\u03c7:8N16W", "name": "OHare-2B", "label": "OHare-2B", "center": [-87.929401, 41.990666]}}, {"type": "Feature", "geometry": {"type": "Polygon", "coordinates": [[[-87.95859960010111, 41.98341927536232], [-87.93913374127163, 41.98341927536232], [-87.93913374127163, 41.99791202898551], [-87.95859960010111, 41.99791202898551], [-87.95859960010111, 41.98341927536232]]]}, "properties": {"chi_id": "8N17W", "chi_ordinate": "\u03c7:8N17W", "name": "OHare-2A", "label": "OHare-2A", "center": [-87.948867, 41.990666]}}, {"type": "Feature", "geometry": {"type": "Polygon", "coordinates": [[[-87.66661171765895, 41.98341927536232], [-87.64714585882948, 41.98341927536232], [-87.64714585882948, 41.99791202898551], [-87.66661171765895, 41.99791202898551], [-87.66661171765895, 41.98341927536232]]]}, "properties": {"chi_id": "8N2W", "chi_ordinate": "\u03c7:8N2W", "name": "Sheridan\u2013Norwood chi", "label": "SheNor", "center": [-87.656879, 41.990666]}}, {"type": "Feature", "geometry": {"type": "Polygon", "coordinates": [[[-87.68607757648843, 41.98341927536232], [-87.66661171765895, 41.98341927536232], [-87.66661171765895, 41.99791202898551], [-87.68607757648843, 41.99791202898551], [-87.68607757648843, 41.98341927536232]]]}, "properties": {"chi_id": "8N3W", "chi_ordinate": "\u03c7:8N3W", "name": "Damen\u2013Peterson chi", "label": "DamPet", "center": [-87.676345, 41.990666]}}, {"type": "Feature", "geometry": {"type": "Polygon", "coordinates": [[[-87.7055434353179, 41.98341927536232], [-87.68607757648843, 41.98341927536232], [-87.68607757648843, 41.99791202898551], [-87.7055434353179, 41.99791202898551], [-87.7055434353179, 41.98341927536232]]]}, "properties": {"chi_id": "8N4W", "chi_ordinate": "\u03c7:8N4W", "name": "California\u2013Peterson chi", "label": "CalPet", "center": [-87.695811, 41.990666]}}, {"type": "Feature", "geometry": {"type": "Polygon", "coordinates": [[[-87.72500929414738, 41.98341927536232], [-87.7055434353179, 41.98341927536232], [-87.7055434353179, 41.99791202898551], [-87.72500929414738, 41.99791202898551], [-87.72500929414738, 41.98341927536232]]]}, "properties": {"chi_id": "8N5W", "chi_ordinate": "\u03c7:8N5W", "name": "Central Park\u2013Peterson chi", "label": "CenPet", "center": [-87.715276, 41.990666]}}, {"type": "Feature", "geometry": {"type": "Polygon", "coordinates": [[[-87.74447515297686, 41.98341927536232], [-87.72500929414738, 41.98341927536232], [-87.72500929414738, 41.99791202898551], [-87.74447515297686, 41.99791202898551], [-87.74447515297686, 41.98341927536232]]]}, "properties": {"chi_id": "8N6W", "chi_ordinate": "\u03c7:8N6W", "name": "Kostner\u2013Peterson chi", "label": "KosPet", "center": [-87.734742, 41.990666]}}, {"type": "Feature", "geometry": {"type": "Polygon", "coordinates": [[[-87.76394101180634, 41.98341927536232], [-87.74447515297686, 41.98341927536232], [-87.74447515297686, 41.99791202898551], [-87.76394101180634, 41.99791202898551], [-87.76394101180634, 41.98341927536232]]]}, "properties": {"chi_id": "8N7W", "chi_ordinate": "\u03c7:8N7W", "name": "Forest Glen\u2013Peterson chi", "label": "ForPet", "center": [-87.754208, 41.990666]}}, {"type": "Feature", "geometry": {"type": "Polygon", "coordinates": [[[-87.78340687063582, 41.98341927536232], [-87.76394101180634, 41.98341927536232], [-87.76394101180634, 41.99791202898551], [-87.78340687063582, 41.99791202898551], [-87.78340687063582, 41.98341927536232]]]}, "properties": {"chi_id": "8N8W", "chi_ordinate": "\u03c7:8N8W", "name": "Austin\u2013Peterson chi", "label": "AusPet", "center": [-87.773674, 41.990666]}}, {"type": "Feature", "geometry": {"type": "Polygon", "coordinates": [[[-87.80287272946529, 41.98341927536232], [-87.78340687063582, 41.98341927536232], [-87.78340687063582, 41.99791202898551], [-87.80287272946529, 41.99791202898551], [-87.80287272946529, 41.98341927536232]]]}, "properties": {"chi_id": "8N9W", "chi_ordinate": "\u03c7:8N9W", "name": "Oak Park\u2013Peterson chi", "label": "OakPet", "center": [-87.79314, 41.990666]}}, {"type": "Feature", "geometry": {"type": "Polygon", "coordinates": [[[-87.62768, 41.766027971014495], [-87.60821414117052, 41.766027971014495], [-87.60821414117052, 41.78052072463768], [-87.62768, 41.78052072463768], [-87.62768, 41.766027971014495]]]}, "properties": {"chi_id": "8S1E", "chi_ordinate": "\u03c7:8S1E", "name": "Prairie\u201367th chi", "label": "Pra67", "center": [-87.617947, 41.773274]}}, {"type": "Feature", "geometry": {"type": "Polygon", "coordinates": [[[-87.64714585882948, 41.766027971014495], [-87.62768, 41.766027971014495], [-87.62768, 41.78052072463768], [-87.64714585882948, 41.78052072463768], [-87.64714585882948, 41.766027971014495]]]}, "properties": {"chi_id": "8S1W", "chi_ordinate": "\u03c7:8S1W", "name": "Parnell\u201367th chi", "label": "Par67", "center": [-87.637413, 41.773274]}}, {"type": "Feature", "geometry": {"type": "Polygon", "coordinates": [[[-87.60821414117052, 41.766027971014495], [-87.58874828234104, 41.766027971014495], [-87.58874828234104, 41.78052072463768], [-87.60821414117052, 41.78052072463768], [-87.60821414117052, 41.766027971014495]]]}, "properties": {"chi_id": "8S2E", "chi_ordinate": "\u03c7:8S2E", "name": "Woodlawn\u201367th chi", "label": "Woo67", "center": [-87.598481, 41.773274]}}, {"type": "Feature", "geometry": {"type": "Polygon", "coordinates": [[[-87.66661171765895, 41.766027971014495], [-87.64714585882948, 41.766027971014495], [-87.64714585882948, 41.78052072463768], [-87.66661171765895, 41.78052072463768], [-87.66661171765895, 41.766027971014495]]]}, "properties": {"chi_id": "8S2W", "chi_ordinate": "\u03c7:8S2W", "name": "Racine\u201367th chi", "label": "Rac67", "center": [-87.656879, 41.773274]}}, {"type": "Feature", "geometry": {"type": "Polygon", "coordinates": [[[-87.58874828234104, 41.766027971014495], [-87.56928242351157, 41.766027971014495], [-87.56928242351157, 41.78052072463768], [-87.58874828234104, 41.78052072463768], [-87.58874828234104, 41.766027971014495]]]}, "properties": {"chi_id": "8S3E", "chi_ordinate": "\u03c7:8S3E", "name": "Jeffery\u201367th chi", "label": "Jef67", "center": [-87.579015, 41.773274]}}, {"type": "Feature", "geometry": {"type": "Polygon", "coordinates": [[[-87.68607757648843, 41.766027971014495], [-87.66661171765895, 41.766027971014495], [-87.66661171765895, 41.78052072463768], [-87.68607757648843, 41.78052072463768], [-87.68607757648843, 41.766027971014495]]]}, "properties": {"chi_id": "8S3W", "chi_ordinate": "\u03c7:8S3W", "name": "Damen\u201367th chi", "label": "Dam67", "center": [-87.676345, 41.773274]}}, {"type": "Feature", "geometry": {"type": "Polygon", "coordinates": [[[-87.56928242351157, 41.766027971014495], [-87.54981656468209, 41.766027971014495], [-87.54981656468209, 41.78052072463768], [-87.56928242351157, 41.78052072463768], [-87.56928242351157, 41.766027971014495]]]}, "properties": {"chi_id": "8S4E", "chi_ordinate": "\u03c7:8S4E", "name": "South Shore\u2013Marquette chi", "label": "SouMar", "center": [-87.559549, 41.773274]}}, {"type": "Feature", "geometry": {"type": "Polygon", "coordinates": [[[-87.7055434353179, 41.766027971014495], [-87.68607757648843, 41.766027971014495], [-87.68607757648843, 41.78052072463768], [-87.7055434353179, 41.78052072463768], [-87.7055434353179, 41.766027971014495]]]}, "properties": {"chi_id": "8S4W", "chi_ordinate": "\u03c7:8S4W", "name": "California\u201367th chi", "label": "Cal67", "center": [-87.695811, 41.773274]}}, {"type": "Feature", "geometry": {"type": "Polygon", "coordinates": [[[-87.72500929414738, 41.766027971014495], [-87.7055434353179, 41.766027971014495], [-87.7055434353179, 41.78052072463768], [-87.72500929414738, 41.78052072463768], [-87.72500929414738, 41.766027971014495]]]}, "properties": {"chi_id": "8S5W", "chi_ordinate": "\u03c7:8S5W", "name": "Central Park\u201367th chi", "label": "Cen67", "center": [-87.715276, 41.773274]}}, {"type": "Feature", "geometry": {"type": "Polygon", "coordinates": [[[-87.74447515297686, 41.766027971014495], [-87.72500929414738, 41.766027971014495], [-87.72500929414738, 41.78052072463768], [-87.74447515297686, 41.78052072463768], [-87.74447515297686, 41.766027971014495]]]}, "properties": {"chi_id": "8S6W", "chi_ordinate": "\u03c7:8S6W", "name": "Kostner\u201366th chi", "label": "Kos66", "center": [-87.734742, 41.773274]}}, {"type": "Feature", "geometry": {"type": "Polygon", "coordinates": [[[-87.76394101180634, 41.766027971014495], [-87.74447515297686, 41.766027971014495], [-87.74447515297686, 41.78052072463768], [-87.76394101180634, 41.78052072463768], [-87.76394101180634, 41.766027971014495]]]}, "properties": {"chi_id": "8S7W", "chi_ordinate": "\u03c7:8S7W", "name": "Leclaire\u201365th chi", "label": "Lec65", "center": [-87.754208, 41.773274]}}, {"type": "Feature", "geometry": {"type": "Polygon", "coordinates": [[[-87.78340687063582, 41.766027971014495], [-87.76394101180634, 41.766027971014495], [-87.76394101180634, 41.78052072463768], [-87.78340687063582, 41.78052072463768], [-87.78340687063582, 41.766027971014495]]]}, "properties": {"chi_id": "8S8W", "chi_ordinate": "\u03c7:8S8W", "name": "Austin\u201365th chi", "label": "Aus65", "center": [-87.773674, 41.773274]}}, {"type": "Feature", "geometry": {"type": "Polygon", "coordinates": [[[-87.80287272946529, 41.766027971014495], [-87.78340687063582, 41.766027971014495], [-87.78340687063582, 41.78052072463768], [-87.80287272946529, 41.78052072463768], [-87.80287272946529, 41.766027971014495]]]}, "properties": {"chi_id": "8S9W", "chi_ordinate": "\u03c7:8S9W", "name": "Oak Park\u201365th chi", "label": "Oak65", "center": [-87.79314, 41.773274]}}, {"type": "Feature", "geometry": {"type": "Polygon", "coordinates": [[[-87.82233858829477, 41.99791202898551], [-87.80287272946529, 41.99791202898551], [-87.80287272946529, 42.0124047826087], [-87.82233858829477, 42.0124047826087], [-87.82233858829477, 41.99791202898551]]]}, "properties": {"chi_id": "9N10W", "chi_ordinate": "\u03c7:9N10W", "name": "Oriole\u2013Pratt chi", "label": "OriPra", "center": [-87.812606, 42.005158]}}, {"type": "Feature", "geometry": {"type": "Polygon", "coordinates": [[[-87.90020202361268, 41.99791202898551], [-87.8807361647832, 41.99791202898551], [-87.8807361647832, 42.0124047826087], [-87.90020202361268, 42.0124047826087], [-87.90020202361268, 41.99791202898551]]]}, "properties": {"chi_id": "9N14W", "chi_ordinate": "\u03c7:9N14W", "name": "OHare-1D", "label": "OHare-1D", "center": [-87.890469, 42.005158]}}, {"type": "Feature", "geometry": {"type": "Polygon", "coordinates": [[[-87.91966788244216, 41.99791202898551], [-87.90020202361268, 41.99791202898551], [-87.90020202361268, 42.0124047826087], [-87.91966788244216, 42.0124047826087], [-87.91966788244216, 41.99791202898551]]]}, "properties": {"chi_id": "9N15W", "chi_ordinate": "\u03c7:9N15W", "name": "OHare-1C", "label": "OHare-1C", "center": [-87.909935, 42.005158]}}, {"type": "Feature", "geometry": {"type": "Polygon", "coordinates": [[[-87.93913374127163, 41.99791202898551], [-87.91966788244216, 41.99791202898551], [-87.91966788244216, 42.0124047826087], [-87.93913374127163, 42.0124047826087], [-87.93913374127163, 41.99791202898551]]]}, "properties": {"chi_id": "9N16W", "chi_ordinate": "\u03c7:9N16W", "name": "OHare-1B", "label": "OHare-1B", "center": [-87.929401, 42.005158]}}, {"type": "Feature", "geometry": {"type": "Polygon", "coordinates": [[[-87.95859960010111, 41.99791202898551], [-87.93913374127163, 41.99791202898551], [-87.93913374127163, 42.0124047826087], [-87.95859960010111, 42.0124047826087], [-87.95859960010111, 41.99791202898551]]]}, "properties": {"chi_id": "9N17W", "chi_ordinate": "\u03c7:9N17W", "name": "OHare-1A", "label": "OHare-1A", "center": [-87.948867, 42.005158]}}, {"type": "Feature", "geometry": {"type": "Polygon", "coordinates": [[[-87.66661171765895, 41.99791202898551], [-87.64714585882948, 41.99791202898551], [-87.64714585882948, 42.0124047826087], [-87.66661171765895, 42.0124047826087], [-87.66661171765895, 41.99791202898551]]]}, "properties": {"chi_id": "9N2W", "chi_ordinate": "\u03c7:9N2W", "name": "Sheridan\u2013Pratt chi", "label": "ShePra", "center": [-87.656879, 42.005158]}}, {"type": "Feature", "geometry": {"type": "Polygon", "coordinates": [[[-87.68607757648843, 41.99791202898551], [-87.66661171765895, 41.99791202898551], [-87.66661171765895, 42.0124047826087], [-87.68607757648843, 42.0124047826087], [-87.68607757648843, 41.99791202898551]]]}, "properties": {"chi_id": "9N3W", "chi_ordinate": "\u03c7:9N3W", "name": "Damen\u2013Pratt chi", "label": "DamPra", "center": [-87.676345, 42.005158]}}, {"type": "Feature", "geometry": {"type": "Polygon", "coordinates": [[[-87.7055434353179, 41.99791202898551], [-87.68607757648843, 41.99791202898551], [-87.68607757648843, 42.0124047826087], [-87.7055434353179, 42.0124047826087], [-87.7055434353179, 41.99791202898551]]]}, "properties": {"chi_id": "9N4W", "chi_ordinate": "\u03c7:9N4W", "name": "California\u2013Pratt chi", "label": "CalPra", "center": [-87.695811, 42.005158]}}, {"type": "Feature", "geometry": {"type": "Polygon", "coordinates": [[[-87.72500929414738, 41.99791202898551], [-87.7055434353179, 41.99791202898551], [-87.7055434353179, 42.0124047826087], [-87.72500929414738, 42.0124047826087], [-87.72500929414738, 41.99791202898551]]]}, "properties": {"chi_id": "9N5W", "chi_ordinate": "\u03c7:9N5W", "name": "Milwaukee\u2013Pratt chi", "label": "MilPra", "center": [-87.715276, 42.005158]}}, {"type": "Feature", "geometry": {"type": "Polygon", "coordinates": [[[-87.76394101180634, 41.99791202898551], [-87.74447515297686, 41.99791202898551], [-87.74447515297686, 42.0124047826087], [-87.76394101180634, 42.0124047826087], [-87.76394101180634, 41.99791202898551]]]}, "properties": {"chi_id": "9N7W", "chi_ordinate": "\u03c7:9N7W", "name": "Lehigh\u2013Pratt chi", "label": "LehPra", "center": [-87.754208, 42.005158]}}, {"type": "Feature", "geometry": {"type": "Polygon", "coordinates": [[[-87.78340687063582, 41.99791202898551], [-87.76394101180634, 41.99791202898551], [-87.76394101180634, 42.0124047826087], [-87.78340687063582, 42.0124047826087], [-87.78340687063582, 41.99791202898551]]]}, "properties": {"chi_id": "9N8W", "chi_ordinate": "\u03c7:9N8W", "name": "Mason\u2013Pratt chi", "label": "MasPra", "center": [-87.773674, 42.005158]}}, {"type": "Feature", "geometry": {"type": "Polygon", "coordinates": [[[-87.80287272946529, 41.99791202898551], [-87.78340687063582, 41.99791202898551], [-87.78340687063582, 42.0124047826087], [-87.80287272946529, 42.0124047826087], [-87.80287272946529, 41.99791202898551]]]}, "properties": {"chi_id": "9N9W", "chi_ordinate": "\u03c7:9N9W", "name": "Nagle\u2013Pratt chi", "label": "NagPra", "center": [-87.79314, 42.005158]}}, {"type": "Feature", "geometry": {"type": "Polygon", "coordinates": [[[-87.62768, 41.75153521739131], [-87.60821414117052, 41.75153521739131], [-87.60821414117052, 41.766027971014495], [-87.62768, 41.766027971014495], [-87.62768, 41.75153521739131]]]}, "properties": {"chi_id": "9S1E", "chi_ordinate": "\u03c7:9S1E", "name": "Prairie\u201375th chi", "label": "Pra75", "center": [-87.617947, 41.758782]}}, {"type": "Feature", "geometry": {"type": "Polygon", "coordinates": [[[-87.64714585882948, 41.75153521739131], [-87.62768, 41.75153521739131], [-87.62768, 41.766027971014495], [-87.64714585882948, 41.766027971014495], [-87.64714585882948, 41.75153521739131]]]}, "properties": {"chi_id": "9S1W", "chi_ordinate": "\u03c7:9S1W", "name": "Parnell\u201375th chi", "label": "Par75", "center": [-87.637413, 41.758782]}}, {"type": "Feature", "geometry": {"type": "Polygon", "coordinates": [[[-87.60821414117052, 41.75153521739131], [-87.58874828234104, 41.75153521739131], [-87.58874828234104, 41.766027971014495], [-87.60821414117052, 41.766027971014495], [-87.60821414117052, 41.75153521739131]]]}, "properties": {"chi_id": "9S2E", "chi_ordinate": "\u03c7:9S2E", "name": "Woodlawn\u201375th chi", "label": "Woo75", "center": [-87.598481, 41.758782]}}, {"type": "Feature", "geometry": {"type": "Polygon", "coordinates": [[[-87.66661171765895, 41.75153521739131], [-87.64714585882948, 41.75153521739131], [-87.64714585882948, 41.766027971014495], [-87.66661171765895, 41.766027971014495], [-87.66661171765895, 41.75153521739131]]]}, "properties": {"chi_id": "9S2W", "chi_ordinate": "\u03c7:9S2W", "name": "Racine\u201375th chi", "label": "Rac75", "center": [-87.656879, 41.758782]}}, {"type": "Feature", "geometry": {"type": "Polygon", "coordinates": [[[-87.58874828234104, 41.75153521739131], [-87.56928242351157, 41.75153521739131], [-87.56928242351157, 41.766027971014495], [-87.58874828234104, 41.766027971014495], [-87.58874828234104, 41.75153521739131]]]}, "properties": {"chi_id": "9S3E", "chi_ordinate": "\u03c7:9S3E", "name": "Jeffery\u201375th chi", "label": "Jef75", "center": [-87.579015, 41.758782]}}, {"type": "Feature", "geometry": {"type": "Polygon", "coordinates": [[[-87.68607757648843, 41.75153521739131], [-87.66661171765895, 41.75153521739131], [-87.66661171765895, 41.766027971014495], [-87.68607757648843, 41.766027971014495], [-87.68607757648843, 41.75153521739131]]]}, "properties": {"chi_id": "9S3W", "chi_ordinate": "\u03c7:9S3W", "name": "Damen\u201375th chi", "label": "Dam75", "center": [-87.676345, 41.758782]}}, {"type": "Feature", "geometry": {"type": "Polygon", "coordinates": [[[-87.56928242351157, 41.75153521739131], [-87.54981656468209, 41.75153521739131], [-87.54981656468209, 41.766027971014495], [-87.56928242351157, 41.766027971014495], [-87.56928242351157, 41.75153521739131]]]}, "properties": {"chi_id": "9S4E", "chi_ordinate": "\u03c7:9S4E", "name": "Burnham\u201375th chi", "label": "Bur75", "center": [-87.559549, 41.758782]}}, {"type": "Feature", "geometry": {"type": "Polygon", "coordinates": [[[-87.7055434353179, 41.75153521739131], [-87.68607757648843, 41.75153521739131], [-87.68607757648843, 41.766027971014495], [-87.7055434353179, 41.766027971014495], [-87.7055434353179, 41.75153521739131]]]}, "properties": {"chi_id": "9S4W", "chi_ordinate": "\u03c7:9S4W", "name": "California\u201375th chi", "label": "Cal75", "center": [-87.695811, 41.758782]}}, {"type": "Feature", "geometry": {"type": "Polygon", "coordinates": [[[-87.54981656468209, 41.75153521739131], [-87.53035070585261, 41.75153521739131], [-87.53035070585261, 41.766027971014495], [-87.54981656468209, 41.766027971014495], [-87.54981656468209, 41.75153521739131]]]}, "properties": {"chi_id": "9S5E", "chi_ordinate": "\u03c7:9S5E", "name": "Harbor\u201383rd chi", "label": "Har83", "center": [-87.540084, 41.758782]}}, {"type": "Feature", "geometry": {"type": "Polygon", "coordinates": [[[-87.72500929414738, 41.75153521739131], [-87.7055434353179, 41.75153521739131], [-87.7055434353179, 41.766027971014495], [-87.72500929414738, 41.766027971014495], [-87.72500929414738, 41.75153521739131]]]}, "properties": {"chi_id": "9S5W", "chi_ordinate": "\u03c7:9S5W", "name": "Central Park\u201375th chi", "label": "Cen75", "center": [-87.715276, 41.758782]}}, {"type": "Feature", "geometry": {"type": "Polygon", "coordinates": [[[-87.74447515297686, 41.75153521739131], [-87.72500929414738, 41.75153521739131], [-87.72500929414738, 41.766027971014495], [-87.74447515297686, 41.766027971014495], [-87.74447515297686, 41.75153521739131]]]}, "properties": {"chi_id": "9S6W", "chi_ordinate": "\u03c7:9S6W", "name": "Kostner\u201374th chi", "label": "Kos74", "center": [-87.734742, 41.758782]}}]}